{
    "train_loss": [
        0.01801594927267063,
        0.015015959008339724,
        0.01431021661114839,
        0.013986037552722392,
        0.013784958541027608,
        0.013647114572349501,
        0.013544094343126917,
        0.01346115393141296,
        0.013394642461296971,
        0.013338662364000192,
        0.013291388201567294,
        0.013249637159101803,
        0.013213081593893788,
        0.013180878996117714,
        0.013153310202382093,
        0.013127754071007478,
        0.013103882959283934,
        0.013081743673312883,
        0.013062319141224119,
        0.013042426548121166
    ],
    "val_loss": [
        0.015835474407862104,
        0.014532422262524802,
        0.01413908458891369,
        0.013916257828000992,
        0.013774811275421626,
        0.013679383293030754,
        0.013604300362723214,
        0.013547867063492064,
        0.013504754929315476,
        0.013467455667162698,
        0.013438149104042658,
        0.013411022367931548,
        0.013390919518849206,
        0.013371543278769842,
        0.013359190925719246,
        0.013344174339657738,
        0.013327220129588294,
        0.013318743024553572,
        0.013305421859499008,
        0.013297913566468254
    ],
    "accuracy": [
        0.3937719738824711,
        0.4708689100954294,
        0.4977398292315419,
        0.5145655449522852,
        0.5288799598191863,
        0.5374183827222502,
        0.541687594173782,
        0.548216976393772,
        0.5509794073329984,
        0.5534907081868408,
        0.5582621798091412,
        0.559266700150678,
        0.5605223505775992,
        0.5640381717729784,
        0.5640381717729784,
        0.5665494726268206,
        0.5703164239075841,
        0.5705675539929683,
        0.5708186840783526,
        0.5725765946760422
    ],
    "epoch_times": [
        29.282530069351196,
        29.0237238407135,
        29.172502994537354,
        29.44539999961853,
        28.9902822971344,
        29.164057970046997,
        28.94498896598816,
        29.049154043197632,
        29.078572034835815,
        28.911844968795776,
        28.78490710258484,
        28.591834783554077,
        28.555638790130615,
        28.655906915664673,
        28.496679067611694,
        28.50752282142639,
        28.458481073379517,
        28.554736852645874,
        28.465906143188477,
        28.479509115219116
    ]
}