{
    "train_loss": [
        0.018064112751030485,
        0.015009218929735429,
        0.01431096550877109,
        0.013985569491708205,
        0.01378486492882477,
        0.013647723051667945,
        0.013543205027199962,
        0.013460545452094517,
        0.013393425502660084,
        0.013340113353144173,
        0.013290920140553105,
        0.01325150940315855,
        0.013215328286761887,
        0.013182751240174463,
        0.013154339936613305,
        0.013128081713717408,
        0.013104725469109471,
        0.01308258618313842,
        0.01306189788631135,
        0.013043269057946703
    ],
    "val_loss": [
        0.015798417348710316,
        0.014532664465525794,
        0.014134482731894842,
        0.013910444955977182,
        0.013771178230406746,
        0.013672359406001984,
        0.01360139392671131,
        0.013543023003472222,
        0.013498699854290674,
        0.013463338216145834,
        0.013432578435019842,
        0.01340787372891865,
        0.013387044270833334,
        0.013365730406746032,
        0.013354346865699404,
        0.013338119264632936,
        0.01332552470858135,
        0.013314383370535714,
        0.013306148468501984,
        0.013298155769469246
    ],
    "accuracy": [
        0.39552988448016074,
        0.47112004018081366,
        0.49849321948769465,
        0.5173279758915118,
        0.5293822199899548,
        0.538422903063787,
        0.541687594173782,
        0.5467101958814666,
        0.5507282772476143,
        0.554746358613762,
        0.5575087895529884,
        0.5607734806629834,
        0.5620291310899046,
        0.5632847815168257,
        0.5645404319437468,
        0.5665494726268206,
        0.5683073832245102,
        0.5700652938222,
        0.5705675539929683,
        0.5703164239075841
    ],
    "epoch_times": [
        62.834423542022705,
        256.1453330516815,
        256.95972657203674,
        257.6758267879486,
        257.4381203651428,
        258.3924820423126,
        256.31988525390625,
        255.50763702392578,
        253.67722821235657,
        255.84857177734375,
        255.6848120689392,
        258.00272130966187,
        257.60030221939087,
        257.0425798892975,
        258.3173017501831,
        253.51901364326477,
        256.00268745422363,
        253.28294348716736,
        255.28342747688293,
        256.0111322402954
    ]
}