{
    "train_loss": [
        2.31572068103252,
        1.615954954931341,
        1.4634141980504698,
        1.3984969437488017,
        1.358630502150834,
        1.3303433751767397,
        1.308433205072134,
        1.2899677768075393,
        1.2740994786923647,
        1.2604786223429112,
        1.2486844209074244,
        1.238190352551045,
        1.2287680034988497,
        1.2204216799121692,
        1.212664036663032,
        1.2053261037253162,
        1.1986344226298888,
        1.1924529280399252,
        1.1867102874568636,
        1.1810232993283887
    ],
    "val_loss": [
        1.7779950338696677,
        1.5241263253348214,
        1.445737566266741,
        1.4074767582000247,
        1.3855852399553572,
        1.3739456903366816,
        1.3639058915395585,
        1.3559754386780754,
        1.3505384657118056,
        1.342775375124008,
        1.3390275258866569,
        1.3345508878193204,
        1.3311716715494792,
        1.329040285140749,
        1.327332511780754,
        1.3273702954489088,
        1.3243149045913938,
        1.3250945560515872,
        1.3224293542286707,
        1.323212638733879
    ],
    "accuracy": [
        0.5037669512807634,
        0.5743345052737318,
        0.5896534404821697,
        0.5956805625313912,
        0.5989452536413863,
        0.6012054244098443,
        0.6037167252636866,
        0.6062280261175289,
        0.608488196885987,
        0.6097438473129081,
        0.610748367654445,
        0.6122551481667504,
        0.6117528879959819,
        0.6120040180813662,
        0.6122551481667504,
        0.613008538422903,
        0.6135107985936715,
        0.613008538422903,
        0.6122551481667504,
        0.6120040180813662
    ],
    "epoch_times": [
        205.46894931793213,
        204.8793921470642,
        204.8621211051941,
        204.92162895202637,
        205.49039816856384,
        205.24794697761536,
        205.9369511604309,
        205.56738901138306,
        205.15431594848633,
        205.4272906780243,
        205.49036693572998,
        205.073472738266,
        204.92046332359314,
        204.98646092414856,
        363.46525526046753,
        1803.9247119426727,
        1818.1455950737,
        1810.4021797180176,
        1861.5223882198334,
        1793.9964952468872
    ]
}