{"train_loss": [0.012802078595765778], "val_loss": 0.013251244145735844, "val_accuracy": 0.589904570567554, "batch_times": [15.33987283706665, 15.395179986953735, 15.349217653274536, 15.414782047271729, 15.238365173339844, 15.111587762832642, 15.166103839874268, 15.497697114944458, 15.625072956085205, 15.522861003875732, 15.463467121124268, 15.891058921813965, 15.472904205322266, 15.700724840164185, 15.50449800491333, 15.596113920211792, 15.491770029067993, 15.754583835601807, 15.72053599357605, 15.55422592163086, 15.500974178314209, 15.419226884841919, 15.156267881393433, 15.126662969589233, 15.450717210769653, 15.457996129989624, 15.45330810546875, 15.559571027755737, 15.79352617263794, 15.106490135192871, 15.2227041721344, 15.180009841918945, 15.420644044876099, 15.34789490699768, 15.20071792602539, 15.234212160110474, 15.685476064682007, 15.318657159805298, 15.217615842819214, 15.14359712600708, 15.357028245925903, 15.368314266204834, 15.53635287284851, 15.947757959365845, 15.492154121398926, 15.107545852661133, 15.359441757202148, 15.45993185043335, 15.609503984451294, 15.706669092178345, 15.528263807296753, 15.732672929763794, 15.36112093925476, 15.585027933120728, 15.407484292984009, 15.178163766860962, 15.357667207717896, 15.136866092681885, 15.375192165374756, 15.473438262939453, 15.340874195098877, 15.359617948532104, 15.583388805389404, 15.483444929122925, 15.573413848876953, 15.590733051300049, 15.16624903678894, 15.783206939697266, 15.146198034286499, 15.127145051956177, 15.296649932861328, 15.520312070846558, 15.37935495376587, 15.435660123825073, 15.293888807296753, 15.660810947418213, 15.323163270950317, 15.928500175476074, 15.31047511100769, 15.645595073699951, 15.42773723602295, 15.440185070037842, 15.438433170318604, 16.598623991012573, 15.970433235168457, 15.582657098770142, 15.548394918441772, 15.219566106796265, 15.33917498588562, 15.342232942581177, 15.335319995880127, 15.450236320495605, 15.488460779190063, 15.383003234863281, 15.833323001861572, 15.487748861312866, 15.500981092453003, 15.370200872421265, 15.524480819702148, 15.783463954925537, 15.68695592880249, 15.305847644805908, 15.509927988052368, 15.534335136413574, 15.288810968399048, 15.470239877700806, 16.342209815979004, 15.468353033065796, 15.457013845443726, 15.472666025161743, 15.583509683609009, 15.548573970794678, 15.493360757827759, 15.44021224975586, 15.507812023162842, 15.868276119232178, 21.880011796951294, 16.229700088500977, 17.70952081680298, 15.072729110717773, 652.0477459430695, 15.09902310371399, 15.063423871994019, 913.0899019241333, 15.225531339645386, 15.18432903289795, 15.871795177459717, 15.131880283355713, 15.105597972869873, 15.22017502784729, 15.12065315246582, 15.116290092468262, 15.453373908996582, 15.548593997955322, 15.111325979232788, 15.087909936904907, 15.108910083770752, 15.128702878952026, 15.054322957992554, 957.100359916687, 14.913107872009277, 14.999871015548706, 15.170146942138672, 14.986572027206421, 15.013864994049072, 15.688920021057129, 15.092435836791992, 15.100966930389404, 15.084988832473755, 15.09853482246399, 15.084320068359375, 1018.3164629936218, 14.971855163574219, 15.027534246444702, 14.967010736465454, 1086.8297531604767, 15.420699119567871, 14.997967958450317, 14.996220111846924, 14.918110132217407, 14.936298370361328, 15.020423173904419, 15.04513168334961, 15.017081022262573, 15.02666711807251, 15.04854416847229, 15.099585056304932, 15.0801100730896, 15.08080267906189, 15.054627895355225, 15.03033185005188, 15.059227705001831, 15.045350790023804, 15.151012182235718, 15.0506432056427, 15.071913003921509, 15.047820091247559, 15.186287879943848, 15.044734954833984, 15.05840802192688, 15.049818277359009, 15.11005687713623, 15.048098802566528, 15.068677186965942, 15.699076890945435, 15.117014169692993, 15.069447040557861, 15.131181240081787, 15.13670802116394, 15.078283071517944, 15.067194938659668, 15.118721961975098, 15.066964864730835, 15.090691089630127, 15.056686878204346, 15.115623950958252, 15.058079957962036, 15.396119117736816, 15.102222919464111, 15.095363140106201, 15.194033861160278, 15.137017011642456, 15.088335275650024, 15.088145971298218, 15.049808263778687, 15.11812710762024, 15.049147844314575, 15.060696125030518, 15.242054224014282, 15.078798770904541, 15.057661056518555, 15.082520008087158, 15.164727926254272, 15.080183029174805, 15.07298493385315, 15.078863143920898, 15.702031135559082, 15.764473915100098, 16.734678745269775, 15.168406009674072, 15.149410009384155, 15.091933012008667, 15.075979232788086, 15.043101072311401, 15.729124307632446, 15.054609060287476, 15.064002990722656, 15.060965061187744, 15.150406122207642, 15.064011096954346, 15.086073875427246, 15.063169956207275, 15.153615951538086, 15.06145691871643, 15.075199127197266, 15.059494018554688, 15.124681949615479, 15.055079936981201, 15.137178182601929, 15.114391803741455, 15.115315198898315, 15.060148000717163, 15.077747106552124, 15.057350158691406, 15.122262716293335, 15.057536125183105, 15.070540189743042, 15.077338933944702, 15.070503234863281, 15.08133602142334, 15.128222942352295, 15.057148218154907, 15.109654903411865, 15.348833084106445, 15.086740970611572, 15.064912796020508, 15.067131757736206, 15.134837865829468, 15.06350302696228, 15.121269702911377, 15.069744110107422, 15.655050039291382, 15.082428932189941, 15.44498586654663, 15.265001058578491, 15.074974060058594, 15.0728440284729, 15.136170148849487, 15.068737030029297, 15.062299013137817, 15.066274642944336, 15.076022148132324, 15.166157960891724, 15.112615823745728, 15.076390981674194, 15.064927101135254, 15.063892126083374, 15.061672925949097, 15.066540002822876, 15.259713888168335, 15.070796728134155, 15.854506969451904, 16.176846265792847, 16.324211835861206, 16.52282691001892, 16.794382095336914, 16.775876998901367, 16.752490043640137, 16.57138991355896, 16.518490076065063, 16.299964904785156, 16.33228588104248, 16.262614965438843, 16.44945001602173, 16.58708381652832, 16.553282976150513, 16.602620840072632, 16.49141502380371, 16.717150926589966, 16.818042039871216, 17.012022018432617, 18.11993098258972, 17.34462809562683, 17.179964065551758, 17.112027883529663, 17.157889127731323, 16.824845790863037, 16.77836585044861, 16.68750810623169, 16.62348484992981, 16.575144290924072, 16.866863012313843, 17.219655990600586, 17.569307804107666, 17.48458695411682, 17.57646083831787, 17.65585494041443, 17.687230110168457, 17.586668968200684, 17.371053218841553, 17.280863046646118, 17.246500253677368, 17.19904398918152, 17.40286087989807, 17.443411827087402, 17.57540011405945, 8.653512954711914]}