{"train_loss": [0.012889630554418066], "val_loss": 0.01324874008175771, "val_accuracy": 0.5826217980914113, "batch_times": [15.331393718719482, 15.40565800666809, 15.155768156051636, 15.113744020462036, 15.211087226867676, 15.33427906036377, 15.273190975189209, 15.718732118606567, 15.255727767944336, 15.289506912231445, 15.44356918334961, 15.434970140457153, 15.433491945266724, 15.293328762054443, 15.307944774627686, 16.26632595062256, 15.244674921035767, 15.201761960983276, 15.43555498123169, 15.46622109413147, 15.362826824188232, 15.300653219223022, 15.92831802368164, 15.293226957321167, 15.476310968399048, 15.716273069381714, 15.224600076675415, 15.157827854156494, 15.227485179901123, 15.20316767692566, 15.273345947265625, 15.376857995986938, 15.742277145385742, 15.222938776016235, 15.409127950668335, 15.53035593032837, 15.23325490951538, 15.639647006988525, 15.235903024673462, 15.54272198677063, 15.440943956375122, 15.55107593536377, 15.291473865509033, 15.271627187728882, 15.300219774246216, 15.571049213409424, 15.806561708450317, 15.642870903015137, 15.449725151062012, 15.450475692749023, 15.335341930389404, 15.21411919593811, 15.097862720489502, 15.533531904220581, 16.23360514640808, 16.106459856033325, 15.334725141525269, 15.41043210029602, 15.224471807479858, 15.2053701877594, 15.179419040679932, 15.43641185760498, 15.143465757369995, 15.177679777145386, 15.526317119598389, 15.660544872283936, 15.457868814468384, 15.199463367462158, 15.194918870925903, 15.215630054473877, 15.210427045822144, 15.236443042755127, 15.28176474571228, 15.325070142745972, 15.44679307937622, 15.56335997581482, 15.342317819595337, 15.230013847351074, 15.173988103866577, 15.184061765670776, 15.27166485786438, 15.274128913879395, 15.379729986190796, 15.208379030227661, 15.219153881072998, 15.222357034683228, 15.218954086303711, 15.495840072631836, 15.275761842727661, 15.322876930236816, 15.2015221118927, 15.291395902633667, 15.215466022491455, 16.498377084732056, 15.244348764419556, 15.51462197303772, 15.401928901672363, 15.340643882751465, 15.211786031723022, 15.303056955337524, 15.593342781066895, 15.21832013130188, 15.20304274559021, 15.404807090759277, 15.533596754074097, 15.334410905838013, 15.260796070098877, 15.593700885772705, 15.515114068984985, 15.736176013946533, 15.190571069717407, 15.404587984085083, 15.443084716796875, 15.333623170852661, 15.404846906661987, 15.334014892578125, 15.293325185775757, 15.425864934921265, 15.709327697753906, 15.468999147415161, 15.996337890625, 15.316963911056519, 15.396207094192505, 15.376820087432861, 15.36595106124878, 15.257431030273438, 15.23807692527771, 15.176417112350464, 15.119331121444702, 15.09244704246521, 15.206934690475464, 15.113397121429443, 16.14335584640503, 15.505937814712524, 15.35726523399353, 15.351444244384766, 15.94985580444336, 15.479865789413452, 15.377250909805298, 15.274225950241089, 15.454877853393555, 15.329996109008789, 15.170329809188843, 15.550548076629639, 15.479407787322998, 16.064435958862305, 15.294128894805908, 15.319972038269043, 15.773254156112671, 15.221150875091553, 15.319593906402588, 15.292959213256836, 15.22500205039978, 15.52656888961792, 15.310307264328003, 15.29740285873413, 15.349632024765015, 15.261582851409912, 16.336506843566895, 15.354838132858276, 15.117954969406128, 15.086525917053223, 15.12306523323059, 15.09437084197998, 15.100459814071655, 15.126441955566406, 15.162122964859009, 15.500245809555054, 15.124513149261475, 15.090394258499146, 15.095457077026367, 15.757937908172607, 15.11912989616394, 15.093892097473145, 15.106095790863037, 15.186595916748047, 15.172727584838867, 15.087751150131226, 15.101564168930054, 15.103466987609863, 15.10638689994812, 15.095867156982422, 15.091998815536499, 15.09220004081726, 15.134762048721313, 15.095845937728882, 15.098825216293335, 15.102429866790771, 15.117132663726807, 15.089775085449219, 15.10105299949646, 15.174391031265259, 15.108438968658447, 16.65958309173584, 15.269872903823853, 15.249675989151001, 15.231525897979736, 15.127508878707886, 15.105639934539795, 15.380954265594482, 15.171210289001465, 15.688147068023682, 15.106734991073608, 15.088871002197266, 15.118375062942505, 308.2873468399048, 15.109972953796387, 15.023557901382446, 169.622239112854, 15.108943939208984, 15.048827171325684, 968.1876268386841, 15.24443006515503, 15.027166843414307, 913.1720910072327, 15.071196794509888, 14.987746953964233, 51.978277921676636, 15.070391178131104, 14.954601049423218, 1001.034010887146, 15.397650957107544, 15.164985179901123, 15.144672155380249, 14.974437952041626, 14.984831094741821, 15.046219825744629, 15.032711029052734, 15.064481973648071, 15.073514938354492, 15.124492168426514, 15.08614206314087, 15.142329692840576, 15.10873794555664, 15.119629621505737, 15.126971960067749, 15.105305910110474, 15.11637568473816, 15.096767902374268, 15.115664958953857, 15.103841781616211, 15.123322010040283, 15.104537963867188, 15.170315980911255, 15.085116863250732, 15.093714952468872, 15.07640790939331, 15.096075773239136, 15.11099100112915, 15.08839201927185, 15.73625922203064, 15.097740888595581, 15.080923795700073, 15.094983100891113, 15.09346604347229, 15.10921597480774, 15.076298952102661, 15.092960119247437, 15.079308032989502, 15.09190821647644, 15.080644845962524, 15.099295854568481, 15.08568525314331, 15.146181106567383, 15.078595161437988, 15.096266984939575, 15.079334020614624, 15.096781730651855, 15.079893112182617, 15.11364197731018, 15.108893871307373, 15.101372957229614, 15.078699111938477, 15.104970932006836, 15.09094524383545, 15.096544027328491, 15.075495958328247, 15.092113971710205, 15.084321975708008, 15.08867597579956, 15.08435606956482, 15.09024715423584, 15.082018852233887, 15.086527109146118, 15.12641716003418, 15.09070086479187, 15.087638139724731, 15.086363077163696, 15.082338809967041, 15.092543840408325, 15.703261852264404, 15.091088056564331, 15.083186864852905, 15.092150926589966, 15.116499900817871, 15.097062110900879, 15.084797143936157, 15.089381694793701, 15.084221839904785, 15.086517095565796, 15.082200050354004, 15.084397077560425, 15.108743906021118, 15.092686891555786, 15.126313924789429, 15.088566064834595, 15.089317798614502, 15.089112043380737, 15.101557970046997, 15.100843667984009, 15.097691059112549, 15.09797716140747, 15.087474822998047, 15.087449789047241, 15.130239963531494, 15.14542007446289, 15.111329078674316, 15.126169681549072, 15.117743015289307, 15.13064980506897, 15.115110158920288, 15.131501197814941, 15.108916997909546, 15.12909984588623, 15.105957984924316, 15.17365288734436, 7.316633939743042]}