{"train_loss": [0.016787586142992198], "val_loss": 0.014696832245617603, "val_accuracy": 0.5042692114515319, "batch_times": [15.375602722167969, 14.968845844268799, 14.989645004272461, 14.986012935638428, 15.015878200531006, 15.052472114562988, 15.064110279083252, 15.044481039047241, 15.143452882766724, 15.04460883140564, 15.035869836807251, 15.028403043746948, 15.065372943878174, 15.025834083557129, 15.032239198684692, 15.025810956954956, 15.620007753372192, 15.024585008621216, 15.038450002670288, 15.053995132446289, 15.032763957977295, 15.028127193450928, 15.03500509262085, 15.026912689208984, 15.0275719165802, 15.02609920501709, 15.036672115325928, 15.024127960205078, 15.029896259307861, 15.02426290512085, 15.030171871185303, 15.027384996414185, 15.031181812286377, 15.027314901351929, 15.059112071990967, 15.023716926574707, 15.030586004257202, 15.026533842086792, 15.044991970062256, 15.065382719039917, 15.109584093093872, 15.416352033615112, 15.04075288772583, 15.031388998031616, 15.152612209320068, 16.903416872024536, 15.881873846054077, 15.246421098709106, 15.024971008300781, 15.055462837219238, 15.024494886398315, 15.072859048843384, 15.02834701538086, 15.936688899993896, 15.073163032531738, 15.046051979064941, 15.589643955230713, 15.086148738861084, 15.04534912109375, 15.796225786209106, 15.412365913391113, 15.363961935043335, 15.346611976623535, 15.405977010726929, 15.396871089935303, 15.465168952941895, 15.27777886390686, 15.380289793014526, 15.098567247390747, 15.110692262649536, 15.095930099487305, 15.111672639846802, 15.094076156616211, 15.140870094299316, 15.096350908279419, 15.106038808822632, 15.096252918243408, 15.435750007629395, 15.095577001571655, 15.152596235275269, 16.08686399459839, 15.823662996292114, 15.1062593460083, 15.114171981811523, 15.105385065078735, 15.101165056228638, 15.098000764846802, 15.105090141296387, 15.137511968612671, 15.26324987411499, 15.10720419883728, 15.101809024810791, 15.095988035202026, 15.11148715019226, 15.09974193572998, 15.71651315689087, 15.095880031585693, 15.119318962097168, 15.132367849349976, 15.10713005065918, 15.103914976119995, 15.112163066864014, 15.150944948196411, 15.117897987365723, 15.10349178314209, 15.121697902679443, 15.100353956222534, 15.10653305053711, 15.136080980300903, 15.103170156478882, 15.096045017242432, 15.105047941207886, 15.093817949295044, 15.103243827819824, 15.102471828460693, 15.104952812194824, 15.100159168243408, 15.115087747573853, 15.137582063674927, 15.106559991836548, 15.097193241119385, 15.114534854888916, 15.133843898773193, 15.099687099456787, 15.094823122024536, 15.113593816757202, 15.099741220474243, 15.1060049533844, 15.10017704963684, 15.104322671890259, 15.09678316116333, 15.105188846588135, 15.103965282440186, 15.106297254562378, 15.100551843643188, 15.631410121917725, 15.100230932235718, 15.103172779083252, 15.140427112579346, 15.112909078598022, 15.099973917007446, 15.127936601638794, 15.28324818611145, 15.100567102432251, 884.5555219650269, 15.130827903747559, 15.26798415184021, 15.027493953704834, 14.999932765960693, 15.02485990524292, 15.041636228561401, 15.091742992401123, 15.087409734725952, 15.098737001419067, 15.29827618598938, 15.101656913757324, 15.103791952133179, 15.103265047073364, 15.10218596458435, 15.105090856552124, 15.142009973526001, 15.105396032333374, 15.099907159805298, 15.109884262084961, 15.094115734100342, 15.100460052490234, 15.110980033874512, 15.099701166152954, 15.097416162490845, 15.106062650680542, 15.096168994903564, 15.112458944320679, 15.095088958740234, 15.110719919204712, 15.68337082862854, 15.107671022415161, 15.101178884506226, 15.113924026489258, 15.092270851135254, 15.139894008636475, 15.154013872146606, 15.15534520149231, 15.137431621551514, 15.531665086746216, 15.563984155654907, 15.111196756362915, 15.107945919036865, 15.239460945129395, 15.300560235977173, 15.175995111465454, 15.146520137786865, 15.122757196426392, 15.390090227127075, 15.112751245498657, 15.113270044326782, 15.094953060150146, 15.118589878082275, 15.097524166107178, 15.115689992904663, 15.104383945465088, 15.145972967147827, 15.09602403640747, 15.112845182418823, 15.159576177597046, 15.218003988265991, 15.197264909744263, 17.139427185058594, 15.649895191192627, 15.56229305267334, 15.54203200340271, 15.544279098510742, 15.119807958602905, 15.113087892532349, 15.746635913848877, 15.154646158218384, 15.114481925964355, 15.10335898399353, 15.111704111099243, 15.1175217628479, 15.156737089157104, 15.10870623588562, 15.117600917816162, 15.101783990859985, 15.094890117645264, 15.354532718658447, 15.151448011398315, 15.556435108184814, 15.106246948242188, 15.103909969329834, 15.245442152023315, 321.9477062225342, 15.289008140563965, 15.34089183807373, 15.343950033187866, 15.092869997024536, 15.139956951141357, 393.82280707359314, 15.06383490562439, 15.007251977920532, 672.8048040866852, 15.049586057662964, 15.012217998504639, 15.027221918106079, 15.09928297996521, 15.085849046707153, 15.106075048446655, 15.08983302116394, 15.09874701499939, 15.094995975494385, 15.184499979019165, 15.10342788696289, 313.27246618270874, 15.042462348937988, 15.640513896942139, 14.982909202575684, 15.083820104598999, 15.089046001434326, 15.093629121780396, 15.088653087615967, 15.093990087509155, 15.092944145202637, 15.097443103790283, 15.090215921401978, 389.87588572502136, 15.512880086898804, 15.521492004394531, 15.198806047439575, 15.051533937454224, 15.083060026168823, 971.7378399372101, 15.098297119140625, 15.013482093811035, 637.9226648807526, 14.90566086769104, 15.038949966430664, 14.973497152328491, 1004.7380821704865, 14.940515756607056, 15.14425802230835, 15.025556087493896, 14.952238082885742, 14.984725952148438, 15.01334285736084, 15.10570502281189, 15.032896995544434, 15.044018030166626, 15.09258484840393, 15.074319839477539, 15.113179206848145, 15.07989501953125, 15.089558839797974, 15.125413179397583, 15.117702960968018, 15.757607221603394, 849.2124869823456, 14.91866421699524, 15.184729814529419, 920.4242491722107, 15.012614011764526, 14.943274974822998, 15.031944990158081, 14.937612056732178, 14.957267999649048, 14.967480897903442, 15.025866985321045, 15.048781156539917, 15.107244968414307, 15.070761919021606, 15.084571838378906, 15.058418989181519, 15.092748165130615, 15.074912071228027, 15.091166973114014, 15.085724830627441, 15.094817161560059, 15.137035846710205, 940.2050800323486, 14.914960145950317, 14.971690893173218, 549.7650239467621, 15.026887893676758, 14.94594931602478, 646.0862798690796, 14.891395092010498, 15.003156900405884, 14.942361116409302, 7.221092224121094]}