{"train_loss": [0.013368881494512402], "val_loss": 0.013475319620012785, "val_accuracy": 0.5770969362129583, "batch_times": [20.470376014709473, 20.51422619819641, 20.502084970474243, 20.84669017791748, 22.330838918685913, 23.54415988922119, 24.24184012413025, 24.50650715827942, 23.781267881393433, 23.320698022842407, 23.010030031204224, 22.857785940170288, 23.17936110496521, 22.930315017700195, 22.263930082321167, 20.966156005859375, 20.209229230880737, 19.954276084899902, 19.986337184906006, 19.921109914779663, 20.024264812469482, 20.146610260009766, 20.248591899871826, 21.718576908111572, 20.483673095703125, 20.57147479057312, 20.772474765777588, 20.70144510269165, 20.97822594642639, 22.051270961761475, 23.45593500137329, 24.260003089904785, 24.72879981994629, 23.991256952285767, 23.353423833847046, 23.32129192352295, 22.865686178207397, 22.998257875442505, 22.664260864257812, 22.078996896743774, 20.801953077316284, 20.20935297012329, 20.0361111164093, 19.94377899169922, 20.021724224090576, 20.161685705184937, 20.2362802028656, 20.343706130981445, 20.42470121383667, 20.819499015808105, 20.55757737159729, 21.84145212173462, 21.40086007118225, 22.88773798942566, 24.308210849761963, 24.528852939605713, 24.253430604934692, 23.582428216934204, 23.24527072906494, 23.147183179855347, 23.075448751449585, 22.794362783432007, 23.32594609260559, 21.98689079284668, 20.693243265151978, 20.319211959838867, 20.04253387451172, 20.140823125839233, 19.992011785507202, 20.101271867752075, 20.210325002670288, 20.438411235809326, 20.39898180961609, 20.39525294303894, 20.420138120651245, 20.56280493736267, 21.108684062957764, 22.323569297790527, 25.32905602455139, 24.571818590164185, 24.520912170410156, 24.297960996627808, 23.48168921470642, 23.121541261672974, 23.22393798828125, 23.0292010307312, 23.121100664138794, 21.67971706390381, 20.583982944488525, 20.078243255615234, 19.886109113693237, 19.93384099006653, 20.034531116485596, 20.09727168083191, 20.26159119606018, 20.519779205322266, 20.603806257247925, 20.485948085784912, 20.53332781791687, 20.56010890007019, 20.784116983413696, 22.234647750854492, 23.824756860733032, 24.79011631011963, 24.59815788269043, 25.58772921562195, 23.639816999435425, 23.179889917373657, 23.190699815750122, 22.715895891189575, 22.71229887008667, 22.52025294303894, 21.101530075073242, 20.420064687728882, 20.258588314056396, 19.975735664367676, 20.003427028656006, 20.121489763259888, 20.191982984542847, 20.26985216140747, 20.337878942489624, 20.406699180603027, 20.46355891227722, 20.82340931892395, 22.13352394104004, 23.838534832000732, 24.630107879638672, 24.544147968292236, 23.999459743499756, 23.53189516067505, 23.021964073181152, 22.954307794570923, 22.180188179016113, 21.859793186187744, 20.48615789413452, 20.337687969207764, 19.602516889572144, 18.793139934539795, 18.487591981887817, 18.556679010391235, 18.44401502609253, 18.483275175094604, 18.487242221832275, 18.674607038497925, 18.685945987701416, 18.721696138381958, 18.85259985923767, 19.050457239151, 19.292553901672363, 18.828528881072998, 19.23583698272705, 19.977135181427002, 20.766422748565674, 20.88361120223999, 20.96626091003418, 21.013571739196777, 21.162580013275146, 20.441410064697266, 20.391050815582275, 20.293302059173584, 20.233839988708496, 20.27693009376526, 20.270946979522705, 21.351025819778442, 19.24855399131775, 18.68211817741394, 18.432339906692505, 18.55728793144226, 18.459723949432373, 18.57184600830078, 18.65241765975952, 18.60381507873535, 18.7221257686615, 18.72731113433838, 18.794853925704956, 18.758898973464966, 18.92579936981201, 19.72326898574829, 20.324188947677612, 20.677510976791382, 21.0057852268219, 21.00296711921692, 21.029531955718994, 20.611860990524292, 20.526558876037598, 20.453290939331055, 20.3546040058136, 20.419124126434326, 20.409857988357544, 20.383753299713135, 20.357283115386963, 19.92066502571106, 19.281075954437256, 18.67418909072876, 19.69392418861389, 18.379310131072998, 18.43491792678833, 18.541325092315674, 18.557050943374634, 18.558723211288452, 18.654071807861328, 18.707947969436646, 18.69580578804016, 18.82334303855896, 18.82828712463379, 18.907620906829834, 19.644031047821045, 21.145111083984375, 20.78952407836914, 21.02730393409729, 21.06198501586914, 20.8024799823761, 20.72074007987976, 20.60048818588257, 20.308250904083252, 20.475072145462036, 20.317317724227905, 20.317566871643066, 20.273470878601074, 20.336384057998657, 20.41063094139099, 20.42866611480713, 20.535129070281982, 20.41428017616272, 20.810843229293823, 18.78174114227295, 18.437466859817505, 18.37818694114685, 18.446537971496582, 18.335726976394653, 18.45714521408081, 18.537696838378906, 18.625645875930786, 18.813039302825928, 18.759106874465942, 18.916106939315796, 18.900032997131348, 19.29136896133423, 20.08609104156494, 20.7912540435791, 20.931273937225342, 21.116851806640625, 20.92852282524109, 20.949564933776855, 21.618616819381714, 20.444949865341187, 20.565970182418823, 20.3424391746521, 20.40988802909851, 20.404091119766235, 20.32563304901123, 20.39423680305481, 19.956992864608765, 19.150168657302856, 19.889403104782104, 18.49522304534912, 18.360164165496826, 18.44923710823059, 18.595820665359497, 18.540045022964478, 18.57497000694275, 18.603147983551025, 18.696813106536865, 18.726564168930054, 18.763482093811035, 18.954317092895508, 19.463263988494873, 20.14624810218811, 20.65678834915161, 20.907467126846313, 21.011900186538696, 20.839885234832764, 20.646316051483154, 20.69401788711548, 20.525062084197998, 20.42802667617798, 20.30139994621277, 20.375823736190796, 20.3421528339386, 20.28744912147522, 20.39847493171692, 20.403690099716187, 20.093245029449463, 19.52794909477234, 18.9015531539917, 19.815420866012573, 18.58620285987854, 18.379884958267212, 18.550036907196045, 18.544496059417725, 18.574288845062256, 18.65607976913452, 18.773295879364014, 18.740764141082764, 18.81286096572876, 18.783928871154785, 19.250155925750732, 20.088902950286865, 20.536169290542603, 20.921054124832153, 21.045118808746338, 20.96132802963257, 20.734445095062256, 20.597116231918335, 20.71551275253296, 20.298834800720215, 20.34781503677368, 20.442552089691162, 20.459763288497925, 20.371140956878662, 20.429188013076782, 20.37380814552307, 20.41929292678833, 20.463049173355103, 19.66217803955078, 20.187185764312744, 18.559783935546875, 18.37884211540222, 18.46980619430542, 18.583436012268066, 18.488772869110107, 18.552881240844727, 18.582611322402954, 18.8542537689209, 24.634288787841797, 24.52789306640625, 11.793309926986694]}