{"train_loss": [0.013087949223172909], "val_loss": 0.013311255973132279, "val_accuracy": 0.5803616273229533, "batch_times": [15.126467943191528, 15.108511924743652, 15.121911764144897, 15.169796228408813, 15.15496301651001, 15.102404832839966, 15.113677024841309, 15.108442068099976, 15.148600101470947, 15.09732985496521, 15.410269260406494, 15.187587976455688, 15.13762903213501, 15.126651048660278, 15.131539821624756, 15.124409675598145, 15.1401047706604, 15.15046501159668, 15.149055004119873, 15.125829935073853, 15.100368976593018, 15.12074089050293, 15.160043001174927, 15.130422830581665, 15.100482940673828, 15.336234092712402, 15.731637001037598, 15.133015871047974, 15.119894981384277, 15.132028818130493, 15.127867221832275, 15.156744956970215, 15.105341911315918, 15.116157054901123, 15.105365991592407, 15.112256050109863, 15.102736949920654, 15.12607216835022, 15.122238874435425, 15.169028043746948, 15.434795141220093, 15.16187596321106, 15.096728801727295, 15.106486082077026, 15.134176015853882, 15.18878984451294, 15.113258123397827, 15.164888143539429, 15.111161231994629, 15.111127138137817, 15.111124038696289, 15.168722867965698, 15.102844953536987, 15.117697954177856, 15.109217882156372, 15.101264953613281, 15.094257116317749, 15.14030408859253, 15.311447143554688, 15.099000930786133, 22.17337393760681, 936.4481739997864, 15.077194929122925, 14.996143102645874, 15.55029296875, 15.035319805145264, 15.058539152145386, 15.241984605789185, 15.113013982772827, 15.160260915756226, 15.176650047302246, 15.112036943435669, 15.102323293685913, 15.124037027359009, 15.10345983505249, 15.09771203994751, 15.098697900772095, 15.106886148452759, 15.084243059158325, 15.131753921508789, 15.101115942001343, 15.108059167861938, 15.115787029266357, 15.111891984939575, 15.104946374893188, 15.108967781066895, 15.096937894821167, 15.278823137283325, 15.114064931869507, 15.153363943099976, 15.094641923904419, 15.109392881393433, 15.096175193786621, 15.107303857803345, 15.119515895843506, 15.12455701828003, 15.098402976989746, 15.107997179031372, 15.096626281738281, 15.106470823287964, 15.096894979476929, 15.107128858566284, 15.1215660572052, 15.679075956344604, 15.10417628288269, 15.109787225723267, 15.098785638809204, 15.145171165466309, 15.133281946182251, 15.115576982498169, 15.107651710510254, 15.109153985977173, 15.105344772338867, 15.095990180969238, 15.10313606262207, 15.096863031387329, 15.106422901153564, 15.095979928970337, 15.104141235351562, 15.104048728942871, 15.106634855270386, 15.097953081130981, 15.101550102233887, 15.102902173995972, 15.108794927597046, 15.096315145492554, 15.111364126205444, 15.12040400505066, 15.150777101516724, 15.100926160812378, 15.117931127548218, 15.09622573852539, 15.11094617843628, 15.098461866378784, 15.104259967803955, 15.098500728607178, 15.158576250076294, 15.095647096633911, 15.106375932693481, 15.09740400314331, 15.11055302619934, 15.095402002334595, 15.108251810073853, 15.657028913497925, 15.135071039199829, 15.096903085708618, 15.134829044342041, 15.10558795928955, 15.15181589126587, 15.09892201423645, 15.104921102523804, 15.095407962799072, 15.102532148361206, 15.095778226852417, 15.105240821838379, 15.096415042877197, 15.103330135345459, 15.123723030090332, 15.130079984664917, 15.096421957015991, 15.110129117965698, 15.1007559299469, 15.110716104507446, 15.094196081161499, 15.104480981826782, 15.095049381256104, 15.133684873580933, 15.106568813323975, 15.174093961715698, 15.095623970031738, 15.107454061508179, 15.096989870071411, 15.103414058685303, 15.110680103302002, 15.101351976394653, 15.097116947174072, 15.134211778640747, 15.094038963317871, 15.106580972671509, 15.094848871231079, 15.11572527885437, 15.095499038696289, 15.102905988693237, 15.672528982162476, 15.104307889938354, 15.094390869140625, 15.12920093536377, 15.106412172317505, 15.150521039962769, 15.115633964538574, 15.122522830963135, 15.117004156112671, 15.107287883758545, 15.09496021270752, 15.103068828582764, 15.0958993434906, 15.102489948272705, 15.096834897994995, 15.101233959197998, 15.175561904907227, 15.10329270362854, 15.096521854400635, 15.113602876663208, 15.095676183700562, 15.107045888900757, 15.094110012054443, 15.138612985610962, 15.103950023651123, 15.209914922714233, 15.097186088562012, 15.104135990142822, 15.095471858978271, 15.104984045028687, 15.0956289768219, 15.103142738342285, 15.095683097839355, 15.118836164474487, 15.096282005310059, 15.105565071105957, 15.1061110496521, 15.12701416015625, 15.128307104110718, 15.715096235275269, 15.09538197517395, 15.103395223617554, 15.097750902175903, 15.140811920166016, 15.137334108352661, 15.108773946762085, 15.097193002700806, 15.10510516166687, 15.097254037857056, 15.100667953491211, 15.364550113677979, 15.797552108764648, 15.950271129608154, 16.038233041763306, 16.033879041671753, 16.030985832214355, 16.02501392364502, 15.979076862335205, 16.086279153823853, 15.944238901138306, 15.986027956008911, 15.938148975372314, 16.078434944152832, 16.048003911972046, 16.087215900421143, 16.000059843063354, 15.971966028213501, 15.7194082736969, 15.316787004470825, 15.351344108581543, 15.112836837768555, 15.094754219055176, 15.103299140930176, 15.097908973693848, 15.106175899505615, 15.125585794448853, 15.099325180053711, 15.096756219863892, 15.71857213973999, 15.09661602973938, 15.105455160140991, 15.126821994781494, 15.554052114486694, 15.760638236999512, 15.601892232894897, 15.62277889251709, 15.536340951919556, 15.427512168884277, 15.292720079421997, 15.384368896484375, 15.301908016204834, 15.468060970306396, 15.398530960083008, 15.434268951416016, 15.368104934692383, 15.353959798812866, 15.305008888244629, 15.347965240478516, 15.297486066818237, 15.415959119796753, 15.749867916107178, 15.626122951507568, 15.58084511756897, 15.457640171051025, 15.432971000671387, 15.376317977905273, 15.238919019699097, 15.38310718536377, 15.44686508178711, 15.462361812591553, 15.357057094573975, 15.543967962265015, 15.521069049835205, 15.484749794006348, 15.441629886627197, 15.448366165161133, 15.51250410079956, 16.314507007598877, 15.392318964004517, 15.26078200340271, 15.551465034484863, 15.712347030639648, 16.21458888053894, 16.20549988746643, 16.448572874069214, 16.402397871017456, 16.530848026275635, 16.37092900276184, 16.37505602836609, 16.245506048202515, 16.221921920776367, 16.0595920085907, 15.625988245010376, 15.187435150146484, 15.10395073890686, 15.106131792068481, 15.09342885017395, 15.10156798362732, 15.09589695930481, 15.158060073852539, 15.110384225845337, 15.147042989730835, 15.102305889129639, 7.31222677230835]}