{"train_loss": [0.012853992884619084], "val_loss": 0.013229811616572074, "val_accuracy": 0.5873932697137118, "batch_times": [15.525699138641357, 15.30817198753357, 15.438353061676025, 15.44293999671936, 15.486769914627075, 15.379801034927368, 15.396468877792358, 15.296348094940186, 15.328874111175537, 15.284578084945679, 15.36526107788086, 15.3833589553833, 15.531258821487427, 16.298365116119385, 15.524664163589478, 15.383111953735352, 15.315938949584961, 15.384692192077637, 15.365910768508911, 15.425161123275757, 15.501435279846191, 15.48503303527832, 15.600560903549194, 15.536010980606079, 15.342550039291382, 15.55088472366333, 15.344218254089355, 15.431550025939941, 15.326399087905884, 15.45904803276062, 15.317620992660522, 15.406256914138794, 15.416654109954834, 15.335870265960693, 15.30982232093811, 15.406941890716553, 15.248510837554932, 15.317036628723145, 16.21577501296997, 15.465306282043457, 15.337926864624023, 15.810008764266968, 15.373074293136597, 15.447558164596558, 15.373743772506714, 15.532498836517334, 15.265106916427612, 15.644308805465698, 15.272048711776733, 15.517576932907104, 15.328161001205444, 15.634613990783691, 15.34836196899414, 15.484814643859863, 15.275254964828491, 15.343857049942017, 15.306502103805542, 16.09259009361267, 15.963228940963745, 15.451525926589966, 15.523417949676514, 15.696907043457031, 15.37995982170105, 15.349732160568237, 15.351630926132202, 15.359462976455688, 15.422997951507568, 15.372750043869019, 16.13994598388672, 16.04410982131958, 16.283010959625244, 16.085022926330566, 16.159351587295532, 15.582715272903442, 15.208517789840698, 15.072131633758545, 15.093984842300415, 15.822457790374756, 15.078732967376709, 15.088110208511353, 15.091635942459106, 15.135355949401855, 15.076815128326416, 15.083967924118042, 15.08073878288269, 15.10277509689331, 15.076739072799683, 15.09055495262146, 15.074331760406494, 15.09210991859436, 15.093270063400269, 15.090528964996338, 15.071749210357666, 15.09363579750061, 15.073819160461426, 15.089016914367676, 15.073207139968872, 15.088581085205078, 15.070321083068848, 15.085186958312988, 15.083872079849243, 15.143777847290039, 15.078769207000732, 15.086112022399902, 15.074990034103394, 15.088937997817993, 15.071777105331421, 15.084532022476196, 15.073850154876709, 15.09207820892334, 15.09866189956665, 15.091150045394897, 15.077162981033325, 15.09653615951538, 15.072924137115479, 15.085803747177124, 15.78948712348938, 15.088989973068237, 15.071176767349243, 15.088521957397461, 15.091853857040405, 15.130573987960815, 15.082980871200562, 15.08192491531372, 15.07638692855835, 15.07896113395691, 15.077203273773193, 15.081212043762207, 15.076299905776978, 15.078651905059814, 15.161998987197876, 15.080386877059937, 15.19818902015686, 15.497064113616943, 15.785196781158447, 15.89822793006897, 15.954615116119385, 15.911953926086426, 15.82089614868164, 15.79724907875061, 15.84460186958313, 15.955035924911499, 15.682649850845337, 15.686258316040039, 15.833789110183716, 15.722399950027466, 15.743718147277832, 15.732933282852173, 15.94032907485962, 15.934771060943604, 15.807046890258789, 15.767908096313477, 15.916603803634644, 15.63047194480896, 15.133065938949585, 15.926706314086914, 15.121762037277222, 15.07747507095337, 15.088014841079712, 15.086344003677368, 15.153489112854004, 15.130927085876465, 15.087943077087402, 15.071844816207886, 15.090245008468628, 15.099262952804565, 15.098359823226929, 15.071655035018921, 15.121837139129639, 15.078758239746094, 15.10231614112854, 15.072369813919067, 15.092308044433594, 15.069212913513184, 15.088833093643188, 15.071879863739014, 15.092358827590942, 15.07103705406189, 15.094475984573364, 15.120475053787231, 15.197490215301514, 15.07986307144165, 15.11308479309082, 15.204623937606812, 15.09239912033081, 15.070298910140991, 15.090406894683838, 15.07263708114624, 15.182435035705566, 16.129358053207397, 16.504276990890503, 16.221122980117798, 15.778219223022461, 16.053077697753906, 16.47932529449463, 15.187342882156372, 15.09529995918274, 15.086554288864136, 15.115864992141724, 15.162569999694824, 15.095278024673462, 15.087594985961914, 15.098954200744629, 15.07918906211853, 15.097357988357544, 15.108037948608398, 15.093591928482056, 15.172234058380127, 15.104186058044434, 15.088230848312378, 15.085882902145386, 15.091885089874268, 15.078310251235962, 15.097933053970337, 15.078176975250244, 15.099618911743164, 15.074377059936523, 15.094951152801514, 15.093572854995728, 15.141182899475098, 15.074011087417603, 15.097834825515747, 15.078141927719116, 15.096919775009155, 15.077517032623291, 15.091727018356323, 15.076252698898315, 15.100696086883545, 15.104223012924194, 15.10086989402771, 15.082669258117676, 15.12474513053894, 15.104846000671387, 15.094200849533081, 15.643763065338135, 15.106093168258667, 15.077233076095581, 15.09981107711792, 15.092566728591919, 15.138727188110352, 15.075254201889038, 15.09717082977295, 15.078505039215088, 15.09631896018982, 15.0757577419281, 15.087278127670288, 15.076782941818237, 15.10955810546875, 15.074481964111328, 15.099256038665771, 15.083019018173218, 15.091596841812134, 15.088133096694946, 15.090965986251831, 15.07960295677185, 15.092103958129883, 15.087035894393921, 15.106496095657349, 15.095412015914917, 15.166220903396606, 15.125778198242188, 15.088113069534302, 15.077729940414429, 15.091984033584595, 15.081725358963013, 15.110586881637573, 15.080255031585693, 15.151828050613403, 15.079529047012329, 15.096283912658691, 15.144121170043945, 15.092304944992065, 15.085848093032837, 15.088889837265015, 15.741454124450684, 15.089868783950806, 15.083981037139893, 15.113286018371582, 15.094998836517334, 15.159512996673584, 15.084625005722046, 15.091507911682129, 15.07817006111145, 15.08519721031189, 15.08650803565979, 15.10430908203125, 15.082319021224976, 15.127286195755005, 15.080461978912354, 15.103096961975098, 15.083728313446045, 15.089370965957642, 15.085823059082031, 15.130596160888672, 15.07297682762146, 15.08957314491272, 15.08423399925232, 15.11342716217041, 15.07543683052063, 15.167711973190308, 15.115425825119019, 15.124727725982666, 15.110865116119385, 15.128093004226685, 15.119924068450928, 15.143692970275879, 15.084779024124146, 15.127110004425049, 15.076436281204224, 15.11736798286438, 15.199838876724243, 15.112905025482178, 15.082406997680664, 15.670872211456299, 15.074549913406372, 15.088002681732178, 15.084944725036621, 15.112701892852783, 15.118033170700073, 15.094285726547241, 15.075212001800537, 15.090314865112305, 15.072715997695923, 15.081400871276855, 15.199090242385864, 15.13935399055481, 7.3169121742248535]}