{"train_loss": [0.012997694938557793], "val_loss": 0.013260961309181165, "val_accuracy": 0.5838774485183325, "batch_times": [15.430936813354492, 15.34734582901001, 15.349835872650146, 15.33450174331665, 15.4515061378479, 15.538287878036499, 15.527765035629272, 15.57949185371399, 15.511898040771484, 16.42182207107544, 15.416608095169067, 15.422949075698853, 15.5956130027771, 15.623049974441528, 15.424795150756836, 15.412984132766724, 15.392521858215332, 15.626446008682251, 15.48815369606018, 15.514019012451172, 15.566709756851196, 15.51048493385315, 15.40742015838623, 15.425309181213379, 15.326449871063232, 15.488629817962646, 15.437121152877808, 15.435462236404419, 15.455911874771118, 15.532941102981567, 15.413710832595825, 15.542052268981934, 15.48060393333435, 15.567576169967651, 15.470226287841797, 15.491837978363037, 15.504570722579956, 15.48815107345581, 15.475600957870483, 15.588725090026855, 15.508155822753906, 15.44830584526062, 15.38280200958252, 15.51695704460144, 15.297429084777832, 15.295175790786743, 15.334807872772217, 16.401681900024414, 15.89938497543335, 16.31399393081665, 15.584830045700073, 15.525949954986572, 15.606112003326416, 15.358231782913208, 15.366231203079224, 15.293747901916504, 15.541020154953003, 15.143839836120605, 15.182797908782959, 15.105674028396606, 15.117757797241211, 15.105430841445923, 15.117669105529785, 15.110895872116089, 15.13287091255188, 15.115612745285034, 15.118303060531616, 15.112206220626831, 15.146613121032715, 15.116347789764404, 15.102957963943481, 15.129646062850952, 15.147542238235474, 15.117074966430664, 15.10647988319397, 15.118518114089966, 15.112100839614868, 15.122572183609009, 15.103200197219849, 15.114733695983887, 15.170928001403809, 15.11599588394165, 15.104141235351562, 15.116645097732544, 15.109059810638428, 15.11584734916687, 15.121047973632812, 15.739145040512085, 15.129064083099365, 15.117321014404297, 15.112510919570923, 15.12043285369873, 15.168825149536133, 15.121828317642212, 15.104830980300903, 15.116595029830933, 15.10544204711914, 15.117745876312256, 15.111010789871216, 15.112926959991455, 15.115421056747437, 15.118885278701782, 15.106671810150146, 15.110262155532837, 15.104706048965454, 15.11072587966919, 15.105183124542236, 15.108319997787476, 15.129432201385498, 15.103419303894043, 15.100533962249756, 15.1580331325531, 15.101501941680908, 15.11943006515503, 15.136898040771484, 15.110610961914062, 15.098084926605225, 15.110636949539185, 15.10378384590149, 15.112754106521606, 15.100874900817871, 15.108191013336182, 15.101855039596558, 15.160470962524414, 15.149961233139038, 15.108176231384277, 15.696985960006714, 15.117148876190186, 15.134083986282349, 15.107485294342041, 15.107543706893921, 15.152263879776001, 15.100950956344604, 15.114583969116211, 15.096487045288086, 15.096911907196045, 15.094511985778809, 15.111475229263306, 15.10100507736206, 15.111241102218628, 15.09458303451538, 15.107094049453735, 15.097670078277588, 15.109467029571533, 15.095351219177246, 15.107937812805176, 15.102364778518677, 15.140380144119263, 15.104885816574097, 15.103330135345459, 15.109449863433838, 15.15574598312378, 15.096346855163574, 15.10355281829834, 15.099927186965942, 15.111523866653442, 15.097152948379517, 15.10598087310791, 15.100409984588623, 15.110615015029907, 15.090942859649658, 15.103729963302612, 15.098296165466309, 15.110582113265991, 15.100440979003906, 15.106296062469482, 15.640190839767456, 15.14251708984375, 15.096174955368042, 15.103734016418457, 15.10684871673584, 15.154093980789185, 15.100382089614868, 15.105690956115723, 15.096724033355713, 15.113259077072144, 15.098439931869507, 15.103625059127808, 15.108437061309814, 15.112611055374146, 15.096745014190674, 15.103265047073364, 15.099104881286621, 15.105924844741821, 15.100419998168945, 15.104394912719727, 15.098132848739624, 15.13638973236084, 15.09973406791687, 15.103551864624023, 15.108711004257202, 15.157949924468994, 15.101634979248047, 15.108097791671753, 15.100504159927368, 15.1160249710083, 15.099304914474487, 15.112805843353271, 15.116364002227783, 15.115748882293701, 15.104380369186401, 15.106178045272827, 15.096930980682373, 15.109324216842651, 15.09615683555603, 15.108600854873657, 15.677223920822144, 15.206079006195068, 15.104941844940186, 15.104737043380737, 15.103367805480957, 15.15314507484436, 15.099725723266602, 15.111228227615356, 15.096386909484863, 15.112253189086914, 15.107665061950684, 15.109892129898071, 15.093321084976196, 15.111867189407349, 15.158442974090576, 15.107105016708374, 15.101468801498413, 15.112964153289795, 15.10140585899353, 15.098718166351318, 15.10108995437622, 15.170768976211548, 15.107965230941772, 15.099430084228516, 15.196057796478271, 15.103384971618652, 15.110984086990356, 15.119904041290283, 15.105135202407837, 15.098397016525269, 15.10647177696228, 15.101040840148926, 15.11009407043457, 15.098706722259521, 15.118062019348145, 15.103219032287598, 15.110597133636475, 15.130331993103027, 15.119269132614136, 15.679253339767456, 15.110975980758667, 15.114848136901855, 15.109028816223145, 15.140721082687378, 15.14494013786316, 15.09955096244812, 15.111797094345093, 15.099696159362793, 15.115428924560547, 15.0953950881958, 15.114320039749146, 15.111685037612915, 15.112248659133911, 15.09393310546875, 15.106435060501099, 15.096774339675903, 15.112742900848389, 15.107277154922485, 15.109733819961548, 15.10085391998291, 15.132767915725708, 15.10492992401123, 15.116710901260376, 15.108184099197388, 15.15365719795227, 15.09345006942749, 15.105535984039307, 15.097864866256714, 15.109323024749756, 15.095669031143188, 15.139824867248535, 15.099058151245117, 15.10999083518982, 15.094565153121948, 15.112237930297852, 15.100046157836914, 15.115272045135498, 15.098075866699219, 15.1042640209198, 15.662602186203003, 15.133472919464111, 15.102529048919678, 15.1061110496521, 15.1109778881073, 15.150014400482178, 15.103765964508057, 15.108298063278198, 15.11005425453186, 15.1090669631958, 15.097904682159424, 15.100898027420044, 15.094305038452148, 15.105751991271973, 15.098557949066162, 15.106544017791748, 15.101689100265503, 15.11271595954895, 15.098215103149414, 15.105108976364136, 15.0973219871521, 15.163746118545532, 15.100507020950317, 15.1029691696167, 15.104214191436768, 15.15927791595459, 15.093865871429443, 15.105821132659912, 15.106737852096558, 15.118792057037354, 15.104538202285767, 15.10792589187622, 15.103267192840576, 15.112815141677856, 15.100352048873901, 15.105188846588135, 15.094372987747192, 15.100135803222656, 15.092863082885742, 15.103212118148804, 15.6560800075531, 7.347892999649048]}