{"train_loss": [0.012871552122760102], "val_loss": 0.013241365639583218, "val_accuracy": 0.5833751883475641, "batch_times": [15.12671685218811, 15.115619897842407, 15.127119064331055, 15.104237794876099, 15.17127013206482, 15.09881591796875, 15.127601146697998, 15.146283864974976, 15.124636888504028, 15.11281418800354, 15.125935792922974, 15.12435007095337, 15.134139060974121, 15.111782789230347, 15.120977878570557, 15.10656189918518, 15.11768102645874, 15.10942006111145, 15.12020468711853, 15.105939388275146, 15.121437072753906, 15.109752893447876, 15.118632793426514, 15.111806869506836, 15.16430115699768, 15.114289999008179, 15.131226778030396, 15.692222833633423, 15.120020866394043, 15.11397099494934, 15.12951135635376, 15.130137920379639, 15.124487161636353, 15.113940954208374, 15.117928981781006, 15.111040115356445, 15.115916013717651, 15.169860124588013, 15.114545345306396, 15.114547967910767, 15.116616010665894, 15.117385149002075, 15.113406419754028, 15.111595630645752, 15.112732172012329, 15.153188943862915, 15.148326873779297, 15.128220081329346, 15.121217966079712, 15.110087871551514, 15.118447065353394, 15.154178142547607, 15.138710975646973, 15.125225067138672, 15.118621826171875, 15.135755062103271, 15.136183023452759, 15.126467943191528, 15.127695083618164, 15.109707832336426, 15.12011170387268, 15.135068893432617, 15.123486995697021, 15.103309869766235, 15.114410877227783, 15.15212106704712, 15.14814305305481, 15.746933937072754, 15.116064071655273, 15.108643293380737, 15.114162921905518, 15.112886667251587, 15.121973991394043, 15.108151197433472, 15.121316909790039, 15.100191116333008, 15.121361017227173, 980.3856403827667, 15.212328910827637, 15.162307977676392, 15.04315972328186, 15.055124998092651, 15.107723712921143, 15.11268925666809, 15.13059377670288, 15.10834002494812, 15.122405767440796, 15.106091022491455, 15.1300630569458, 15.096601724624634, 15.213135242462158, 15.147819995880127, 15.119926929473877, 15.103431940078735, 15.170744895935059, 15.106827974319458, 15.127010822296143, 15.10160517692566, 15.173496723175049, 15.116410970687866, 15.170923948287964, 15.107343912124634, 15.117764949798584, 15.104559898376465, 15.113656997680664, 15.108047008514404, 15.790305137634277, 15.106949090957642, 15.15006685256958, 15.128844022750854, 15.15671682357788, 15.133749008178711, 15.140233039855957, 15.12906289100647, 15.13476014137268, 15.135456085205078, 15.139211177825928, 15.113286018371582, 15.12164306640625, 15.162644863128662, 15.138936996459961, 15.110383033752441, 15.118397951126099, 15.114116907119751, 15.11547327041626, 15.112051248550415, 15.113902807235718, 15.111047983169556, 15.121201992034912, 15.111979007720947, 15.130027055740356, 15.119781017303467, 15.111763954162598, 15.112993001937866, 15.115187168121338, 15.107302904129028, 15.112169981002808, 15.109423875808716, 15.11246109008789, 15.181658029556274, 15.114489078521729, 15.114809036254883, 15.113727331161499, 15.110153913497925, 15.122037887573242, 15.114947080612183, 15.701497077941895, 15.114417791366577, 15.113708972930908, 15.111408948898315, 15.125777959823608, 15.111743927001953, 15.117703914642334, 15.118205070495605, 15.102030038833618, 15.126561880111694, 15.10206913948059, 15.113600730895996, 15.111282348632812, 15.145847797393799, 15.159025192260742, 15.119889736175537, 15.11119794845581, 15.114999055862427, 15.111572027206421, 15.113877058029175, 15.10904335975647, 15.117849111557007, 15.124309062957764, 15.153039932250977, 15.109764099121094, 15.12418007850647, 15.109174966812134, 15.118934869766235, 15.109238862991333, 15.117540121078491, 15.115511655807495, 15.120780944824219, 15.111051082611084, 15.140052080154419, 15.151845932006836, 15.125079154968262, 15.108641862869263, 15.132561922073364, 15.130343198776245, 15.136673927307129, 15.799417734146118, 15.115422010421753, 15.10944414138794, 15.14394211769104, 15.113363027572632, 15.731886148452759, 15.109843254089355, 15.116276025772095, 15.115553855895996, 15.11122989654541, 15.111679315567017, 15.130203247070312, 15.109892845153809, 15.637107849121094, 15.343303203582764, 15.183433294296265, 15.111923217773438, 15.114485025405884, 15.107346057891846, 15.137740850448608, 15.102383136749268, 15.125695943832397, 15.1075758934021, 15.137570142745972, 15.104107141494751, 15.120301723480225, 15.10499095916748, 15.124871969223022, 15.101629257202148, 15.121038913726807, 15.102176904678345, 15.121413707733154, 15.139360904693604, 15.1458580493927, 15.114988088607788, 15.172768592834473, 15.116339921951294, 15.124036073684692, 15.10302472114563, 15.74931001663208, 15.10336422920227, 15.117558002471924, 15.109997987747192, 15.151509046554565, 15.105256080627441, 15.118101119995117, 15.098700046539307, 15.120080947875977, 15.100206136703491, 15.115694999694824, 15.114732027053833, 15.117391109466553, 15.124815940856934, 15.123348951339722, 15.10566520690918, 15.165371894836426, 15.103888988494873, 15.11661982536316, 15.104569911956787, 15.114691972732544, 15.111490726470947, 15.116591930389404, 15.11276388168335, 15.12919306755066, 15.112377882003784, 15.121736288070679, 15.111724853515625, 15.10816216468811, 15.16563606262207, 15.112971067428589, 15.107312202453613, 15.112313747406006, 15.142943859100342, 15.115622758865356, 15.11038613319397, 15.115804195404053, 15.159071922302246, 15.115115880966187, 15.112135887145996, 15.771084070205688, 15.110219955444336, 15.118080139160156, 15.124782800674438, 15.113972902297974, 15.11095929145813, 15.113672256469727, 15.109464883804321, 15.14736533164978, 15.125108242034912, 15.127409219741821, 15.107238054275513, 15.118424892425537, 15.1545090675354, 15.136222839355469, 15.137414693832397, 15.138164043426514, 15.164531946182251, 15.143043041229248, 15.109138011932373, 15.114309072494507, 15.100999116897583, 15.121312141418457, 15.126939058303833, 15.163664817810059, 15.10192608833313, 15.136717081069946, 15.104739904403687, 15.141002893447876, 15.103029012680054, 15.119194984436035, 15.106348991394043, 15.119016885757446, 15.124112844467163, 15.163071155548096, 15.6163330078125, 18.742304801940918, 16.742938995361328, 16.072108030319214, 17.185231924057007, 16.46449089050293, 16.60655426979065, 16.630014896392822, 16.571509838104248, 16.418930053710938, 16.368974924087524, 16.22525191307068, 16.26628804206848, 16.03036117553711, 15.70172905921936, 15.378386974334717, 15.203120946884155, 15.117576837539673, 15.145164966583252, 15.123361110687256, 15.12113904953003, 15.115217208862305, 15.192047834396362, 15.178020238876343, 15.525317907333374, 15.592084169387817, 7.608838081359863]}