{"train_loss": [0.012822651389962341], "val_loss": 0.013207019085285003, "val_accuracy": 0.5906579608237067, "batch_times": [15.129268884658813, 16.55699396133423, 15.304234027862549, 15.170953035354614, 15.143986940383911, 15.09302306175232, 15.075108051300049, 15.101927995681763, 15.088190078735352, 15.144910097122192, 15.069784879684448, 15.100848197937012, 15.075989961624146, 15.09410309791565, 15.124837875366211, 15.28749704360962, 15.069046974182129, 15.089740991592407, 15.093150854110718, 15.096637964248657, 15.075070858001709, 15.090139865875244, 15.068944215774536, 15.11686396598816, 15.71811819076538, 15.125651836395264, 15.105157852172852, 15.132808923721313, 15.119463205337524, 15.174870729446411, 15.105484008789062, 15.123749017715454, 15.10594892501831, 15.124927997589111, 15.10593318939209, 15.126923084259033, 15.108036041259766, 15.117103815078735, 15.104381799697876, 15.076433897018433, 15.07945704460144, 15.084758043289185, 15.12377119064331, 15.08170485496521, 15.071289777755737, 15.09882116317749, 15.099543809890747, 15.085526943206787, 15.096699953079224, 15.127331018447876, 15.076061010360718, 15.08470606803894, 15.074801921844482, 15.400236129760742, 15.079967021942139, 15.087887048721313, 15.070595264434814, 15.138506889343262, 15.235551834106445, 15.092783689498901, 15.080200910568237, 15.087271213531494, 15.075341939926147, 15.082361221313477, 15.630453109741211, 15.085271835327148, 15.082350015640259, 15.093593835830688, 15.103080034255981, 15.126918077468872, 15.078653812408447, 15.08199691772461, 15.071243047714233, 15.07854175567627, 15.075822114944458, 15.082813024520874, 15.068031072616577, 15.11221194267273, 15.073991775512695, 15.096726894378662, 15.06700086593628, 15.080351114273071, 15.065953016281128, 15.088170051574707, 15.063740968704224, 15.084518909454346, 15.079226016998291, 15.126805305480957, 15.067777156829834, 15.131012201309204, 15.08438491821289, 15.098151922225952, 15.079297065734863, 15.118468999862671, 15.07266616821289, 15.09315299987793, 15.108268976211548, 15.119817972183228, 15.072213888168335, 15.115626096725464, 15.145644187927246, 15.153812885284424, 15.132735013961792, 15.136021137237549, 15.709214925765991, 15.090930938720703, 15.079730749130249, 15.11205768585205, 15.116148948669434, 15.14004898071289, 15.072919130325317, 15.094494819641113, 15.077147960662842, 15.08203387260437, 15.08342981338501, 15.089399099349976, 15.090393781661987, 15.106696844100952, 15.094877004623413, 15.090683221817017, 15.088604927062988, 15.0759596824646, 15.081205129623413, 15.071892023086548, 15.088417053222656, 15.064494132995605, 15.097166061401367, 15.090009927749634, 15.143703937530518, 15.066138744354248, 15.093446016311646, 15.083173036575317, 15.089664936065674, 15.065195798873901, 15.090163230895996, 15.068387031555176, 15.085280895233154, 15.096328973770142, 15.087032079696655, 15.0822172164917, 15.09394097328186, 15.06680703163147, 15.115053653717041, 15.662245035171509, 15.090838193893433, 15.062736749649048, 15.11186695098877, 15.08967399597168, 15.157145261764526, 15.259261131286621, 15.13119888305664, 15.109324932098389, 15.128274917602539, 15.107192039489746, 15.131509065628052, 15.114594221115112, 15.084834098815918, 15.101614952087402, 15.08233904838562, 15.072606086730957, 15.081845998764038, 15.0779550075531, 15.090816020965576, 15.12716794013977, 15.080727100372314, 15.08254098892212, 15.163539171218872, 15.097113847732544, 15.141501903533936, 15.129898071289062, 15.080209732055664, 15.07313084602356, 15.076648950576782, 15.083286762237549, 15.085808038711548, 15.077526092529297, 15.093014001846313, 15.095847129821777, 15.090165138244629, 15.092478036880493, 15.115320920944214, 15.08285117149353, 15.08882999420166, 15.65632677078247, 15.097848176956177, 15.08353304862976, 15.093553066253662, 15.092066764831543, 15.138129234313965, 15.082903861999512, 15.089709997177124, 15.085604667663574, 15.08290410041809, 15.082866907119751, 15.091243982315063, 15.078176736831665, 15.128857135772705, 15.072938203811646, 15.09742021560669, 15.078142881393433, 15.11498498916626, 15.073479890823364, 15.099053144454956, 15.073653936386108, 15.112014770507812, 15.078135251998901, 15.123602867126465, 15.093123197555542, 15.154783010482788, 15.087719202041626, 15.102407932281494, 15.091235876083374, 15.101670980453491, 15.08986210823059, 15.372801780700684, 15.410279750823975, 15.140890121459961, 15.080300092697144, 15.102843284606934, 15.08052134513855, 15.135226964950562, 15.073707103729248, 15.09476089477539, 15.684560775756836, 15.168060064315796, 15.074499130249023, 15.111999034881592, 15.095020055770874, 15.169517993927002, 15.088058948516846, 15.094608783721924, 15.071855783462524, 15.087270736694336, 15.075411081314087, 15.092025995254517, 15.07413101196289, 15.119755983352661, 15.098176002502441, 15.097685098648071, 15.080688238143921, 15.087889909744263, 15.094666004180908, 15.099642992019653, 15.101078987121582, 15.122430801391602, 15.085468769073486, 15.11259126663208, 15.123890161514282, 15.088696956634521, 15.163004875183105, 15.091084003448486, 16.150656938552856, 15.440187931060791, 15.096411943435669, 15.109148025512695, 15.087916135787964, 15.135816097259521, 15.907246112823486, 15.081775903701782, 15.08640718460083, 15.085552215576172, 15.138926029205322, 15.799275159835815, 15.08046293258667, 15.087095022201538, 16.33388590812683, 16.923622131347656, 15.196192741394043, 15.109631061553955, 15.129898071289062, 15.126765012741089, 15.127555847167969, 15.110198020935059, 15.130606174468994, 15.110126972198486, 15.151398181915283, 15.111044883728027, 15.099906921386719, 15.074596881866455, 15.102402925491333, 15.074588775634766, 15.0919349193573, 15.071449279785156, 15.090013265609741, 15.07405686378479, 15.093323707580566, 15.097063779830933, 15.151083946228027, 15.081391096115112, 15.088853120803833, 15.093480110168457, 15.085371017456055, 15.079705238342285, 15.082582950592041, 15.07991909980774, 15.12023663520813, 15.079620122909546, 15.088475942611694, 15.081074953079224, 15.088592052459717, 15.081071853637695, 15.087461948394775, 15.648248195648193, 15.08427095413208, 15.08913516998291, 15.106228828430176, 15.081664800643921, 15.203719139099121, 15.083138942718506, 15.085268020629883, 15.081673860549927, 15.08219599723816, 15.082273006439209, 15.089711666107178, 15.085123062133789, 15.180014848709106, 15.08499813079834, 15.224098920822144, 15.384317874908447, 15.423126935958862, 15.441614151000977, 15.57967495918274, 15.385583877563477, 15.297701120376587, 15.380281209945679, 15.423892259597778, 7.338083028793335]}