{"train_loss": [0.012821405771766438], "val_loss": 0.013255318103784844, "val_accuracy": 0.5883977900552486, "batch_times": [15.158385992050171, 16.012537240982056, 15.764317035675049, 15.44336485862732, 15.111988067626953, 15.17493724822998, 15.065295219421387, 15.044718980789185, 15.06308913230896, 15.046533107757568, 15.048648118972778, 15.08125376701355, 15.047655820846558, 15.055475950241089, 15.048809051513672, 15.072687149047852, 15.04857087135315, 15.051450252532959, 15.043499946594238, 15.047056198120117, 15.765713930130005, 15.058206796646118, 15.050710678100586, 15.045783042907715, 15.067709922790527, 15.09822702407837, 15.050075054168701, 15.054200887680054, 15.052282094955444, 15.047554016113281, 15.046468019485474, 15.067432165145874, 15.101338863372803, 15.108139038085938, 15.049060821533203, 15.061975240707397, 15.049405813217163, 15.048934936523438, 15.049594163894653, 15.066395998001099, 15.053101778030396, 15.053587913513184, 15.057068824768066, 15.046816110610962, 15.061613082885742, 15.0870521068573, 15.1267249584198, 15.043061017990112, 15.086410999298096, 15.046788215637207, 15.057378053665161, 15.067795276641846, 15.817829132080078, 15.081553936004639, 15.105520009994507, 15.046917915344238, 15.066474914550781, 15.089922904968262, 15.051876306533813, 15.03875184059143, 15.696725130081177, 15.054927110671997, 15.059289693832397, 15.045153856277466, 15.077925205230713, 15.097360134124756, 15.061604022979736, 15.041342973709106, 15.07117223739624, 15.044694185256958, 15.05573296546936, 15.061142206192017, 15.054435014724731, 15.047830820083618, 15.059077024459839, 15.043035984039307, 15.055060863494873, 15.043697834014893, 15.056479930877686, 15.037416934967041, 15.06022596359253, 15.04942011833191, 15.055747032165527, 15.054516792297363, 15.054428815841675, 15.093948125839233, 15.052510976791382, 15.049081802368164, 15.057229995727539, 15.056675672531128, 15.052561044692993, 15.079519987106323, 15.08377194404602, 15.04812216758728, 15.054419040679932, 15.048232078552246, 15.049705982208252, 15.04709005355835, 15.051646947860718, 15.047331094741821, 15.634793043136597, 15.0505850315094, 15.054811716079712, 15.0764319896698, 15.057920694351196, 15.096902132034302, 15.054331064224243, 15.047521114349365, 15.052134275436401, 15.053198099136353, 15.072314023971558, 15.172141075134277, 546.7873990535736, 390.06396102905273, 1049.7655990123749, 2338.839179992676, 28.749850034713745, 21.101628065109253, 781.9061589241028, 2984.31179022789, 1295.7843163013458, 1539.087644815445, 901.6201748847961, 2610.0904598236084, 16.805209159851074, 15.380722999572754, 1333.4794518947601, 961.6740610599518, 38.309478998184204, 109.41069626808167, 16.252474784851074, 15.236552953720093, 15.172163009643555, 15.007550954818726, 15.242655038833618, 15.569197177886963, 16.88654327392578, 16.13928198814392, 15.15938401222229, 15.104781866073608, 15.092926979064941, 15.095917701721191, 15.0921630859375, 15.080101728439331, 15.089910984039307, 15.060556173324585, 15.124552965164185, 15.064517974853516, 15.074782848358154, 15.110404014587402, 15.722885131835938, 17.03626298904419, 17.761913061141968, 15.223887205123901, 15.28031301498413, 15.230572938919067, 15.254867315292358, 15.067800045013428, 15.057475090026855, 15.046167135238647, 15.119965076446533, 15.042710065841675, 15.062353134155273, 15.04130482673645, 15.06337594985962, 15.03867793083191, 15.170319318771362, 15.051331758499146, 15.063145160675049, 15.050861120223999, 15.09731411933899, 15.040070056915283, 15.060830116271973, 15.06457233428955, 15.092588901519775, 15.058381080627441, 15.771548748016357, 15.045634984970093, 15.061739921569824, 15.045107364654541, 15.073399782180786, 15.058899879455566, 15.067765951156616, 15.044902801513672, 15.047717094421387, 15.094196081161499, 15.044920921325684, 15.057785272598267, 15.041399002075195, 15.063849925994873, 15.041236162185669, 15.110558032989502, 15.042789220809937, 15.057870864868164, 15.041917085647583, 15.05594801902771, 395.50901794433594, 15.507694959640503, 14.91922402381897, 14.9896981716156, 14.975126028060913, 15.032318353652954, 15.031281232833862, 15.0502028465271, 15.036441087722778, 15.229931116104126, 15.062905073165894, 15.224607944488525, 15.328932285308838, 15.491698980331421, 15.399882078170776, 15.980670928955078, 15.508178949356079, 15.445290088653564, 15.366887092590332, 15.201587915420532, 16.197643995285034, 15.448834896087646, 15.437051773071289, 15.39910101890564, 15.325382947921753, 15.441073894500732, 15.33899211883545, 15.464845895767212, 15.357594966888428, 15.434158086776733, 15.323201656341553, 15.402005910873413, 15.36008620262146, 15.239943027496338, 15.303040027618408, 15.59456467628479, 15.309370040893555, 15.182866096496582, 15.40004301071167, 15.256999015808105, 15.19636869430542, 15.417563199996948, 15.211556911468506, 15.328999042510986, 15.183823108673096, 15.196372985839844, 15.050886869430542, 18.912930011749268, 15.753872156143188, 15.181194067001343, 15.521020889282227, 15.47884202003479, 15.245919942855835, 15.735097169876099, 15.379179000854492, 15.522029161453247, 15.526053667068481, 15.291802167892456, 15.368819952011108, 16.206899881362915, 15.591931104660034, 15.434823989868164, 16.180073022842407, 15.665884733200073, 15.26978611946106, 15.510587930679321, 15.424001216888428, 15.564567804336548, 15.391814947128296, 15.325150966644287, 15.562503814697266, 15.243590116500854, 15.230823993682861, 15.17141318321228, 15.820971965789795, 15.350605964660645, 15.474120855331421, 15.536123752593994, 64.69351410865784, 15.385066986083984, 15.113891124725342, 15.10269284248352, 15.194952011108398, 15.105855941772461, 15.098894119262695, 15.17590594291687, 15.25967001914978, 15.49674129486084, 15.708322763442993, 15.256680965423584, 15.65860915184021, 15.515787124633789, 15.733273029327393, 15.41222882270813, 15.703970193862915, 15.323806762695312, 15.373156785964966, 16.022077322006226, 15.680758953094482, 15.358909845352173, 15.25181269645691, 15.529330730438232, 15.391291856765747, 15.58177900314331, 15.381734132766724, 15.381241083145142, 15.312376976013184, 15.143953084945679, 15.112247943878174, 15.122511863708496, 15.164643049240112, 15.426393032073975, 15.21818494796753, 15.113164186477661, 15.09643006324768, 15.242695808410645, 15.349640369415283, 15.520241975784302, 15.463022947311401, 15.309631109237671, 15.692606210708618, 15.456944227218628, 15.128728151321411, 15.08142900466919, 15.051577091217041, 15.051162242889404, 15.071271896362305, 15.038890838623047, 15.094162940979004, 15.461986064910889, 7.742175817489624]}