{"train_loss": [0.013040600599311352], "val_loss": 0.013306182006594199, "val_accuracy": 0.5836263184329483, "batch_times": [15.13338017463684, 15.13755202293396, 15.099816083908081, 15.09289813041687, 15.108890771865845, 15.096186876296997, 15.096221923828125, 15.098464012145996, 15.098451852798462, 15.099867105484009, 15.096704006195068, 15.0906240940094, 15.100789070129395, 15.094533920288086, 15.097731113433838, 15.089107036590576, 15.099668025970459, 15.099449872970581, 15.0950608253479, 15.122848987579346, 15.107002973556519, 15.13271713256836, 15.10229778289795, 15.0845308303833, 15.095169067382812, 15.100704193115234, 15.097213745117188, 15.08777117729187, 15.105036973953247, 15.092661142349243, 15.096062898635864, 15.090719938278198, 15.102061033248901, 15.197731971740723, 15.10727596282959, 15.088200092315674, 15.66216516494751, 15.093780040740967, 15.106027126312256, 15.117624998092651, 15.108002185821533, 15.134478092193604, 15.1054527759552, 15.115441083908081, 15.10225772857666, 15.096902847290039, 15.104384899139404, 15.090017795562744, 15.107237100601196, 15.084578037261963, 15.092579126358032, 15.114573001861572, 15.106261014938354, 15.094099998474121, 15.108124732971191, 15.086709976196289, 15.095838785171509, 15.098245859146118, 15.10222315788269, 15.148523092269897, 15.10630202293396, 15.126100063323975, 15.086532831192017, 15.090426206588745, 15.097623825073242, 15.101495027542114, 15.104005813598633, 15.093029260635376, 15.09333872795105, 15.096367120742798, 15.090053796768188, 15.104267835617065, 15.087253093719482, 15.106651067733765, 15.082556009292603, 15.094393014907837, 15.655019998550415, 15.105981826782227, 15.093793153762817, 15.1302170753479, 15.10449504852295, 15.147044897079468, 15.08678412437439, 15.104152202606201, 15.08578372001648, 15.096669912338257, 15.085960149765015, 15.13485312461853, 15.08760690689087, 15.101411819458008, 15.089081048965454, 15.108684778213501, 15.083816051483154, 15.12614917755127, 15.090138912200928, 15.099998950958252, 15.090883255004883, 15.095685958862305, 15.083997964859009, 15.14008903503418, 15.123276948928833, 15.095221996307373, 15.114630222320557, 15.105212926864624, 15.092280149459839, 15.109235286712646, 15.124827146530151, 15.104694128036499, 15.10550594329834, 15.097925901412964, 15.085994958877563, 15.102399110794067, 15.123854160308838, 15.094151973724365, 15.092355966567993, 15.666701078414917, 15.092774152755737, 15.101460218429565, 15.106974363327026, 15.124537944793701, 15.133701801300049, 15.101113080978394, 15.09204888343811, 15.101140975952148, 15.091620922088623, 15.098204135894775, 15.097324132919312, 15.10442590713501, 15.094259977340698, 15.09024691581726, 15.086771011352539, 15.096910238265991, 15.09725284576416, 15.124202966690063, 15.091386079788208, 15.10454773902893, 15.092172861099243, 15.091653108596802, 15.121609926223755, 15.110020875930786, 15.128466367721558, 15.096378087997437, 15.090572118759155, 15.109139919281006, 15.095086812973022, 15.1029691696167, 15.093008041381836, 15.104639053344727, 15.09538984298706, 15.094302892684937, 15.084442138671875, 15.102152824401855, 15.117924928665161, 15.114505052566528, 15.092881917953491, 15.644696950912476, 15.089083909988403, 15.097876071929932, 15.118564128875732, 15.113614082336426, 15.133857727050781, 15.102381944656372, 15.085484743118286, 15.090843200683594, 15.119332790374756, 15.105324029922485, 15.090641021728516, 15.117295742034912, 15.096496105194092, 15.114199161529541, 15.090210914611816, 15.099688053131104, 15.093142032623291, 15.109875917434692, 15.088343858718872, 15.094444036483765, 15.095806121826172, 15.093263864517212, 15.12309193611145, 15.575491189956665, 15.125597953796387, 15.109019756317139, 15.088562965393066, 15.095433950424194, 15.090945959091187, 15.100133895874023, 15.087440967559814, 15.096910953521729, 15.118994951248169, 15.099106073379517, 15.086854934692383, 15.099182844161987, 15.097416162490845, 15.102524042129517, 15.085109949111938, 15.636054992675781, 15.122657060623169, 15.106772899627686, 15.128470182418823, 15.103716850280762, 15.142609119415283, 15.092468023300171, 15.091538190841675, 15.092457056045532, 15.081325769424438, 15.090359926223755, 15.082459211349487, 15.089168310165405, 15.080801963806152, 15.091717004776001, 15.081872940063477, 15.087653160095215, 15.08600902557373, 15.097952842712402, 15.081089973449707, 15.088013172149658, 15.075891971588135, 15.08753776550293, 15.109478950500488, 15.132246017456055, 15.081607103347778, 15.089613914489746, 15.086205244064331, 15.085870027542114, 15.079814910888672, 15.090509176254272, 15.081840753555298, 15.086246967315674, 15.078309059143066, 15.10952877998352, 15.093411207199097, 15.089088916778564, 15.09456992149353, 15.110935688018799, 15.65747618675232, 15.093662023544312, 15.081400632858276, 15.098402976989746, 15.127295017242432, 15.138579845428467, 15.083441019058228, 15.090168237686157, 15.080752849578857, 15.087789058685303, 15.083563804626465, 15.121794939041138, 15.088410139083862, 15.0815749168396, 15.088145017623901, 15.082484006881714, 15.087094068527222, 15.078759908676147, 15.107737064361572, 15.080610752105713, 15.086567163467407, 15.079839944839478, 15.09441614151001, 15.092972040176392, 15.11052393913269, 15.137502908706665, 15.088695049285889, 15.080444097518921, 15.09795093536377, 15.084721088409424, 15.088139057159424, 15.078747987747192, 15.09095287322998, 15.07863998413086, 15.090335607528687, 15.087782144546509, 15.087663888931274, 15.080988883972168, 15.093025207519531, 15.081377029418945, 15.89273977279663, 15.080253839492798, 15.087175130844116, 15.113691806793213, 15.10141921043396, 15.135288953781128, 15.09150505065918, 15.079846858978271, 15.087028980255127, 15.079333782196045, 15.083536148071289, 15.080865144729614, 15.085961818695068, 15.078393936157227, 15.090796947479248, 15.079508304595947, 15.218483924865723, 16.674700021743774, 16.83507990837097, 16.725852251052856, 16.629647970199585, 16.50094485282898, 16.34000015258789, 16.300249099731445, 16.311221837997437, 16.06743025779724, 15.949767827987671, 15.567628145217896, 15.113237857818604, 15.089334964752197, 15.080264806747437, 15.086754083633423, 15.077872276306152, 15.095786094665527, 15.078120231628418, 15.086806058883667, 15.077889204025269, 15.089079856872559, 15.080999851226807, 15.65615701675415, 15.078368186950684, 15.09235405921936, 15.107282876968384, 15.10161828994751, 15.118834257125854, 15.249965906143188, 15.83403205871582, 15.851660966873169, 15.783078908920288, 15.640663146972656, 15.496516942977905, 15.400332927703857, 7.415824890136719]}