{"train_loss": [0.013155347559717919], "val_loss": 0.013347205110343457, "val_accuracy": 0.5788548468106479, "batch_times": [15.270331859588623, 15.178198099136353, 15.076714038848877, 15.093323945999146, 15.078549861907959, 15.089104890823364, 15.081581830978394, 15.088482141494751, 15.083706140518188, 15.41139817237854, 15.095622777938843, 15.126831769943237, 15.286971092224121, 15.332707166671753, 15.186791896820068, 15.082517147064209, 15.683188915252686, 15.08057188987732, 15.196837902069092, 15.145050048828125, 15.101011037826538, 15.087505102157593, 15.105411052703857, 15.36112117767334, 15.16532564163208, 15.181726217269897, 15.087723970413208, 15.087486982345581, 15.104986190795898, 15.250545978546143, 15.220348834991455, 15.08213496208191, 15.09377932548523, 15.090250968933105, 15.108373165130615, 15.087639808654785, 15.098552703857422, 15.283993005752563, 15.240365982055664, 15.084245681762695, 15.112318992614746, 15.085590124130249, 15.100781917572021, 15.124808073043823, 15.09462594985962, 15.081063032150269, 15.089246988296509, 15.079787731170654, 15.097568988800049, 15.079162120819092, 15.125146865844727, 15.082067966461182, 15.103652000427246, 15.078045845031738, 15.090405941009521, 15.376453161239624, 15.880028009414673, 15.07842469215393, 15.13766074180603, 15.092851877212524, 15.105111122131348, 15.08947467803955, 15.269605159759521, 15.219862937927246, 15.220476388931274, 15.176186800003052, 15.098781108856201, 15.23853611946106, 15.222743034362793, 15.081894159317017, 15.09145712852478, 15.16045594215393, 15.357067108154297, 15.192662000656128, 15.092626810073853, 15.279592037200928, 15.124542951583862, 15.080390691757202, 15.124729871749878, 15.207492113113403, 15.211084127426147, 15.125611066818237, 15.094264030456543, 15.082030773162842, 15.155030012130737, 15.248067140579224, 15.136688947677612, 15.09185791015625, 15.093130111694336, 15.079121828079224, 15.19080901145935, 15.180597066879272, 15.091864109039307, 15.088529825210571, 15.105638027191162, 15.08094310760498, 15.731775999069214, 15.208793878555298, 15.145141124725342, 15.083157062530518, 15.104794025421143, 15.07853078842163, 15.093899011611938, 15.089035034179688, 15.095946073532104, 15.300121068954468, 15.113250970840454, 15.087199926376343, 15.098608016967773, 15.079384088516235, 15.12245512008667, 15.09968113899231, 15.09158706665039, 15.081056118011475, 15.10057806968689, 15.08746600151062, 15.481343984603882, 15.228543043136597, 15.311639785766602, 15.159870862960815, 15.093102216720581, 15.120100736618042, 15.179630994796753, 15.081573009490967, 15.089916944503784, 15.077092170715332, 15.09102487564087, 15.08082914352417, 15.105900049209595, 15.08016300201416, 15.343953847885132, 15.120359182357788, 15.096405982971191, 15.080923318862915, 15.12759780883789, 15.682676315307617, 15.086166143417358, 15.45671010017395, 15.093703985214233, 15.114294052124023, 15.094962120056152, 15.094963312149048, 15.08655595779419, 15.125364065170288, 15.118666887283325, 16.92779302597046, 18.790482997894287, 15.597868204116821, 15.461633920669556, 15.487621068954468, 15.391828060150146, 15.332541942596436, 15.321487188339233, 15.302935123443604, 15.311906099319458, 15.598658084869385, 15.748358011245728, 15.483520984649658, 16.378707885742188, 16.580651998519897, 19.834672212600708, 15.489359140396118, 15.48538088798523, 15.2860848903656, 15.289396047592163, 15.210844039916992, 15.859390020370483, 15.340590953826904, 15.153833866119385, 15.198080062866211, 15.490770101547241, 15.570157051086426, 15.23331904411316, 17.97493600845337, 16.562308311462402, 18.31356406211853, 24.588054895401, 16.82747483253479, 16.48595881462097, 15.196645259857178, 15.367921113967896, 15.186247825622559, 15.159166812896729, 15.098313808441162, 15.09502100944519, 15.072145938873291, 15.092097043991089, 15.08250379562378, 15.093048095703125, 15.077971935272217, 15.313800811767578, 15.098378896713257, 15.119066715240479, 15.275375843048096, 15.154332160949707, 15.152587890625, 15.224626064300537, 15.171389102935791, 15.181754112243652, 15.175288915634155, 15.717771053314209, 15.379695892333984, 16.10895586013794, 15.201885223388672, 15.108023881912231, 15.09288501739502, 15.086076974868774, 15.076541900634766, 15.091059923171997, 15.080078840255737, 15.095470190048218, 15.325989246368408, 15.858181953430176, 18.022170066833496, 17.447539806365967, 15.580993890762329, 15.188836097717285, 15.184666872024536, 15.112057209014893, 15.135999917984009, 15.113840818405151, 15.12352204322815, 15.116372108459473, 15.137106895446777, 15.276396989822388, 15.143684148788452, 15.082957029342651, 15.09269905090332, 15.09905195236206, 15.086349964141846, 15.096781015396118, 15.086431980133057, 15.084776878356934, 15.388774871826172, 15.0900239944458, 15.093247890472412, 15.08912205696106, 15.082306861877441, 15.552877187728882, 15.56865119934082, 15.314107894897461, 15.097579002380371, 15.08752989768982, 15.0810706615448, 15.08498215675354, 15.0780611038208, 15.086593627929688, 15.259519815444946, 15.106865882873535, 15.143110275268555, 15.112550973892212, 15.69558596611023, 15.114646196365356, 15.10416316986084, 15.08332896232605, 15.08558201789856, 15.085996150970459, 15.124292850494385, 16.817500829696655, 15.150758981704712, 15.3472900390625, 15.082137823104858, 15.131547212600708, 30.468139171600342, 17.961028814315796, 16.765695095062256, 15.228164911270142, 15.128723859786987, 15.164430141448975, 15.785057783126831, 15.378195762634277, 15.301064252853394, 15.38168978691101, 15.291279792785645, 15.390924215316772, 15.197709083557129, 15.309906959533691, 15.26568603515625, 15.292732000350952, 15.40831708908081, 15.37757420539856, 15.279930114746094, 15.393998146057129, 15.533638954162598, 15.983736753463745, 15.092170000076294, 15.121150970458984, 15.086349725723267, 15.086722135543823, 15.08615517616272, 15.776298999786377, 15.106976985931396, 15.27905011177063, 15.271493196487427, 15.10377287864685, 15.08250904083252, 15.195465803146362, 15.078902959823608, 15.09215497970581, 15.076559066772461, 15.101015090942383, 15.374099969863892, 15.098995923995972, 15.086284160614014, 15.09506893157959, 15.093915224075317, 15.359997987747192, 15.850589990615845, 15.145150899887085, 15.099102020263672, 15.16132926940918, 15.127121210098267, 15.0949068069458, 15.129320859909058, 15.118527173995972, 15.112733840942383, 15.097561836242676, 15.108814239501953, 15.107501029968262, 15.130558252334595, 15.100202560424805, 15.109986066818237, 15.197710990905762, 15.114633083343506, 15.111649990081787, 15.099216938018799, 7.318270921707153]}