{"train_loss": [0.012932684300345967], "val_loss": 0.013264794609609642, "val_accuracy": 0.5841285786037167, "batch_times": [15.392526149749756, 15.551602125167847, 15.201419830322266, 15.089745998382568, 15.107537746429443, 15.564931154251099, 16.002274990081787, 15.261291027069092, 15.117930889129639, 15.22132682800293, 15.15231990814209, 15.338435173034668, 16.042561769485474, 15.822861909866333, 15.308608055114746, 15.31515884399414, 15.191167831420898, 15.603887796401978, 15.183659076690674, 15.134170293807983, 15.111910104751587, 15.1841139793396, 15.182949781417847, 15.39068603515625, 15.210832834243774, 15.171332120895386, 15.55469298362732, 15.231380939483643, 15.282503128051758, 15.459567070007324, 15.872188806533813, 15.479135990142822, 15.525060653686523, 15.573395013809204, 15.402544975280762, 15.52430510520935, 15.13744306564331, 15.118938207626343, 15.13156509399414, 15.155632734298706, 15.141102313995361, 15.432406902313232, 15.413473129272461, 15.309339046478271, 15.204472064971924, 16.3762948513031, 15.418369054794312, 15.366034984588623, 15.524423837661743, 15.500741004943848, 15.469941139221191, 15.21973991394043, 15.279897928237915, 15.496764898300171, 15.1583571434021, 15.249410152435303, 15.511868000030518, 15.441655158996582, 16.791014909744263, 15.512976169586182, 15.378140926361084, 15.396169900894165, 15.648403882980347, 15.416813135147095, 15.628216743469238, 15.679529905319214, 15.675037145614624, 15.309958934783936, 15.30715274810791, 15.139667987823486, 16.350802898406982, 15.154091119766235, 15.332083940505981, 15.738281011581421, 15.64500617980957, 15.385687828063965, 15.197120189666748, 15.234033823013306, 15.37782907485962, 15.44119668006897, 15.345634937286377, 15.540534019470215, 15.501912832260132, 15.240369081497192, 15.809016704559326, 15.174499988555908, 15.185832262039185, 15.163637161254883, 15.472574949264526, 15.113526105880737, 15.506961107254028, 15.625184059143066, 15.538372039794922, 15.440707206726074, 15.3786461353302, 15.378615140914917, 15.414891004562378, 15.572293281555176, 15.942561149597168, 15.454071044921875, 15.547002792358398, 15.31389594078064, 15.13318395614624, 15.419301986694336, 15.441784143447876, 15.877521991729736, 15.336843013763428, 15.407315969467163, 15.26514196395874, 15.237478971481323, 15.326592922210693, 15.347243070602417, 15.22293996810913, 15.35001802444458, 15.268383979797363, 15.330597877502441, 15.23625111579895, 15.905613660812378, 15.714187145233154, 15.384735584259033, 15.588097095489502, 15.483556270599365, 15.208548784255981, 16.012510061264038, 15.331454992294312, 15.255200862884521, 15.2412109375, 15.498661279678345, 15.298545360565186, 15.55042815208435, 15.46510910987854, 15.49816107749939, 15.337929964065552, 15.433676958084106, 15.424168825149536, 15.476444959640503, 15.343541860580444, 16.16105318069458, 15.384451866149902, 15.466135263442993, 15.473681926727295, 15.635313034057617, 15.404438972473145, 15.411123991012573, 15.43175721168518, 15.333708047866821, 15.39017105102539, 15.398550748825073, 15.488672971725464, 15.730705976486206, 15.878805160522461, 15.62908411026001, 15.733715057373047, 15.399740219116211, 15.501784801483154, 15.128564834594727, 17.503947019577026, 15.803436994552612, 15.41591215133667, 15.505594968795776, 15.507599115371704, 15.839418888092041, 15.221524953842163, 15.355421781539917, 15.44016408920288, 15.709059953689575, 15.85041093826294, 15.274338960647583, 17.208066701889038, 15.497414112091064, 15.231260776519775, 15.18447494506836, 15.105839967727661, 15.112457990646362, 15.079795360565186, 15.077704191207886, 15.081620931625366, 15.117149114608765, 15.072793245315552, 15.13273310661316, 15.143815994262695, 15.116950988769531, 15.091065883636475, 15.141199111938477, 17.68099284172058, 15.401502132415771, 15.12702226638794, 15.222898960113525, 15.198966979980469, 15.206530094146729, 15.1441810131073, 15.141330003738403, 15.341095209121704, 15.142950057983398, 15.074579000473022, 15.099946975708008, 15.089257955551147, 15.131786823272705, 15.320062160491943, 16.112754106521606, 15.800014019012451, 15.108163833618164, 15.102055072784424, 15.183690071105957, 15.165325164794922, 15.132436037063599, 15.118815183639526, 15.105280876159668, 15.126499891281128, 15.10319209098816, 15.096782922744751, 15.086759328842163, 15.14320993423462, 15.080192804336548, 15.09144115447998, 15.14232587814331, 15.352007865905762, 15.22336483001709, 15.307557106018066, 15.563956022262573, 15.364574909210205, 15.186830043792725, 15.17789912223816, 15.236687898635864, 15.289528131484985, 15.403282880783081, 15.408074140548706, 15.659581184387207, 15.32567024230957, 15.25364089012146, 15.568579196929932, 15.131003856658936, 15.096681118011475, 15.067629098892212, 15.128976106643677, 15.076572179794312, 15.130263805389404, 15.068034172058105, 15.381860256195068, 15.12961196899414, 15.974049091339111, 15.303396940231323, 15.480477094650269, 15.42933201789856, 15.517095804214478, 15.15201711654663, 15.417572021484375, 15.318614959716797, 15.26884126663208, 15.317829132080078, 15.303528785705566, 15.50954294204712, 15.630104064941406, 15.316365003585815, 15.156682968139648, 22.103821992874146, 18.024638891220093, 16.401360034942627, 18.51788902282715, 19.499502658843994, 17.325520992279053, 17.76579189300537, 16.413394927978516, 16.252615928649902, 16.35543704032898, 16.93371605873108, 16.838314056396484, 16.905964136123657, 17.352571964263916, 16.362987995147705, 16.677638053894043, 17.84579825401306, 17.307119846343994, 17.44387722015381, 15.230791807174683, 15.152879238128662, 15.967159032821655, 15.374994993209839, 15.320391178131104, 15.264417886734009, 15.326059103012085, 15.250312805175781, 15.39632511138916, 15.609441757202148, 15.283724069595337, 15.387218952178955, 15.329848289489746, 15.52361512184143, 17.684361934661865, 21.536848068237305, 19.760143280029297, 15.788300037384033, 15.647409915924072, 15.39537787437439, 15.357780933380127, 15.39470100402832, 15.287385940551758, 15.33447003364563, 15.298987865447998, 15.221210718154907, 15.419198989868164, 15.450320959091187, 15.604475021362305, 15.957984209060669, 15.19080400466919, 15.623349905014038, 15.359788656234741, 15.509139776229858, 15.30771803855896, 15.448607206344604, 15.286868810653687, 15.460030794143677, 15.236520051956177, 15.40706205368042, 16.05575203895569, 15.487666845321655, 15.536707878112793, 15.847591161727905, 15.255548238754272, 15.278889894485474, 16.00390887260437, 15.263915061950684, 15.164582014083862, 15.24698805809021, 15.238628149032593, 15.319836139678955, 7.707342863082886]}