{"train_loss": [0.01291016199370695], "val_loss": 0.013241431243778648, "val_accuracy": 0.586639879457559, "batch_times": [15.05619192123413, 178.2758903503418, 14.997854948043823, 15.100442886352539, 15.10180401802063, 15.060474872589111, 15.101967811584473, 15.422686100006104, 15.192163228988647, 15.094933032989502, 15.09765100479126, 15.74134111404419, 15.140231847763062, 15.078033924102783, 15.107181072235107, 15.18102216720581, 15.131412029266357, 15.1251060962677, 15.124433279037476, 15.12134599685669, 15.127293348312378, 15.201237678527832, 15.090802192687988, 15.086225986480713, 15.15290880203247, 15.087351083755493, 15.089347124099731, 15.205146789550781, 15.090768098831177, 15.33750605583191, 15.11220932006836, 15.148506879806519, 15.178867816925049, 15.102752923965454, 15.121565103530884, 15.114195108413696, 15.115906953811646, 15.098505973815918, 15.098325967788696, 15.174123048782349, 15.087395906448364, 15.081840991973877, 15.080216884613037, 15.154480218887329, 15.08658504486084, 15.080440998077393, 15.09035587310791, 15.173448085784912, 15.093350887298584, 15.172922849655151, 15.808699131011963, 15.174401044845581, 15.124999761581421, 15.078443050384521, 15.145828008651733, 15.077432870864868, 15.092774152755737, 15.071798086166382, 15.204199314117432, 15.08981990814209, 15.145064115524292, 15.072647094726562, 15.103659868240356, 15.082388877868652, 15.14058804512024, 15.06329083442688, 15.108803749084473, 15.075058937072754, 15.211313247680664, 15.102684020996094, 15.15684700012207, 15.090965747833252, 15.150248289108276, 15.085224866867065, 15.12270474433899, 15.108030796051025, 15.098165035247803, 15.101401090621948, 15.147407293319702, 15.093153715133667, 15.09623408317566, 15.092974185943604, 15.14082670211792, 15.091938972473145, 15.09898066520691, 15.093153953552246, 15.405611038208008, 15.62535309791565, 15.127990961074829, 15.139924049377441, 15.875370025634766, 15.134310960769653, 15.1337571144104, 15.127368927001953, 15.204764127731323, 15.099276781082153, 15.097519159317017, 15.122720956802368, 15.102031230926514, 15.093561172485352, 15.084788084030151, 15.182562828063965, 15.096771240234375, 15.100947856903076, 15.3179349899292, 16.0690701007843, 16.074432134628296, 15.980108737945557, 15.647277116775513, 15.334933996200562, 15.609805822372437, 16.09180998802185, 16.185956954956055, 16.403149127960205, 16.22333598136902, 16.213118076324463, 16.200732707977295, 16.105435132980347, 16.03199005126953, 15.803290128707886, 15.82901382446289, 15.713035106658936, 15.886638164520264, 15.602176189422607, 15.728967189788818, 15.741214990615845, 15.86542797088623, 15.741427898406982, 16.830656051635742, 15.764039754867554, 16.088669776916504, 15.856898069381714, 15.954488754272461, 15.86240291595459, 15.853313207626343, 15.856564044952393, 15.954281091690063, 15.864437580108643, 15.899052143096924, 15.866266012191772, 16.058656930923462, 15.9028000831604, 15.93051028251648, 15.93651008605957, 16.02689266204834, 15.88345718383789, 15.816035032272339, 15.923971176147461, 15.782303810119629, 15.954446792602539, 15.85185718536377, 16.077620029449463, 15.944436073303223, 15.92884874343872, 15.95332407951355, 15.998517036437988, 15.943020820617676, 15.964064836502075, 15.82007384300232, 15.834665060043335, 15.761903285980225, 15.84111499786377, 15.918658018112183, 15.849422216415405, 15.802970886230469, 15.990900039672852, 16.60799789428711, 15.72587513923645, 15.670073747634888, 15.828792095184326, 15.355318069458008, 15.153762817382812, 15.089882135391235, 15.098971128463745, 15.084429740905762, 15.163753986358643, 15.085915088653564, 15.098344087600708, 15.09664011001587, 15.148657321929932, 15.085380792617798, 15.100285291671753, 15.130101919174194, 15.153406858444214, 15.088089227676392, 15.099632024765015, 15.08563494682312, 15.157518863677979, 15.386599063873291, 16.802274703979492, 16.60897421836853, 16.510298013687134, 16.317925214767456, 16.1836678981781, 15.775705814361572, 15.498258113861084, 15.140838146209717, 15.266157865524292, 15.082811117172241, 15.097954034805298, 15.08475112915039, 15.22098183631897, 15.138682126998901, 15.584911823272705, 15.535022020339966, 16.649374961853027, 15.646050691604614, 15.612601041793823, 15.586101055145264, 15.908304929733276, 15.474153995513916, 15.504509925842285, 15.411800146102905, 15.428592920303345, 15.45998501777649, 15.52738094329834, 15.466397047042847, 15.51868486404419, 15.500385046005249, 15.553273916244507, 15.566066265106201, 15.608785152435303, 15.571836948394775, 15.533254861831665, 15.601083040237427, 15.614966630935669, 15.611062049865723, 15.678952932357788, 15.591905117034912, 16.266213178634644, 15.654025316238403, 15.716924905776978, 15.683350801467896, 16.132434129714966, 15.645997047424316, 15.753856182098389, 15.491206884384155, 15.59642481803894, 15.362587928771973, 15.583887100219727, 15.472338914871216, 15.703149795532227, 15.598122835159302, 16.628222942352295, 15.518781900405884, 15.651211977005005, 15.524293899536133, 15.676851987838745, 15.765605926513672, 15.550713062286377, 15.35072374343872, 15.383744955062866, 15.406954050064087, 15.536013126373291, 15.542155027389526, 15.633011817932129, 15.608356714248657, 15.788111925125122, 15.568991899490356, 15.6611909866333, 15.518424034118652, 15.61201286315918, 15.511643171310425, 15.441857814788818, 15.5228271484375, 15.543398141860962, 15.5491943359375, 15.647934198379517, 15.490413188934326, 15.501091003417969, 15.502977132797241, 15.606247901916504, 15.687924146652222, 15.67326307296753, 15.580191135406494, 15.589189052581787, 15.474235773086548, 15.547493934631348, 15.731134176254272, 15.617719173431396, 15.589668273925781, 15.505566120147705, 16.56470489501953, 15.518147706985474, 15.416922092437744, 15.64614200592041, 15.795050144195557, 15.609232187271118, 15.593353986740112, 15.581793069839478, 15.468710899353027, 15.511031150817871, 15.496150732040405, 15.411157846450806, 15.45950698852539, 15.475625991821289, 15.72638201713562, 15.728891849517822, 15.556457996368408, 15.669068098068237, 15.608717679977417, 15.421957969665527, 15.238059997558594, 15.547252893447876, 18.00224733352661, 15.681791067123413, 15.54772400856018, 15.304675102233887, 15.467204093933105, 15.521100044250488, 15.404157161712646, 15.430123090744019, 15.280018091201782, 15.329300165176392, 15.373852252960205, 15.4130859375, 15.685794591903687, 15.40082597732544, 15.303506851196289, 15.351066827774048, 16.12925910949707, 15.363470315933228, 15.307269096374512, 15.539753913879395, 15.263149976730347, 15.162397861480713, 7.3136069774627686]}