{"train_loss": [0.013238110749708836], "val_loss": 0.013407141015869723, "val_accuracy": 0.5753390256152687, "batch_times": [21.44850206375122, 21.453016757965088, 21.390050888061523, 21.51301074028015, 21.61985206604004, 21.795932054519653, 21.534993886947632, 21.807520866394043, 21.579020023345947, 21.48896288871765, 21.514127254486084, 21.46122407913208, 21.55573296546936, 21.753390789031982, 21.621069192886353, 23.69062900543213, 21.558191061019897, 21.66769289970398, 21.898881196975708, 21.63064408302307, 21.493962049484253, 21.589616060256958, 21.491858959197998, 21.521725177764893, 21.655531883239746, 21.50248694419861, 21.550435066223145, 21.565335035324097, 21.53336215019226, 21.537364959716797, 21.751497983932495, 21.651670694351196, 21.793368101119995, 21.63546586036682, 21.553136825561523, 21.720903873443604, 21.99204993247986, 21.587093114852905, 21.53476595878601, 21.605184078216553, 22.453288078308105, 21.49716091156006, 21.820806741714478, 23.062577962875366, 21.556036233901978, 21.549722909927368, 21.80007290840149, 21.646283864974976, 21.562484979629517, 21.51367688179016, 21.584614992141724, 22.24562096595764, 23.04058313369751, 21.18997025489807, 22.207934856414795, 24.288039922714233, 24.229352951049805, 24.337846755981445, 24.133135080337524, 24.601984977722168, 24.344374895095825, 23.326401948928833, 21.962738275527954, 22.028480052947998, 20.990172147750854, 22.220918655395508, 24.7467839717865, 26.980605840682983, 27.971647024154663, 31.582031965255737, 27.499451160430908, 26.198824882507324, 25.87702775001526, 26.43329882621765, 26.193635940551758, 25.879726886749268, 26.09825897216797, 25.61487889289856, 25.717999935150146, 24.405879020690918, 25.977715253829956, 23.58181881904602, 23.078195810317993, 21.375021934509277, 20.405922889709473, 19.923652172088623, 19.972440242767334, 19.875434637069702, 19.877541065216064, 19.9804949760437, 20.113106966018677, 20.18650794029236, 20.410687923431396, 20.354216814041138, 20.382662773132324, 22.25057101249695, 22.278761863708496, 23.79787802696228, 25.484790086746216, 25.069348096847534, 23.55786395072937, 22.978081703186035, 22.41458821296692, 22.093123197555542, 22.38221287727356, 22.13416600227356, 22.389606952667236, 27.741261959075928, 21.033838748931885, 20.241973876953125, 20.112498998641968, 20.484018802642822, 20.203959226608276, 20.27597689628601, 20.148535013198853, 19.808364152908325, 18.967023849487305, 18.491480112075806, 18.32140588760376, 18.19123077392578, 18.24593186378479, 18.231240034103394, 18.25917100906372, 19.587394952774048, 18.46603488922119, 18.683438062667847, 18.82508397102356, 18.78488516807556, 19.2120578289032, 19.90537405014038, 20.39168620109558, 20.679399251937866, 20.765814781188965, 20.64448308944702, 20.479899883270264, 20.248964071273804, 20.165067195892334, 20.094156980514526, 19.931862115859985, 19.8484308719635, 19.955711126327515, 20.07458209991455, 20.123548984527588, 20.009709119796753, 19.99095106124878, 19.98890209197998, 20.136016845703125, 20.057929039001465, 19.980762243270874, 20.034449338912964, 20.0142719745636, 19.99763584136963, 20.04146409034729, 20.75605082511902, 18.77522897720337, 18.467305898666382, 18.298080921173096, 18.36591601371765, 18.348240852355957, 18.253983974456787, 18.37076497077942, 18.4631769657135, 18.669899225234985, 18.754101991653442, 18.736411809921265, 18.987689971923828, 19.930986166000366, 20.28874397277832, 20.630903005599976, 20.689323902130127, 20.686180114746094, 20.53381896018982, 20.463376760482788, 20.14333176612854, 20.060616970062256, 20.120060920715332, 19.922319173812866, 20.018371105194092, 19.932773113250732, 19.93019199371338, 19.98523497581482, 20.006893157958984, 20.055906057357788, 20.301707983016968, 21.416446924209595, 20.124199867248535, 20.157526969909668, 21.333413124084473, 20.275819063186646, 20.110435962677002, 20.036895990371704, 19.892439126968384, 19.08840799331665, 18.571074724197388, 18.30375385284424, 18.241164922714233, 18.208657026290894, 18.208662033081055, 18.281668186187744, 18.416545867919922, 18.525453090667725, 18.811214923858643, 19.773335695266724, 20.489484071731567, 20.69867491722107, 20.96027112007141, 21.076746940612793, 21.070344924926758, 20.45491623878479, 20.189851999282837, 20.075406074523926, 20.529026985168457, 19.984144926071167, 20.153138160705566, 21.26497793197632, 19.952608823776245, 20.26241183280945, 20.54831624031067, 20.4360408782959, 20.460487842559814, 20.40927791595459, 20.152466773986816, 20.20708394050598, 20.29953694343567, 20.052777767181396, 20.08318591117859, 19.47919201850891, 18.771302938461304, 18.509020805358887, 18.2489333152771, 18.264509916305542, 18.1855149269104, 18.21750807762146, 18.459442377090454, 18.466770887374878, 18.5761821269989, 19.237608909606934, 20.025089740753174, 20.535516262054443, 20.747864961624146, 20.83609700202942, 20.67701506614685, 20.524014949798584, 20.398066997528076, 21.40465521812439, 20.325206756591797, 20.001972913742065, 19.96441102027893, 20.15803813934326, 20.00024127960205, 19.956935167312622, 20.161525011062622, 20.05271887779236, 20.095781803131104, 20.063421964645386, 20.112126111984253, 20.05571484565735, 20.10947608947754, 20.10837984085083, 20.022336959838867, 20.025150060653687, 19.998512744903564, 20.004249811172485, 20.198480129241943, 20.038330793380737, 19.99347496032715, 20.107877016067505, 20.11841106414795, 20.236356019973755, 20.142296075820923, 20.027554988861084, 20.03596305847168, 20.058419942855835, 20.07872200012207, 21.11763286590576, 19.2693030834198, 18.574753046035767, 18.374286890029907, 18.330023050308228, 18.178439378738403, 18.33548593521118, 18.28755211830139, 18.31868600845337, 18.487881898880005, 18.659024715423584, 18.97933578491211, 19.79409909248352, 20.296146392822266, 20.734349012374878, 20.82144594192505, 20.75418782234192, 20.513118982315063, 20.282020092010498, 20.43480610847473, 20.075284957885742, 19.95129108428955, 19.935349941253662, 20.04880690574646, 20.154070138931274, 19.99010682106018, 19.926312923431396, 19.981882095336914, 20.19252109527588, 20.12678599357605, 20.230556964874268, 22.404255867004395, 22.207165718078613, 22.336318016052246, 22.659106969833374, 22.553750038146973, 22.503602027893066, 22.69485902786255, 22.540969848632812, 22.481091022491455, 22.41636610031128, 22.540859937667847, 22.487540006637573, 22.471729278564453, 22.461449146270752, 22.648552894592285, 22.557302951812744, 22.755731105804443, 22.592165231704712, 22.85018491744995, 22.55436086654663, 22.494295120239258, 10.508450031280518]}