{"train_loss": [0.012797882406808942], "val_loss": 0.013203409948894051, "val_accuracy": 0.5851330989452537, "batch_times": [17.57490086555481, 18.07643699645996, 17.757405042648315, 17.64646601676941, 17.91102695465088, 17.758156061172485, 17.599291801452637, 17.588865041732788, 17.725377082824707, 17.702566862106323, 17.641051054000854, 17.78839111328125, 17.588793992996216, 17.594289779663086, 17.592341899871826, 17.60460376739502, 17.626342058181763, 17.59403705596924, 17.588943243026733, 17.55662703514099, 17.57257890701294, 18.671350955963135, 17.911144733428955, 17.626258850097656, 17.657098054885864, 17.643850088119507, 17.645811080932617, 17.68035316467285, 17.71975088119507, 17.71884799003601, 17.67833685874939, 17.702780961990356, 17.722564697265625, 17.77204394340515, 17.9971661567688, 17.701406002044678, 17.75853705406189, 17.726352214813232, 17.833112716674805, 18.011759996414185, 17.625645875930786, 17.72615909576416, 17.64515209197998, 17.65868902206421, 17.727599143981934, 17.742700815200806, 17.7248592376709, 17.542096853256226, 17.426461935043335, 17.187859058380127, 17.24535298347473, 17.130836248397827, 17.148192405700684, 17.50530219078064, 17.671207189559937, 19.34416174888611, 18.34745502471924, 19.27052402496338, 18.551042079925537, 18.46226191520691, 18.611226797103882, 18.442768812179565, 18.39454674720764, 17.40614104270935, 17.30526304244995, 17.31061100959778, 17.264045238494873, 17.21104884147644, 17.160598039627075, 17.137873888015747, 17.14106512069702, 17.276964902877808, 17.18807029724121, 17.174196004867554, 17.414834022521973, 17.21231698989868, 16.980119705200195, 16.713059186935425, 16.50560998916626, 16.354805946350098, 16.264938831329346, 16.15525794029236, 16.17780828475952, 16.16214609146118, 16.34733510017395, 16.234318733215332, 16.380022764205933, 16.288710117340088, 16.302456855773926, 16.41386604309082, 17.221193075180054, 16.37597107887268, 16.581314086914062, 17.321017026901245, 17.156506776809692, 17.384899139404297, 17.294082164764404, 17.468070030212402, 17.375097036361694, 17.27125096321106, 17.385913848876953, 17.30403995513916, 17.267966985702515, 17.154415130615234, 17.135242223739624, 17.109508991241455, 17.17857813835144, 17.181065797805786, 17.079804182052612, 17.134578943252563, 17.09849190711975, 17.33913278579712, 17.161686897277832, 17.030492067337036, 16.702443838119507, 18.05176591873169, 16.500611066818237, 16.26663613319397, 16.161529064178467, 16.171207904815674, 16.198789834976196, 16.207534074783325, 16.30158495903015, 16.288676023483276, 16.33277416229248, 16.318436861038208, 17.390629053115845, 16.583838939666748, 16.956117153167725, 17.0948543548584, 17.456310987472534, 17.21284317970276, 17.252810955047607, 17.414628744125366, 17.244565963745117, 17.284902811050415, 17.252767086029053, 17.25645613670349, 17.84959316253662, 17.659162282943726, 17.416918992996216, 17.309688091278076, 17.361514806747437, 17.39350390434265, 17.25293731689453, 17.243638038635254, 17.337664127349854, 17.35336184501648, 17.247495889663696, 17.164742946624756, 16.88742995262146, 16.6491117477417, 16.342530965805054, 16.308511972427368, 16.153621673583984, 16.236896991729736, 16.151098012924194, 16.325953006744385, 16.230865240097046, 16.403557777404785, 16.324753761291504, 17.341686010360718, 16.428046226501465, 16.37710404396057, 16.37924289703369, 16.40017294883728, 16.909972190856934, 17.00866413116455, 17.383864164352417, 17.415186882019043, 17.32240080833435, 17.93442392349243, 17.361536979675293, 17.556042194366455, 17.254388093948364, 17.21441102027893, 17.218448162078857, 17.138561964035034, 17.12186598777771, 17.81198811531067, 17.154236316680908, 17.856651067733765, 17.166465997695923, 17.342257976531982, 17.152577877044678, 16.768146753311157, 16.926302194595337, 17.37165403366089, 16.29290199279785, 16.128124952316284, 16.20154118537903, 16.08012890815735, 16.209836959838867, 16.191137075424194, 16.257163763046265, 16.38243293762207, 17.251630783081055, 16.34896993637085, 16.41374707221985, 16.776592254638672, 16.98486304283142, 17.46413803100586, 17.258038997650146, 17.363056182861328, 17.37553095817566, 17.26495885848999, 17.327138900756836, 17.15814781188965, 17.21330714225769, 17.282764196395874, 17.500792026519775, 17.07342219352722, 17.21592116355896, 17.469794988632202, 17.600906372070312, 17.23968815803528, 17.16055130958557, 17.348668098449707, 17.458832025527954, 17.406797170639038, 16.965848684310913, 16.715563774108887, 16.604290008544922, 16.25905704498291, 16.19756317138672, 16.105942010879517, 16.188982009887695, 16.12553334236145, 16.21274423599243, 16.238152980804443, 16.26146101951599, 16.29241132736206, 17.454827785491943, 16.341265201568604, 16.319424629211426, 16.637970209121704, 16.94776701927185, 18.154195070266724, 17.396695137023926, 17.432090997695923, 17.329771041870117, 17.31437397003174, 17.31831407546997, 17.570569038391113, 17.267072200775146, 17.287065982818604, 17.19408416748047, 17.33440399169922, 17.231450080871582, 17.149083852767944, 17.49121403694153, 17.226423740386963, 17.18639302253723, 17.564290046691895, 17.771026849746704, 17.23860788345337, 17.139954090118408, 16.74112582206726, 16.47846508026123, 16.362215757369995, 16.18868398666382, 16.237767934799194, 16.07706880569458, 16.269482135772705, 16.172296285629272, 16.291491985321045, 16.39578866958618, 17.43754005432129, 16.322751998901367, 16.399654865264893, 16.43718719482422, 16.47061586380005, 17.001662015914917, 16.976613998413086, 17.246697902679443, 17.26951003074646, 17.317456007003784, 17.299458026885986, 17.35865592956543, 17.267351865768433, 17.244471073150635, 17.247346878051758, 17.17343020439148, 17.311629056930542, 17.184717178344727, 17.744914054870605, 18.63648796081543, 17.579832077026367, 18.287036895751953, 18.46647596359253, 18.308396816253662, 18.30159902572632, 19.951730012893677, 18.568758010864258, 18.420148849487305, 18.49891686439514, 18.427042961120605, 18.459773063659668, 18.402520895004272, 17.851969003677368, 17.424505949020386, 18.29552412033081, 17.129411697387695, 16.914130210876465, 16.96873426437378, 17.170982837677002, 17.169666051864624, 17.195454835891724, 17.31949782371521, 17.22071409225464, 17.2137348651886, 17.356029987335205, 17.193115949630737, 17.35572099685669, 17.764925241470337, 18.14923095703125, 18.591423988342285, 18.44329285621643, 18.568123817443848, 18.49445915222168, 18.53103995323181, 18.69601607322693, 18.62841510772705, 18.526172876358032, 18.633254766464233, 18.57600998878479, 8.883554935455322]}