{"train_loss": [0.012836501011937437], "val_loss": 0.013236618535714298, "val_accuracy": 0.5868910095429433, "batch_times": [15.10443115234375, 15.09791898727417, 15.084259748458862, 15.15496015548706, 15.181241750717163, 15.137603998184204, 16.83014488220215, 15.24318265914917, 15.19785213470459, 15.154380798339844, 15.132550239562988, 15.718714714050293, 15.132805109024048, 15.129568815231323, 15.153597354888916, 15.120137929916382, 15.134389877319336, 15.088057279586792, 15.092695713043213, 15.13658595085144, 15.091840028762817, 15.093223094940186, 15.093215227127075, 15.093283891677856, 15.151165962219238, 15.090757846832275, 15.094285011291504, 15.09091591835022, 15.091219186782837, 15.09020185470581, 15.097111940383911, 15.091190099716187, 15.092704057693481, 15.100342035293579, 15.107790231704712, 15.13568902015686, 15.085148096084595, 15.091229915618896, 15.10682487487793, 15.088426113128662, 15.092023849487305, 15.129693984985352, 15.095870971679688, 15.078359127044678, 15.124466896057129, 15.086797952651978, 15.097826719284058, 15.107892990112305, 15.097408056259155, 15.090337991714478, 15.681545972824097, 15.085964918136597, 15.094774007797241, 15.086334943771362, 15.111781120300293, 15.125731945037842, 15.229842901229858, 15.117800951004028, 15.133004903793335, 15.116865873336792, 15.139159202575684, 15.12373685836792, 15.15207314491272, 15.088786840438843, 15.17621922492981, 15.098850727081299, 15.107375860214233, 15.08623218536377, 15.14928412437439, 15.082687377929688, 15.094319105148315, 15.0747389793396, 15.123402118682861, 15.076276063919067, 15.109455108642578, 15.179492950439453, 15.252116918563843, 15.082366943359375, 15.093305826187134, 15.07706332206726, 15.089917182922363, 15.077664852142334, 15.091372966766357, 15.093650102615356, 15.111984252929688, 15.089109182357788, 15.08958625793457, 15.082993030548096, 15.085945844650269, 15.084168195724487, 15.679752111434937, 15.085073232650757, 15.09009575843811, 15.084425926208496, 15.11492109298706, 15.124938011169434, 15.083350896835327, 15.080024719238281, 15.087269067764282, 15.0782790184021, 15.086385011672974, 15.081640005111694, 15.085409879684448, 15.110708951950073, 15.087109088897705, 15.083777904510498, 15.083505153656006, 15.083691835403442, 15.081111907958984, 15.082226991653442, 15.087809085845947, 15.081584930419922, 15.086781978607178, 15.097068071365356, 15.102940082550049, 15.143142223358154, 15.087231159210205, 15.081454992294312, 15.088022708892822, 15.086881160736084, 15.092142105102539, 15.101148843765259, 15.1285560131073, 15.15376091003418, 15.131655216217041, 15.128550052642822, 15.131433010101318, 15.138519048690796, 15.129754781723022, 15.110352039337158, 15.731274366378784, 15.112977027893066, 15.136245012283325, 15.144922018051147, 15.127952814102173, 15.228579044342041, 15.63685393333435, 15.116099119186401, 15.131152868270874, 15.333307981491089, 15.374522686004639, 15.152059078216553, 15.222959995269775, 15.16745400428772, 15.15692400932312, 15.124696016311646, 15.133744716644287, 15.124332904815674, 15.11830186843872, 15.14578104019165, 15.12091064453125, 15.123175859451294, 15.117908000946045, 15.137815952301025, 15.168689966201782, 15.129788160324097, 15.12119460105896, 15.134358882904053, 15.082488059997559, 15.089158773422241, 15.08148980140686, 15.089128971099854, 15.088618993759155, 15.113672733306885, 15.082714080810547, 15.189208984375, 15.081277132034302, 15.096082925796509, 15.075049877166748, 15.83896517753601, 15.076197147369385, 15.09618592262268, 15.078593015670776, 15.10873818397522, 15.119025230407715, 15.1008620262146, 15.075829029083252, 15.159032821655273, 15.077447175979614, 15.091713666915894, 15.076914072036743, 15.089126825332642, 15.080113172531128, 15.11721396446228, 15.08173394203186, 15.099928140640259, 15.095533847808838, 15.091138124465942, 15.07923412322998, 15.095141887664795, 15.077251195907593, 15.094772815704346, 15.078317165374756, 15.106059074401855, 15.152951955795288, 15.092534065246582, 15.081799983978271, 15.091723918914795, 15.076808214187622, 15.092811822891235, 15.076317310333252, 15.09373426437378, 15.127478837966919, 15.101895332336426, 15.07925009727478, 15.237498044967651, 15.088698863983154, 15.096336126327515, 15.188180208206177, 16.774967908859253, 15.840955257415771, 15.87875509262085, 15.73065996170044, 15.58903980255127, 15.519428253173828, 15.260661125183105, 15.175846815109253, 15.129029750823975, 15.085530996322632, 15.19559907913208, 15.225035905838013, 15.301744937896729, 15.534714937210083, 15.405611038208008, 15.395840644836426, 15.345448017120361, 15.306010007858276, 15.322474956512451, 15.409338235855103, 15.352086067199707, 15.342364072799683, 15.31972599029541, 15.442031145095825, 15.602421998977661, 15.546831846237183, 15.329162836074829, 15.55089783668518, 15.43722128868103, 15.24127721786499, 15.080769062042236, 15.092993974685669, 15.098485946655273, 15.105630159378052, 15.084589004516602, 15.109380006790161, 15.078787803649902, 15.130566120147705, 15.096470832824707, 15.855523109436035, 15.095915079116821, 15.111783027648926, 15.076432943344116, 15.110548973083496, 15.129004001617432, 15.095599889755249, 15.075484275817871, 15.089885234832764, 15.086845874786377, 15.103376865386963, 15.086881875991821, 15.095480680465698, 15.099753856658936, 15.090254068374634, 15.07746410369873, 15.108794212341309, 15.07915186882019, 15.091331958770752, 15.074243068695068, 15.092145919799805, 15.075014114379883, 15.091787815093994, 15.088557958602905, 15.103561878204346, 15.192282915115356, 15.092254877090454, 15.074731826782227, 15.125545978546143, 15.121134996414185, 15.123153924942017, 15.083400011062622, 15.088200092315674, 15.119609832763672, 15.085915327072144, 15.084879875183105, 15.094149827957153, 15.104803085327148, 15.096184730529785, 15.093010187149048, 15.687431812286377, 15.093019008636475, 15.085726976394653, 15.096421003341675, 15.088423013687134, 15.135545015335083, 15.088265895843506, 15.079739809036255, 15.084151029586792, 15.08312702178955, 15.082639932632446, 15.08008074760437, 15.147450923919678, 15.14039134979248, 15.09249472618103, 15.081501960754395, 15.089197158813477, 15.147388935089111, 15.16780400276184, 15.11401915550232, 15.134461879730225, 15.085814952850342, 15.084986925125122, 15.113439083099365, 15.172383069992065, 15.094819784164429, 15.100766897201538, 15.083354234695435, 15.086874723434448, 15.069573879241943, 15.091294288635254, 15.07210922241211, 15.091885089874268, 15.39988088607788, 15.115544080734253, 15.089029788970947, 15.194395065307617, 15.096505880355835, 7.335654020309448]}