{"train_loss": [0.013592957155988896], "val_loss": 0.013575898854113828, "val_accuracy": 0.5575087895529884, "batch_times": [15.117353200912476, 15.118817806243896, 15.110932350158691, 15.116682767868042, 15.109243154525757, 15.119910717010498, 15.110054969787598, 15.117348194122314, 15.109766960144043, 15.117959976196289, 15.109492063522339, 15.236345767974854, 17.53252387046814, 17.530322790145874, 18.76165771484375, 20.710856199264526, 21.7808620929718, 21.374138116836548, 20.389136791229248, 19.518129110336304, 18.769856929779053, 18.734966039657593, 18.684170961380005, 18.648311853408813, 18.573299169540405, 18.436491012573242, 18.828826904296875, 19.111944913864136, 19.093020915985107, 18.75242805480957, 18.2762770652771, 17.909759998321533, 17.522321939468384, 17.788607835769653, 17.773026704788208, 17.905470848083496, 18.40554904937744, 18.732343912124634, 19.026253938674927, 19.856274127960205, 20.41096806526184, 20.305280923843384, 20.700276851654053, 21.805256843566895, 23.185479164123535, 21.496396780014038, 21.483742237091064, 21.432401180267334, 20.602066040039062, 20.069427967071533, 19.73219609260559, 19.768505811691284, 19.54930806159973, 19.73586106300354, 19.736576080322266, 19.839962244033813, 20.2633957862854, 20.56774401664734, 20.739320039749146, 20.697340965270996, 20.635544776916504, 20.58369493484497, 20.104114770889282, 19.927003860473633, 20.11924719810486, 19.3970730304718, 18.77208185195923, 18.556016206741333, 18.506181955337524, 18.480525016784668, 18.53751301765442, 18.540700912475586, 18.679054260253906, 18.75843381881714, 19.949416160583496, 19.481910943984985, 20.31180214881897, 21.09901189804077, 21.476591110229492, 21.65219020843506, 21.633193254470825, 21.57192587852478, 22.92810821533203, 33.42825698852539, 33.669553995132446, 33.5530219078064, 33.96410799026489, 33.51082801818848, 34.083892822265625, 33.94686698913574, 33.69701290130615, 33.69939088821411, 38.09757900238037, 35.52831530570984, 33.54205584526062, 37.01014304161072, 34.13268494606018, 34.30015277862549, 32.19756603240967, 27.851393938064575, 24.969411849975586, 24.94548487663269, 25.274625778198242, 24.343470096588135, 24.159170866012573, 24.46246314048767, 24.78727698326111, 24.9009850025177, 26.18389129638672, 27.854027032852173, 27.642279863357544, 26.66378903388977, 26.096508026123047, 25.57118535041809, 25.343466997146606, 25.228180170059204, 25.41642689704895, 27.83472204208374, 27.28046989440918, 29.375491857528687, 29.057416200637817, 28.507280111312866, 27.94830632209778, 26.700798988342285, 24.27555799484253, 22.342244863510132, 21.55536413192749, 21.441059112548828, 21.523957014083862, 21.974765062332153, 22.16640019416809, 22.97162103652954, 23.144143104553223, 24.619834184646606, 26.528504848480225, 27.2694251537323, 27.168717861175537, 26.31985306739807, 25.695623874664307, 25.568392753601074, 28.701065063476562, 27.051578044891357, 26.315396070480347, 24.304841995239258, 22.180171966552734, 21.727379083633423, 21.70587706565857, 22.018901109695435, 22.437984943389893, 22.71295189857483, 22.886178731918335, 21.935610055923462, 20.393301010131836, 20.292006015777588, 20.257953882217407, 20.175436973571777, 20.11459708213806, 20.149507761001587, 20.011587142944336, 20.032280921936035, 20.796656131744385, 21.60308074951172, 21.716684103012085, 21.705857038497925, 21.331406116485596, 21.103456020355225, 20.764599084854126, 20.599540948867798, 22.01070284843445, 20.657217979431152, 20.850301027297974, 22.069493055343628, 22.960558891296387, 21.33987307548523, 21.124727964401245, 21.079707860946655, 20.835014820098877, 20.554898738861084, 20.18842101097107, 20.087405681610107, 19.97133731842041, 20.813377141952515, 19.867756128311157, 19.80026388168335, 19.67185401916504, 19.78084111213684, 19.800984859466553, 19.674684286117554, 19.789802074432373, 19.633246183395386, 19.70735788345337, 19.674354076385498, 19.563886165618896, 19.548049211502075, 19.505231857299805, 19.319997787475586, 19.350428819656372, 20.581031322479248, 19.307013988494873, 19.386942863464355, 19.436288833618164, 19.542160034179688, 19.356827974319458, 19.292462825775146, 19.192687034606934, 19.181607007980347, 19.098307132720947, 19.20473599433899, 19.19546127319336, 19.2739839553833, 20.110151767730713, 20.816322803497314, 21.351731777191162, 21.57790207862854, 21.49819302558899, 21.236261129379272, 21.155296087265015, 20.87463617324829, 20.867084980010986, 20.746468782424927, 20.562992095947266, 20.580204010009766, 20.499319076538086, 20.579503059387207, 20.664718866348267, 20.574042081832886, 20.06476593017578, 20.51136589050293, 18.7218017578125, 18.494037866592407, 18.439928770065308, 18.59620499610901, 18.58049774169922, 18.67206907272339, 18.714585781097412, 18.810317039489746, 18.74071192741394, 19.07530689239502, 19.587552070617676, 20.261834144592285, 20.844867944717407, 20.946631908416748, 20.907174825668335, 20.749236822128296, 20.569622039794922, 20.459147930145264, 20.33138418197632, 20.209710836410522, 20.048529863357544, 19.952587127685547, 20.27418303489685, 20.091217041015625, 20.08349084854126, 20.158865213394165, 20.132287979125977, 20.15684199333191, 20.539535999298096, 21.40458393096924, 20.01451015472412, 19.964904069900513, 19.925955057144165, 20.10414695739746, 20.155242919921875, 20.211260318756104, 20.15867280960083, 20.268161058425903, 20.059727907180786, 19.95243787765503, 20.034115076065063, 19.933622121810913, 19.929304122924805, 19.951695919036865, 19.944424390792847, 19.657930850982666, 19.28497815132141, 18.962704181671143, 18.845932960510254, 18.618586778640747, 18.594934940338135, 18.734429121017456, 18.670794010162354, 18.604761123657227, 18.730133056640625, 18.702608823776245, 18.65145707130432, 18.74524188041687, 18.673364877700806, 18.770061016082764, 19.89312219619751, 18.78584313392639, 18.74325919151306, 18.807358026504517, 18.945492029190063, 18.786360025405884, 18.767154932022095, 18.759098052978516, 18.893983364105225, 18.763609170913696, 18.81055998802185, 18.807002782821655, 18.734311819076538, 18.82471013069153, 18.79686212539673, 18.781241178512573, 19.342654943466187, 19.950992822647095, 20.579159021377563, 21.120301246643066, 20.97182297706604, 20.950478076934814, 20.768173694610596, 20.51334810256958, 20.492984771728516, 20.44356918334961, 20.25589609146118, 20.261605739593506, 20.243043184280396, 19.587215185165405, 18.859364986419678, 19.74757409095764, 18.479726791381836, 18.377164840698242, 18.53097701072693, 18.568869829177856, 18.603748083114624, 18.63571286201477, 9.042175054550171]}