{"train_loss": [0.012965338542377278], "val_loss": 0.0132709186299107, "val_accuracy": 0.5826217980914113, "batch_times": [14.964752912521362, 14.965017795562744, 15.085757970809937, 14.978283882141113, 15.101393938064575, 15.023003101348877, 15.034889936447144, 15.146494150161743, 15.048005104064941, 15.060265064239502, 15.066999912261963, 15.065388917922974, 15.112356901168823, 15.095010042190552, 15.083629131317139, 15.089613676071167, 15.087712049484253, 15.095484972000122, 15.099289178848267, 15.110504150390625, 15.091462135314941, 15.096781015396118, 15.089303016662598, 15.145043134689331, 15.085958242416382, 15.109628200531006, 15.096186876296997, 15.112961053848267, 15.091304063796997, 15.097168207168579, 15.0890531539917, 15.10382604598999, 15.123087167739868, 15.723963737487793, 15.13500189781189, 15.099873781204224, 15.093079090118408, 15.110603094100952, 15.103971004486084, 15.100157976150513, 15.09456205368042, 15.097985744476318, 15.093227863311768, 15.102214813232422, 15.098945140838623, 15.106502294540405, 15.095792293548584, 15.099483013153076, 15.0882728099823, 15.099164009094238, 15.090177059173584, 15.118165969848633, 15.118337154388428, 15.095430850982666, 15.10295295715332, 15.091338157653809, 15.103232860565186, 15.10331416130066, 15.148612976074219, 15.09407901763916, 15.099244117736816, 15.091984748840332, 15.10166621208191, 15.090804100036621, 661.8705589771271, 15.31948709487915, 15.076565027236938, 15.006344318389893, 14.973834037780762, 15.028007984161377, 15.04489779472351, 15.031359910964966, 15.137228965759277, 15.649373054504395, 15.094291925430298, 15.08016586303711, 15.108420848846436, 15.100819110870361, 15.105803966522217, 15.08290982246399, 15.097440958023071, 15.08387303352356, 15.092995882034302, 15.086364984512329, 15.096843004226685, 15.089891910552979, 15.10200023651123, 15.080481052398682, 15.124254941940308, 15.08372712135315, 15.096791982650757, 15.083164930343628, 15.097040176391602, 15.084083080291748, 15.098337173461914, 15.08650517463684, 15.094781875610352, 15.095046758651733, 15.139944791793823, 15.084682941436768, 15.093603134155273, 15.093130111694336, 15.104574918746948, 15.08857774734497, 15.10232400894165, 15.087752103805542, 15.090365171432495, 15.086605787277222, 15.13089108467102, 15.08502197265625, 15.092918872833252, 15.08299970626831, 15.101428985595703, 15.649457931518555, 15.093431234359741, 15.085806131362915, 15.10531497001648, 15.095621109008789, 15.135213136672974, 15.08601713180542, 15.101248979568481, 15.085661172866821, 15.095778226852417, 15.09072208404541, 15.166850090026855, 2093.5418388843536, 930.5048959255219, 1140.7228848934174, 374.4466052055359, 2845.771307706833, 2077.1153151988983, 16.296437978744507, 15.597395181655884, 15.049400091171265, 14.983605146408081, 14.98625111579895, 14.92443323135376, 14.999560117721558, 14.980893850326538, 15.090020656585693, 15.031745910644531, 15.042407989501953, 15.084955930709839, 15.072999954223633, 15.085573196411133, 15.117166996002197, 15.105281829833984, 15.07939600944519, 15.087918043136597, 15.091147899627686, 15.101887941360474, 15.080541849136353, 15.697390079498291, 15.10513687133789, 15.098155975341797, 15.08246898651123, 15.103400230407715, 15.151341676712036, 15.101375818252563, 15.084578037261963, 15.093934774398804, 15.083750247955322, 15.135288953781128, 15.083262920379639, 15.102357864379883, 15.082801103591919, 15.096704959869385, 15.081435203552246, 15.099560260772705, 15.085011005401611, 15.106848001480103, 15.082556962966919, 15.095991134643555, 15.083832025527954, 15.102325201034546, 15.08509612083435, 15.103260040283203, 15.1296067237854, 15.094748973846436, 15.079549789428711, 15.092628955841064, 15.085573196411133, 15.123483180999756, 15.083763837814331, 15.111949920654297, 15.110487937927246, 15.084816932678223, 15.091427087783813, 15.084372997283936, 15.092013835906982, 15.087976932525635, 15.090939998626709, 15.625004053115845, 15.092242002487183, 15.08320689201355, 15.220757961273193, 1331.1232359409332, 15.767379999160767, 15.123790979385376, 15.03627610206604, 14.968813180923462, 15.050435781478882, 15.057554960250854, 15.116934061050415, 15.102329730987549, 15.112853050231934, 15.082284927368164, 15.094693183898926, 15.077478885650635, 15.152706146240234, 15.083631038665771, 15.093961954116821, 15.084475040435791, 15.09635877609253, 15.121327877044678, 15.094771146774292, 15.097767353057861, 15.142547845840454, 15.086809873580933, 15.09809398651123, 15.082489728927612, 15.109450101852417, 15.084181070327759, 15.124974966049194, 15.085736989974976, 15.102528810501099, 15.084484100341797, 15.096266984939575, 15.089374780654907, 15.094830751419067, 15.082823991775513, 15.253573894500732, 15.543017864227295, 15.098350048065186, 15.11426568031311, 15.098704099655151, 15.143762826919556, 15.117986917495728, 15.096925973892212, 15.100795030593872, 15.087788105010986, 15.093340873718262, 15.088041067123413, 15.104790210723877, 15.087946891784668, 15.089363813400269, 15.082344055175781, 15.096148014068604, 15.085071802139282, 15.093427181243896, 15.085789203643799, 15.096435070037842, 15.088516235351562, 15.0951669216156, 15.115191221237183, 15.10421895980835, 15.22779107093811, 1957.74267411232, 1603.9385738372803, 1232.008369922638, 15.984986066818237, 15.314723253250122, 14.983043193817139, 14.97870421409607, 14.891215801239014, 14.978378057479858, 15.03212594985962, 15.051690101623535, 15.003045082092285, 15.121160984039307, 15.071383714675903, 15.706055164337158, 15.086772203445435, 15.342000246047974, 15.100337982177734, 15.10942792892456, 15.08658504486084, 15.122550010681152, 15.08623480796814, 15.098316192626953, 15.081853866577148, 15.226492881774902, 15.115931749343872, 15.227450847625732, 15.09172511100769, 15.115753173828125, 15.126555919647217, 15.103720903396606, 15.221208095550537, 15.128442764282227, 15.144216060638428, 15.133515119552612, 15.666486024856567, 17.367387294769287, 15.630040168762207, 15.29816722869873, 15.855650901794434, 15.970196962356567, 15.556957960128784, 16.06290102005005, 15.768478870391846, 15.3003990650177, 15.206779718399048, 15.205480813980103, 15.241325855255127, 16.75062870979309, 15.623209953308105, 15.23335599899292, 15.49071192741394, 15.337162017822266, 15.73395299911499, 15.12474513053894, 15.187265157699585, 15.144178867340088, 15.18671178817749, 15.141910076141357, 15.482568979263306, 15.200416803359985, 15.136313915252686, 15.158206224441528, 15.136052370071411, 15.175086259841919, 15.824851989746094, 15.260485887527466, 15.224668979644775, 15.361168146133423, 7.465013027191162]}