{"train_loss": [0.014120146227637988], "val_loss": 0.013840223433999533, "val_accuracy": 0.5429432446007032, "batch_times": [15.100903272628784, 15.086169004440308, 15.09149432182312, 15.087194919586182, 15.121119022369385, 15.088109016418457, 15.09754490852356, 15.112329959869385, 15.095561027526855, 15.087644100189209, 15.091678142547607, 15.089422702789307, 15.09453535079956, 15.089919805526733, 15.098331928253174, 15.10753583908081, 15.152979850769043, 15.088011026382446, 15.110427856445312, 15.12729287147522, 15.096065044403076, 15.087205171585083, 15.114042043685913, 15.087638139724731, 15.221086978912354, 15.091752052307129, 15.095067977905273, 15.085021257400513, 15.100320100784302, 15.089910984039307, 15.665492057800293, 15.08538007736206, 15.097947835922241, 15.090340852737427, 15.096657037734985, 15.089494705200195, 15.127061128616333, 15.08848261833191, 15.100465059280396, 15.08672833442688, 15.90349292755127, 16.611783742904663, 17.041615962982178, 17.57165002822876, 17.930727243423462, 18.04038405418396, 18.057004928588867, 18.154815912246704, 18.070986032485962, 17.60007405281067, 17.382141828536987, 17.386876821517944, 17.436211824417114, 17.44936490058899, 17.789166927337646, 17.447272300720215, 17.791050910949707, 18.062864303588867, 17.933957815170288, 17.80353617668152, 17.916898012161255, 18.166568279266357, 18.32107424736023, 18.199781894683838, 18.451205730438232, 20.27264404296875, 18.832985639572144, 18.670246124267578, 18.578275203704834, 18.305185079574585, 18.360837936401367, 18.545571088790894, 18.796119689941406, 19.147484064102173, 19.210895776748657, 19.000057220458984, 18.806509733200073, 18.7547709941864, 19.400492191314697, 19.932573080062866, 19.844001054763794, 19.78438711166382, 19.55522108078003, 19.36946415901184, 19.366806030273438, 19.403687953948975, 19.054861068725586, 18.725966930389404, 18.61856484413147, 19.00500512123108, 19.878575086593628, 20.256925106048584, 20.653730869293213, 20.96325182914734, 20.992090940475464, 20.4411678314209, 21.310776948928833, 19.54810333251953, 19.415425777435303, 19.35731029510498, 19.265605211257935, 19.680577039718628, 19.345625638961792, 19.30390191078186, 19.451025009155273, 20.11127209663391, 21.28367280960083, 21.910485982894897, 22.136252880096436, 21.355820894241333, 20.737178802490234, 20.426814079284668, 20.14237904548645, 20.0436851978302, 20.038260221481323, 20.09002113342285, 20.26841711997986, 20.201716899871826, 20.308852910995483, 20.29617977142334, 20.346986055374146, 20.43688130378723, 20.578973054885864, 20.348686933517456, 20.511252880096436, 21.57213592529297, 20.302288055419922, 20.28469681739807, 21.100731134414673, 20.424872159957886, 20.588054895401, 20.33954095840454, 20.349839210510254, 20.31078815460205, 20.395458221435547, 20.35250997543335, 20.3719961643219, 20.308876037597656, 20.307780981063843, 20.440173864364624, 20.339967012405396, 20.298700094223022, 20.363183975219727, 20.404186248779297, 20.350600957870483, 20.136751890182495, 19.61771321296692, 19.345619916915894, 19.4176766872406, 19.391191005706787, 19.37145709991455, 19.45382785797119, 19.482327222824097, 19.708494901657104, 20.594078302383423, 23.104395151138306, 941.6733779907227, 15.029068231582642, 15.403947114944458, 15.053499221801758, 15.086771965026855, 15.09228801727295, 15.07938265800476, 15.094233274459839, 15.123697996139526, 15.094120025634766, 15.080637216567993, 15.087607622146606, 15.079954862594604, 15.08630108833313, 15.082987070083618, 15.08802604675293, 15.082853078842163, 15.152379035949707, 15.080570936203003, 15.098736047744751, 15.086869955062866, 15.10158896446228, 15.088654041290283, 15.121987104415894, 15.093670845031738, 15.091493129730225, 15.08582329750061, 15.093404054641724, 15.195019006729126, 15.091736793518066, 15.085223913192749, 15.085914134979248, 15.088308811187744, 15.090520858764648, 15.086845874786377, 15.094387769699097, 15.090389013290405, 15.10971188545227, 15.603825807571411, 15.093342065811157, 15.082214832305908, 15.087913990020752, 15.098341703414917, 15.125342845916748, 15.088631868362427, 15.08842921257019, 15.087490797042847, 15.092262268066406, 15.786165952682495, 16.643903970718384, 17.00546383857727, 17.44341206550598, 17.591395139694214, 17.502968788146973, 17.61088728904724, 17.629146814346313, 17.55250096321106, 17.382364988327026, 17.105911016464233, 16.988778829574585, 16.77217698097229, 16.76183295249939, 16.899299144744873, 17.23195719718933, 17.288511037826538, 17.145796298980713, 17.218069076538086, 17.536897659301758, 17.638262033462524, 17.660730123519897, 17.757463932037354, 17.64177107810974, 17.551048040390015, 17.873239994049072, 19.40252995491028, 18.40479803085327, 18.248694896697998, 18.059036016464233, 17.99275493621826, 17.80610466003418, 17.78294610977173, 17.659242868423462, 17.561985969543457, 17.900389909744263, 18.129832983016968, 18.443537950515747, 18.580875873565674, 18.689942836761475, 18.64672589302063, 18.370173931121826, 18.143980979919434, 18.109266757965088, 17.919902801513672, 17.86666703224182, 18.33180809020996, 18.912877082824707, 19.422003030776978, 19.880495071411133, 19.626035928726196, 19.13203191757202, 18.715797185897827, 18.524828910827637, 18.377787828445435, 18.33452582359314, 18.40724492073059, 18.46963405609131, 19.347827911376953, 19.89840602874756, 18.684174060821533, 18.802813053131104, 19.03032088279724, 18.700212955474854, 18.70666217803955, 18.645616054534912, 18.536338090896606, 18.242795944213867, 18.11162805557251, 18.0414137840271, 17.92967176437378, 17.954221963882446, 18.074018001556396, 18.607930660247803, 19.253592014312744, 19.684996843338013, 19.86643409729004, 19.87995195388794, 19.8769850730896, 19.74795174598694, 19.629136085510254, 19.547152042388916, 19.69706106185913, 19.542134046554565, 19.536282777786255, 19.696609020233154, 19.58101511001587, 19.550201177597046, 19.476494073867798, 20.078637838363647, 20.680201053619385, 19.546955108642578, 19.508136987686157, 19.55433201789856, 19.878886222839355, 19.545820951461792, 19.449764728546143, 19.493829250335693, 19.475345849990845, 19.459327936172485, 19.53276300430298, 19.54879903793335, 19.51462197303772, 19.563902854919434, 19.529818058013916, 19.580408811569214, 19.289126873016357, 18.58177876472473, 18.142552852630615, 19.006177186965942, 17.726513862609863, 17.87458896636963, 17.809294939041138, 17.93177890777588, 18.021090984344482, 18.039754152297974, 18.139363050460815, 18.651103973388672, 19.32580590248108, 19.80464792251587, 19.942571878433228, 21.302839994430542, 9.679798126220703]}