{"train_loss": [2.919349541028401], "val_loss": [2.4839482931973262], "val_accuracy": [0.3056253139126067], "batch_times": [0.004464149475097656, 0.004487037658691406, 0.004391908645629883, 0.004812002182006836, 0.004527091979980469, 0.0044040679931640625, 0.004355907440185547, 0.0048220157623291016, 0.004462003707885742, 0.004431724548339844, 0.004865169525146484, 0.004372835159301758, 0.00448298454284668, 0.004395961761474609, 0.004587888717651367, 0.0043942928314208984, 0.004610776901245117, 0.004378080368041992, 0.004557132720947266, 0.0043790340423583984, 0.00434422492980957, 0.004330873489379883, 0.004487752914428711, 0.0043871402740478516, 0.0045320987701416016, 0.004762887954711914, 0.004708051681518555, 0.004438877105712891, 0.004414081573486328, 0.004807233810424805, 0.004595041275024414, 0.00450897216796875, 0.004470109939575195, 0.004557132720947266, 0.004405021667480469, 0.004524707794189453, 0.004870176315307617, 0.004646778106689453, 0.004598140716552734, 0.0044400691986083984, 0.004791736602783203, 0.0045430660247802734, 0.0045740604400634766, 0.0048427581787109375, 0.004501819610595703, 0.004466056823730469, 0.004415035247802734, 0.004796028137207031, 0.004662990570068359, 0.004565000534057617, 0.004559755325317383, 0.004628896713256836, 0.004422903060913086, 0.004441022872924805, 0.004634857177734375, 0.004370212554931641, 0.004366874694824219, 0.00434112548828125, 0.004647731781005859, 0.0043981075286865234, 0.004370927810668945, 0.004339933395385742, 0.0047070980072021484, 0.004450082778930664, 0.004420757293701172, 0.004400968551635742, 0.0045659542083740234, 0.004364013671875, 0.0045490264892578125, 0.004860877990722656, 0.005067110061645508, 0.004931211471557617, 0.005085945129394531, 0.004686832427978516, 0.004528999328613281, 0.0046880245208740234, 0.004966020584106445, 0.004565000534057617, 0.004535198211669922, 0.004548788070678711, 0.00475001335144043, 0.0045928955078125, 0.004520893096923828, 0.004904985427856445, 0.0046651363372802734, 0.004656791687011719, 0.0045642852783203125, 0.004650115966796875, 0.004419803619384766, 0.004594087600708008, 0.005636930465698242, 0.004389047622680664, 0.004370212554931641, 0.0044097900390625, 0.004458189010620117, 0.00433802604675293, 0.004663228988647461, 0.004501819610595703, 0.004588127136230469, 0.004395008087158203, 0.0044820308685302734, 0.004420042037963867, 0.004545927047729492, 0.004364013671875, 0.004347085952758789, 0.004500150680541992, 0.00435185432434082, 0.004335880279541016, 0.004336833953857422, 0.00445103645324707, 0.0043370723724365234, 0.004348039627075195, 0.00433802604675293, 0.004633665084838867, 0.00436091423034668, 0.004343986511230469, 0.004348278045654297, 0.004712820053100586, 0.004441976547241211, 0.0044269561767578125, 0.0046350955963134766, 0.004366874694824219, 0.0043299198150634766, 0.0043451786041259766, 0.0047070980072021484, 0.004438161849975586, 0.004441738128662109, 0.004421234130859375, 0.00450587272644043, 0.004378318786621094, 0.0044248104095458984, 0.00442814826965332, 0.004515647888183594, 0.0043871402740478516, 0.004364013671875, 0.004446983337402344, 0.004341840744018555, 0.004344940185546875, 0.004339933395385742, 0.004574298858642578, 0.004398822784423828, 0.004349946975708008, 0.004335165023803711, 0.004538059234619141, 0.004513740539550781, 0.004435300827026367, 0.004608154296875, 0.004516124725341797, 0.004511117935180664, 0.004418134689331055, 0.004672050476074219, 0.00446629524230957, 0.004399776458740234, 0.004439115524291992, 0.004559993743896484, 0.004354000091552734, 0.004354000091552734, 0.004342079162597656, 0.004680156707763672, 0.004426002502441406, 0.004459857940673828, 0.004425048828125, 0.004534006118774414, 0.004373073577880859, 0.004343986511230469, 0.004550933837890625, 0.004353046417236328, 0.004334926605224609, 0.004332065582275391, 0.0045621395111083984, 0.004360198974609375, 0.004354953765869141, 0.0044820308685302734, 0.00454401969909668, 0.0043697357177734375, 0.004346132278442383, 0.00434422492980957, 0.004494667053222656, 0.004347085952758789, 0.004328012466430664, 0.00458979606628418, 0.004371166229248047, 0.004331827163696289, 0.004321098327636719, 0.004472017288208008, 0.00436091423034668, 0.004338264465332031, 0.0043299198150634766, 0.004446983337402344, 0.004354000091552734, 0.004328012466430664, 0.0043277740478515625, 0.004644155502319336, 0.004342079162597656, 0.004331827163696289, 0.004336118698120117, 0.004644870758056641, 0.004431009292602539, 0.004413127899169922, 0.0045816898345947266, 0.0044062137603759766, 0.00439906120300293, 0.00447392463684082, 0.004625082015991211, 0.004353046417236328, 0.0043489933013916016, 0.004363059997558594, 0.004561901092529297, 0.0043430328369140625, 0.004336118698120117, 0.004339933395385742, 0.004748106002807617, 0.004347801208496094, 0.004343986511230469, 0.0045659542083740234, 0.00437474250793457, 0.004350185394287109, 0.0043468475341796875, 0.004548072814941406, 0.004330158233642578, 0.004336833953857422, 0.004328012466430664, 0.0044291019439697266, 0.004338979721069336, 0.004333019256591797, 0.004456996917724609, 0.005042076110839844, 0.004505157470703125, 0.0050661563873291016, 0.004645109176635742, 0.004372835159301758, 0.00434112548828125, 0.004349946975708008, 0.004588127136230469, 0.004398822784423828, 0.004358053207397461, 0.0043680667877197266, 0.004590034484863281, 0.004400014877319336, 0.0043828487396240234, 0.004372119903564453, 0.0045528411865234375, 0.004362344741821289, 0.004350900650024414, 0.0044727325439453125, 0.004361152648925781, 0.004343986511230469, 0.004536151885986328, 0.0048980712890625, 0.004554033279418945, 0.004461765289306641, 0.004410266876220703, 0.004524946212768555, 0.004442930221557617, 0.004641056060791016, 0.005352973937988281, 0.00481104850769043, 0.005110025405883789, 0.004640102386474609, 0.004979848861694336, 0.004719972610473633, 0.004714012145996094, 0.0051822662353515625, 0.004560947418212891, 0.004523038864135742, 0.0045740604400634766, 0.0049588680267333984, 0.004602193832397461, 0.00455021858215332, 0.004757881164550781, 0.0045430660247802734, 0.0046539306640625, 0.004562854766845703, 0.00498199462890625, 0.004481077194213867, 0.0043981075286865234, 0.004957914352416992, 0.004776954650878906, 0.004548788070678711, 0.004571199417114258, 0.004956960678100586, 0.0047380924224853516, 0.004633665084838867, 0.004734992980957031, 0.004931926727294922, 0.004511833190917969, 0.004494905471801758, 0.005960941314697266, 0.005809307098388672, 0.00482487678527832, 0.0061681270599365234, 0.00561213493347168, 0.005717754364013672, 0.0069119930267333984, 0.008563995361328125, 0.00881505012512207, 0.004965782165527344, 0.0046710968017578125, 0.005650997161865234, 0.005416154861450195, 0.0049021244049072266, 0.005789041519165039, 0.005054950714111328, 0.0048329830169677734, 0.005640983581542969, 0.00481104850769043, 0.004782915115356445, 0.005379199981689453, 0.004846811294555664, 0.004786968231201172, 0.00501704216003418, 0.006380796432495117, 0.004836082458496094, 0.004792928695678711, 0.007277727127075195, 0.005404949188232422, 0.00490117073059082, 0.005720853805541992, 0.004848003387451172, 0.004745960235595703, 0.0054128170013427734, 0.00513005256652832, 0.004929065704345703, 0.0053369998931884766, 0.004821062088012695, 0.00494384765625, 0.002421855926513672]}