{"train_loss": [2.903770195133567], "val_loss": [2.4807858995969907], "val_accuracy": [0.30261175288799597], "batch_times": [0.008928060531616211, 0.006165266036987305, 0.005017280578613281, 0.007756948471069336, 0.00496363639831543, 0.004485130310058594, 0.0052568912506103516, 0.004936933517456055, 0.004900217056274414, 0.005137920379638672, 0.004784822463989258, 0.0047380924224853516, 0.004981040954589844, 0.004535198211669922, 0.004508018493652344, 0.004701852798461914, 0.005146026611328125, 0.004891872406005859, 0.004687070846557617, 0.0052378177642822266, 0.00471806526184082, 0.0046651363372802734, 0.004910945892333984, 0.004672050476074219, 0.004733085632324219, 0.0046100616455078125, 0.004745960235595703, 0.0050847530364990234, 0.004711151123046875, 0.0053081512451171875, 0.005674123764038086, 0.004547834396362305, 0.0044519901275634766, 0.004598140716552734, 0.00440669059753418, 0.004394054412841797, 0.004737138748168945, 0.004788875579833984, 0.004395008087158203, 0.0043909549713134766, 0.004479169845581055, 0.004797935485839844, 0.004428863525390625, 0.004420042037963867, 0.004672050476074219, 0.004395961761474609, 0.004659891128540039, 0.004448890686035156, 0.004497051239013672, 0.004354953765869141, 0.0043599605560302734, 0.0047779083251953125, 0.0045549869537353516, 0.0043888092041015625, 0.004424095153808594, 0.004498004913330078, 0.004355907440185547, 0.004348039627075195, 0.004453897476196289, 0.004616975784301758, 0.004430055618286133, 0.004442930221557617, 0.004400014877319336, 0.004619121551513672, 0.004397869110107422, 0.0043489933013916016, 0.004752159118652344, 0.004415035247802734, 0.004495143890380859, 0.004433155059814453, 0.004582881927490234, 0.004374027252197266, 0.004386186599731445, 0.004464864730834961, 0.00484919548034668, 0.004532337188720703, 0.004458189010620117, 0.004700183868408203, 0.0045397281646728516, 0.004472017288208008, 0.004463911056518555, 0.004663944244384766, 0.004450082778930664, 0.004423856735229492, 0.0044519901275634766, 0.004750967025756836, 0.004559040069580078, 0.004440784454345703, 0.0047342777252197266, 0.004841327667236328, 0.0053708553314208984, 0.004662036895751953, 0.004828929901123047, 0.0048868656158447266, 0.004723072052001953, 0.005064964294433594, 0.0052340030670166016, 0.004620075225830078, 0.004425048828125, 0.004992008209228516, 0.004434823989868164, 0.004697084426879883, 0.004656791687011719, 0.004436016082763672, 0.004431009292602539, 0.0045239925384521484, 0.00494694709777832, 0.004601716995239258, 0.004584074020385742, 0.0046520233154296875, 0.0049762725830078125, 0.004442930221557617, 0.0044100284576416016, 0.004590749740600586, 0.004416942596435547, 0.004456043243408203, 0.004787921905517578, 0.005143165588378906, 0.004657745361328125, 0.004562854766845703, 0.0050890445709228516, 0.005029201507568359, 0.0053501129150390625, 0.004498004913330078, 0.004642963409423828, 0.004765033721923828, 0.004519939422607422, 0.004764080047607422, 0.004584074020385742, 0.004530191421508789, 0.0044727325439453125, 0.004884004592895508, 0.004518032073974609, 0.004790782928466797, 0.004824161529541016, 0.004691123962402344, 0.004518032073974609, 0.004439115524291992, 0.004745960235595703, 0.00447392463684082, 0.0043561458587646484, 0.0044710636138916016, 0.004892826080322266, 0.004491090774536133, 0.004923820495605469, 0.00498509407043457, 0.0047109127044677734, 0.00488591194152832, 0.004932880401611328, 0.004934072494506836, 0.004822969436645508, 0.004828214645385742, 0.005612850189208984, 0.004729032516479492, 0.005053997039794922, 0.00551295280456543, 0.004795074462890625, 0.004848957061767578, 0.004907846450805664, 0.004928112030029297, 0.004871845245361328, 0.004706144332885742, 0.0053598880767822266, 0.004405975341796875, 0.004362821578979492, 0.0043561458587646484, 0.004600048065185547, 0.004534244537353516, 0.004441976547241211, 0.004594087600708008, 0.004436016082763672, 0.004422187805175781, 0.004411935806274414, 0.004567146301269531, 0.004467964172363281, 0.004433870315551758, 0.004449129104614258, 0.004621982574462891, 0.004379987716674805, 0.004353046417236328, 0.004734992980957031, 0.00446009635925293, 0.004415035247802734, 0.0044116973876953125, 0.004572868347167969, 0.004389286041259766, 0.004374980926513672, 0.004359245300292969, 0.00462794303894043, 0.004446983337402344, 0.004441261291503906, 0.0043909549713134766, 0.004545927047729492, 0.004405021667480469, 0.004438161849975586, 0.004626035690307617, 0.0044209957122802734, 0.004405021667480469, 0.0044269561767578125, 0.004537105560302734, 0.004369974136352539, 0.004357814788818359, 0.004342079162597656, 0.004528045654296875, 0.004392862319946289, 0.0043489933013916016, 0.004409074783325195, 0.004602909088134766, 0.004445075988769531, 0.004421234130859375, 0.004644870758056641, 0.004422187805175781, 0.004394054412841797, 0.004422903060913086, 0.004945039749145508, 0.004696846008300781, 0.004591226577758789, 0.004887819290161133, 0.0052793025970458984, 0.004786968231201172, 0.0051538944244384766, 0.004680156707763672, 0.004503011703491211, 0.004411935806274414, 0.004396915435791016, 0.004804849624633789, 0.004608154296875, 0.004920005798339844, 0.005012035369873047, 0.004932880401611328, 0.004788875579833984, 0.005293846130371094, 0.005504131317138672, 0.005612850189208984, 0.005921840667724609, 0.0049479007720947266, 0.0049932003021240234, 0.0048999786376953125, 0.0050618648529052734, 0.00498509407043457, 0.004921913146972656, 0.005067110061645508, 0.0044710636138916016, 0.004553794860839844, 0.004891872406005859, 0.0046689510345458984, 0.004673957824707031, 0.004606962203979492, 0.005240917205810547, 0.0047757625579833984, 0.0047609806060791016, 0.005214214324951172, 0.004930734634399414, 0.004889011383056641, 0.00484013557434082, 0.005202770233154297, 0.004573345184326172, 0.004857778549194336, 0.0046122074127197266, 0.004593849182128906, 0.004453182220458984, 0.004601240158081055, 0.004866123199462891, 0.0044498443603515625, 0.004389047622680664, 0.004578113555908203, 0.00462794303894043, 0.004370927810668945, 0.004354000091552734, 0.0046100616455078125, 0.0044977664947509766, 0.004439115524291992, 0.004437923431396484, 0.0046138763427734375, 0.004377126693725586, 0.00436091423034668, 0.004452705383300781, 0.004804134368896484, 0.004480838775634766, 0.0044400691986083984, 0.004612922668457031, 0.004518985748291016, 0.004424333572387695, 0.004431724548339844, 0.004608869552612305, 0.004370927810668945, 0.004376888275146484, 0.0043909549713134766, 0.0045070648193359375, 0.004416942596435547, 0.004364013671875, 0.0043599605560302734, 0.00460505485534668, 0.0043621063232421875, 0.004366874694824219, 0.004490852355957031, 0.00441431999206543, 0.004633188247680664, 0.00441288948059082, 0.004534006118774414, 0.004418849945068359, 0.0043680667877197266, 0.004340171813964844, 0.004648923873901367, 0.004400014877319336, 0.004400730133056641, 0.0043561458587646484, 0.004669904708862305, 0.004353046417236328, 0.004395008087158203, 0.0046939849853515625, 0.004488945007324219, 0.004439115524291992, 0.0046579837799072266, 0.004731893539428711, 0.004549264907836914, 0.004414081573486328, 0.0044858455657958984, 0.004866123199462891, 0.0044100284576416016, 0.004384756088256836, 0.004552364349365234, 0.0044019222259521484, 0.004354000091552734, 0.004522800445556641, 0.0048100948333740234, 0.002274751663208008]}