{"train_loss": [2.906576555599019], "val_loss": [2.4839048790569707], "val_accuracy": [0.3053741838272225], "batch_times": [0.004656791687011719, 0.0049591064453125, 0.004633188247680664, 0.004482746124267578, 0.005132198333740234, 0.004900217056274414, 0.004426002502441406, 0.004601955413818359, 0.005575895309448242, 0.004662036895751953, 0.004981040954589844, 0.005692958831787109, 0.0048182010650634766, 0.005236148834228516, 0.005506753921508789, 0.005079984664916992, 0.0055849552154541016, 0.005286216735839844, 0.004979133605957031, 0.004654884338378906, 0.004925251007080078, 0.005586147308349609, 0.004479885101318359, 0.004928112030029297, 0.005300998687744141, 0.00468134880065918, 0.004848957061767578, 0.005316019058227539, 0.005315065383911133, 0.005049943923950195, 0.0049588680267333984, 0.005552053451538086, 0.005116939544677734, 0.0049169063568115234, 0.005407094955444336, 0.004930019378662109, 0.005182981491088867, 0.0060269832611083984, 0.00543522834777832, 0.004945993423461914, 0.005471944808959961, 0.004647970199584961, 0.004479885101318359, 0.004914999008178711, 0.0049631595611572266, 0.004477024078369141, 0.004655122756958008, 0.004587888717651367, 0.00437474250793457, 0.004385948181152344, 0.00433802604675293, 0.0045490264892578125, 0.004438161849975586, 0.004550933837890625, 0.004360198974609375, 0.00458073616027832, 0.004431962966918945, 0.004374980926513672, 0.0045702457427978516, 0.004370927810668945, 0.004345893859863281, 0.0043680667877197266, 0.0046808719635009766, 0.004442930221557617, 0.004380226135253906, 0.00434565544128418, 0.004519939422607422, 0.004364967346191406, 0.004364013671875, 0.004355192184448242, 0.004643917083740234, 0.0044708251953125, 0.004431247711181641, 0.004669904708862305, 0.004436969757080078, 0.004405975341796875, 0.0044171810150146484, 0.004603862762451172, 0.004358053207397461, 0.00435185432434082, 0.004350900650024414, 0.004676103591918945, 0.0044460296630859375, 0.004395008087158203, 0.004431962966918945, 0.004484891891479492, 0.0043582916259765625, 0.0043468475341796875, 0.004492044448852539, 0.004347801208496094, 0.004346132278442383, 0.00444483757019043, 0.004658937454223633, 0.004476070404052734, 0.004347801208496094, 0.004344940185546875, 0.00468134880065918, 0.004421710968017578, 0.004436016082763672, 0.004422903060913086, 0.0046291351318359375, 0.004360198974609375, 0.004349946975708008, 0.004642009735107422, 0.004359245300292969, 0.004369974136352539, 0.0043487548828125, 0.004583120346069336, 0.004463911056518555, 0.004560708999633789, 0.004517316818237305, 0.004805803298950195, 0.004594326019287109, 0.004557132720947266, 0.004667043685913086, 0.0046579837799072266, 0.005082845687866211, 0.004951953887939453, 0.0049591064453125, 0.004464864730834961, 0.004377126693725586, 0.005026102066040039, 0.0049419403076171875, 0.004580020904541016, 0.005205869674682617, 0.006795167922973633, 0.005072832107543945, 0.0072479248046875, 0.0063381195068359375, 0.005701780319213867, 0.005922079086303711, 0.0057528018951416016, 0.005057096481323242, 0.006654977798461914, 0.005835056304931641, 0.006996870040893555, 0.00683903694152832, 0.007361173629760742, 0.007078886032104492, 0.0062830448150634766, 0.05559802055358887, 0.017826080322265625, 0.005219936370849609, 0.005236148834228516, 0.005163908004760742, 0.005555152893066406, 0.005278825759887695, 0.0049631595611572266, 0.0066051483154296875, 0.00492405891418457, 0.004732847213745117, 0.005869150161743164, 0.0048828125, 0.004904985427856445, 0.005316019058227539, 0.004602909088134766, 0.004796266555786133, 0.005055904388427734, 0.005129814147949219, 0.004850864410400391, 0.004709959030151367, 0.004940032958984375, 0.0044918060302734375, 0.004533052444458008, 0.004647731781005859, 0.004755973815917969, 0.004564046859741211, 0.005145072937011719, 0.005435943603515625, 0.004628896713256836, 0.0048980712890625, 0.005081892013549805, 0.005280971527099609, 0.00498199462890625, 0.0045049190521240234, 0.005254268646240234, 0.004602909088134766, 0.00474095344543457, 0.004888772964477539, 0.004492044448852539, 0.004477977752685547, 0.004425048828125, 0.0048601627349853516, 0.004606962203979492, 0.004959821701049805, 0.0054569244384765625, 0.0046842098236083984, 0.004644870758056641, 0.005362987518310547, 0.0051882266998291016, 0.005051851272583008, 0.004575967788696289, 0.005177021026611328, 0.0044040679931640625, 0.004575967788696289, 0.004616975784301758, 0.004623889923095703, 0.004381895065307617, 0.0043561458587646484, 0.0048639774322509766, 0.004379987716674805, 0.004368782043457031, 0.004351377487182617, 0.004518747329711914, 0.0044019222259521484, 0.0043489933013916016, 0.00436091423034668, 0.004766941070556641, 0.004364013671875, 0.004348039627075195, 0.004553079605102539, 0.004382133483886719, 0.00434565544128418, 0.00436091423034668, 0.004784107208251953, 0.0046939849853515625, 0.004687786102294922, 0.004640102386474609, 0.004866123199462891, 0.004530906677246094, 0.0045318603515625, 0.0052318572998046875, 0.004537105560302734, 0.0045397281646728516, 0.004507780075073242, 0.004848957061767578, 0.004547119140625, 0.00452423095703125, 0.00486302375793457, 0.004667043685913086, 0.004696846008300781, 0.004711151123046875, 0.004967212677001953, 0.004749774932861328, 0.00490117073059082, 0.010128974914550781, 0.006540060043334961, 0.008690834045410156, 0.017010927200317383, 0.007735013961791992, 0.009814739227294922, 0.00705409049987793, 0.009222984313964844, 0.0055010318756103516, 0.00468134880065918, 0.007023811340332031, 0.0047910213470458984, 0.004560947418212891, 0.005439043045043945, 0.004909992218017578, 0.00467681884765625, 0.005784034729003906, 0.004896879196166992, 0.004693746566772461, 0.0052089691162109375, 0.006063699722290039, 0.005496978759765625, 0.005728006362915039, 0.004614830017089844, 0.004644155502319336, 0.004590034484863281, 0.005446910858154297, 0.004533052444458008, 0.004538059234619141, 0.005124092102050781, 0.004643917083740234, 0.0046138763427734375, 0.004668235778808594, 0.005121707916259766, 0.004626274108886719, 0.004603147506713867, 0.004816770553588867, 0.0046100616455078125, 0.0046651363372802734, 0.00981593132019043, 0.009266138076782227, 0.006101131439208984, 0.00510716438293457, 0.005556821823120117, 0.004639148712158203, 0.004416942596435547, 0.0044040679931640625, 0.00461888313293457, 0.004836082458496094, 0.004446983337402344, 0.004453897476196289, 0.004924297332763672, 0.004563331604003906, 0.00454401969909668, 0.00449824333190918, 0.004993915557861328, 0.004712343215942383, 0.004698991775512695, 0.005287885665893555, 0.004553079605102539, 0.004544973373413086, 0.006942272186279297, 0.00608515739440918, 0.004548788070678711, 0.004739999771118164, 0.005758047103881836, 0.004846096038818359, 0.00528717041015625, 0.006006002426147461, 0.0047533512115478516, 0.00513005256652832, 0.008344888687133789, 0.0070819854736328125, 0.007752895355224609, 0.007325887680053711, 0.00677180290222168, 0.006014108657836914, 0.0074732303619384766, 0.0069959163665771484, 0.004981040954589844, 0.005310773849487305, 0.007361888885498047, 0.005322694778442383, 0.005780935287475586, 0.00701904296875, 0.005206108093261719, 0.006997108459472656, 0.005536079406738281, 0.005102872848510742, 0.006283998489379883, 0.005454063415527344, 0.002691984176635742]}