{"train_loss": [2.9164381489540907], "val_loss": [2.4852694184077135], "val_accuracy": [0.3096433952787544], "batch_times": [0.00453495979309082, 0.004963874816894531, 0.0048291683197021484, 0.004377126693725586, 0.00436711311340332, 0.004726886749267578, 0.00440216064453125, 0.004356861114501953, 0.004544973373413086, 0.00494694709777832, 0.00436711311340332, 0.004342079162597656, 0.004716157913208008, 0.004374027252197266, 0.004327058792114258, 0.004330158233642578, 0.004621982574462891, 0.004403114318847656, 0.004384040832519531, 0.004345893859863281, 0.004652976989746094, 0.004467010498046875, 0.0044291019439697266, 0.004660844802856445, 0.00458979606628418, 0.00436711311340332, 0.004354000091552734, 0.004616260528564453, 0.0045719146728515625, 0.004384040832519531, 0.004590034484863281, 0.0061037540435791016, 0.006259918212890625, 0.0045621395111083984, 0.0058040618896484375, 0.0051288604736328125, 0.004857063293457031, 0.006123065948486328, 0.005057096481323242, 0.00485992431640625, 0.0057332515716552734, 0.00507807731628418, 0.005067110061645508, 0.005588054656982422, 0.005286216735839844, 0.00503993034362793, 0.005260944366455078, 0.004982948303222656, 0.0050699710845947266, 0.0049130916595458984, 0.005944013595581055, 0.005084037780761719, 0.004773855209350586, 0.0061490535736083984, 0.00498199462890625, 0.004960060119628906, 0.0056231021881103516, 0.00475001335144043, 0.004827022552490234, 0.005876064300537109, 0.004858970642089844, 0.004800081253051758, 0.005328178405761719, 0.0052280426025390625, 0.004995107650756836, 0.005177736282348633, 0.005387067794799805, 0.0052301883697509766, 0.00481104850769043, 0.005496025085449219, 0.004736185073852539, 0.005064249038696289, 0.005980968475341797, 0.0049037933349609375, 0.0049479007720947266, 0.005609989166259766, 0.004805803298950195, 0.005019187927246094, 0.005136013031005859, 0.0055811405181884766, 0.004901885986328125, 0.004961967468261719, 0.005731821060180664, 0.005101203918457031, 0.004763126373291016, 0.005262136459350586, 0.004945993423461914, 0.005080223083496094, 0.005547046661376953, 0.004873037338256836, 0.004853963851928711, 0.005326986312866211, 0.005629062652587891, 0.005040168762207031, 0.004865169525146484, 0.005230903625488281, 0.005023002624511719, 0.0045680999755859375, 0.0049800872802734375, 0.004436969757080078, 0.004675149917602539, 0.004415273666381836, 0.004609823226928711, 0.004412174224853516, 0.004339933395385742, 0.004581928253173828, 0.004683971405029297, 0.004472017288208008, 0.004456043243408203, 0.004707813262939453, 0.004369258880615234, 0.004387855529785156, 0.004402875900268555, 0.005181789398193359, 0.0046160221099853516, 0.004373073577880859, 0.005047798156738281, 0.005286216735839844, 0.005269050598144531, 0.006379127502441406, 0.00644230842590332, 0.005445241928100586, 0.005966901779174805, 0.0055370330810546875, 0.0048978328704833984, 0.00588679313659668, 0.004843950271606445, 0.005248069763183594, 0.0054187774658203125, 0.004887104034423828, 0.005158901214599609, 0.005365133285522461, 0.004847049713134766, 0.0049779415130615234, 0.005059957504272461, 0.005282878875732422, 0.004540205001831055, 0.004693031311035156, 0.004782915115356445, 0.004477024078369141, 0.00445103645324707, 0.004353046417236328, 0.004690885543823242, 0.004828929901123047, 0.004427194595336914, 0.004646778106689453, 0.004886150360107422, 0.004357099533081055, 0.004363059997558594, 0.00469517707824707, 0.004489898681640625, 0.004639148712158203, 0.004800081253051758, 0.00498199462890625, 0.0044498443603515625, 0.00462794303894043, 0.004739046096801758, 0.004578828811645508, 0.004450082778930664, 0.004402875900268555, 0.00486302375793457, 0.004615306854248047, 0.004669189453125, 0.0047190189361572266, 0.0046689510345458984, 0.00454401969909668, 0.004449129104614258, 0.00469207763671875, 0.004524946212768555, 0.004593849182128906, 0.004548072814941406, 0.004773855209350586, 0.004462003707885742, 0.004514932632446289, 0.004697084426879883, 0.0051610469818115234, 0.004831075668334961, 0.0046918392181396484, 0.005208730697631836, 0.004649162292480469, 0.004615068435668945, 0.005733966827392578, 0.005300998687744141, 0.0049588680267333984, 0.004914999008178711, 0.005584001541137695, 0.00481724739074707, 0.004915952682495117, 0.005614042282104492, 0.005151987075805664, 0.00465083122253418, 0.005181312561035156, 0.004834890365600586, 0.004817008972167969, 0.005590677261352539, 0.005083322525024414, 0.004817962646484375, 0.004832029342651367, 0.005587100982666016, 0.005139827728271484, 0.0047359466552734375, 0.005475044250488281, 0.004727602005004883, 0.004908084869384766, 0.005648136138916016, 0.0051059722900390625, 0.0048940181732177734, 0.004940032958984375, 0.005811929702758789, 0.004998922348022461, 0.005079984664916992, 0.005497932434082031, 0.005057096481323242, 0.004821062088012695, 0.005483150482177734, 0.004995822906494141, 0.005106925964355469, 0.005300998687744141, 0.004881143569946289, 0.00520777702331543, 0.0061872005462646484, 0.005991935729980469, 0.005656003952026367, 0.006515979766845703, 0.004825115203857422, 0.0048449039459228516, 0.005596160888671875, 0.004826784133911133, 0.005042076110839844, 0.005361080169677734, 0.005262851715087891, 0.005072116851806641, 0.004701852798461914, 0.005907773971557617, 0.00519871711730957, 0.004937887191772461, 0.005548238754272461, 0.004967927932739258, 0.004889249801635742, 0.005680084228515625, 0.004809141159057617, 0.0048749446868896484, 0.005872964859008789, 0.005015134811401367, 0.004876136779785156, 0.004941701889038086, 0.005326986312866211, 0.005282163619995117, 0.004850864410400391, 0.00524592399597168, 0.0045850276947021484, 0.005002021789550781, 0.005136013031005859, 0.0048828125, 0.004910945892333984, 0.004762172698974609, 0.004992008209228516, 0.004511356353759766, 0.00471186637878418, 0.004849910736083984, 0.004368782043457031, 0.0043451786041259766, 0.00458073616027832, 0.004702091217041016, 0.004396677017211914, 0.004349231719970703, 0.004549741744995117, 0.004450082778930664, 0.004354000091552734, 0.004338264465332031, 0.004536867141723633, 0.0043981075286865234, 0.004353046417236328, 0.004394054412841797, 0.0045588016510009766, 0.004407167434692383, 0.004361867904663086, 0.004342079162597656, 0.004598140716552734, 0.004550933837890625, 0.0044400691986083984, 0.004595041275024414, 0.004423856735229492, 0.004446983337402344, 0.004434347152709961, 0.004559755325317383, 0.00436711311340332, 0.0043370723724365234, 0.0043408870697021484, 0.004776954650878906, 0.004567146301269531, 0.004444122314453125, 0.00444483757019043, 0.0046007633209228516, 0.004355907440185547, 0.004346132278442383, 0.004683017730712891, 0.004393100738525391, 0.004353761672973633, 0.004363059997558594, 0.004600048065185547, 0.004414081573486328, 0.00438690185546875, 0.004383087158203125, 0.0045490264892578125, 0.004354000091552734, 0.004344940185546875, 0.004346132278442383, 0.00455784797668457, 0.004406929016113281, 0.004370927810668945, 0.004469156265258789, 0.0043468475341796875, 0.004538059234619141, 0.005910158157348633, 0.005745887756347656, 0.005006074905395508, 0.0044748783111572266, 0.005259037017822266, 0.005379915237426758, 0.004788875579833984, 0.004919767379760742, 0.005204916000366211, 0.005205869674682617, 0.0076677799224853516, 0.0052220821380615234, 0.0024042129516601562]}