{"train_loss": [2.9115534796631675], "val_loss": [2.4793937178323633], "val_accuracy": [0.3151682571572074], "batch_times": [0.00496220588684082, 0.004930019378662109, 0.004833698272705078, 0.004990816116333008, 0.0050258636474609375, 0.004923105239868164, 0.004575967788696289, 0.005404949188232422, 0.004827022552490234, 0.004659891128540039, 0.0050640106201171875, 0.004912137985229492, 0.004791975021362305, 0.004951000213623047, 0.004781007766723633, 0.004965066909790039, 0.004665851593017578, 0.004941225051879883, 0.00467991828918457, 0.0045392513275146484, 0.004743099212646484, 0.005057096481323242, 0.004830837249755859, 0.004721879959106445, 0.004963874816894531, 0.004903078079223633, 0.004787921905517578, 0.0051860809326171875, 0.004691123962402344, 0.00453495979309082, 0.00483393669128418, 0.005129098892211914, 0.004595041275024414, 0.004564046859741211, 0.0055239200592041016, 0.004697084426879883, 0.004755973815917969, 0.004854917526245117, 0.0049741268157958984, 0.004536151885986328, 0.004606962203979492, 0.0046520233154296875, 0.004889249801635742, 0.004761934280395508, 0.0045146942138671875, 0.005266904830932617, 0.004872322082519531, 0.005012989044189453, 0.005368709564208984, 0.0051250457763671875, 0.004730939865112305, 0.0050280094146728516, 0.005110979080200195, 0.004724979400634766, 0.004645824432373047, 0.004880189895629883, 0.004626035690307617, 0.004830837249755859, 0.005764007568359375, 0.004795074462890625, 0.004825115203857422, 0.005136013031005859, 0.00551915168762207, 0.004789113998413086, 0.005000114440917969, 0.007128000259399414, 0.005491018295288086, 0.0061070919036865234, 0.006698131561279297, 0.005829811096191406, 0.007623910903930664, 0.005956172943115234, 0.006283998489379883, 0.006018877029418945, 0.006414175033569336, 0.006977081298828125, 0.007849931716918945, 0.0077381134033203125, 0.005589962005615234, 0.00707697868347168, 0.006699085235595703, 0.005636930465698242, 0.004887104034423828, 0.005190849304199219, 0.004683971405029297, 0.004785299301147461, 0.004864692687988281, 0.005189180374145508, 0.00597691535949707, 0.0055429935455322266, 0.004892110824584961, 0.0047419071197509766, 0.004583835601806641, 0.004806041717529297, 0.004812955856323242, 0.004788875579833984, 0.004970073699951172, 0.004971027374267578, 0.004573822021484375, 0.005049228668212891, 0.005620002746582031, 0.004939079284667969, 0.00468897819519043, 0.004899024963378906, 0.0045719146728515625, 0.004729747772216797, 0.005776166915893555, 0.005135774612426758, 0.005066871643066406, 0.0056231021881103516, 0.005420684814453125, 0.006772041320800781, 0.009786128997802734, 0.008692026138305664, 0.0073087215423583984, 0.006980180740356445, 0.006009817123413086, 0.00671696662902832, 0.005464076995849609, 0.006884098052978516, 0.005830049514770508, 0.0056188106536865234, 0.006912946701049805, 0.005171060562133789, 0.005471944808959961, 0.008400917053222656, 0.005957126617431641, 0.006556987762451172, 0.0064890384674072266, 0.006845951080322266, 0.008195877075195312, 0.00878286361694336, 0.007622241973876953, 0.005352973937988281, 0.007601022720336914, 0.005243062973022461, 0.0069119930267333984, 0.008063316345214844, 0.006852865219116211, 0.007050991058349609, 0.007527828216552734, 0.006716728210449219, 0.005447864532470703, 0.005166053771972656, 0.007596015930175781, 0.005488872528076172, 0.0062160491943359375, 0.008270025253295898, 0.005420207977294922, 0.006180763244628906, 0.005511283874511719, 0.005193948745727539, 0.005738973617553711, 0.005416393280029297, 0.005736827850341797, 0.005941152572631836, 0.005548715591430664, 0.005694150924682617, 0.0060269832611083984, 0.0054361820220947266, 0.005528688430786133, 0.006041049957275391, 0.005093812942504883, 0.005449056625366211, 0.0055980682373046875, 0.005615949630737305, 0.005724906921386719, 0.005773067474365234, 0.005106925964355469, 0.0055103302001953125, 0.005514860153198242, 0.005556821823120117, 0.005522966384887695, 0.006533145904541016, 0.005760669708251953, 0.0051043033599853516, 0.005908012390136719, 0.005460023880004883, 0.0056781768798828125, 0.00581812858581543, 0.006244182586669922, 0.005964994430541992, 0.0051691532135009766, 0.005546092987060547, 0.00522303581237793, 0.005705118179321289, 0.005259037017822266, 0.005099773406982422, 0.0055849552154541016, 0.005171060562133789, 0.0058209896087646484, 0.005488157272338867, 0.005313873291015625, 0.0056362152099609375, 0.006175041198730469, 0.006327152252197266, 0.006651163101196289, 0.006033897399902344, 0.006680011749267578, 0.005363941192626953, 0.00558781623840332, 0.005548715591430664, 0.005750894546508789, 0.005187273025512695, 0.00550389289855957, 0.0058650970458984375, 0.00531315803527832, 0.00532984733581543, 0.005553007125854492, 0.0053501129150390625, 0.005593776702880859, 0.005510807037353516, 0.005499362945556641, 0.005144834518432617, 0.004992008209228516, 0.0049190521240234375, 0.004704952239990234, 0.004734992980957031, 0.004945039749145508, 0.004544973373413086, 0.004842042922973633, 0.005074977874755859, 0.00480198860168457, 0.005068063735961914, 0.0048236846923828125, 0.005304098129272461, 0.005070924758911133, 0.0054128170013427734, 0.005626201629638672, 0.005062103271484375, 0.005619049072265625, 0.006000041961669922, 0.005384206771850586, 0.005147218704223633, 0.005578041076660156, 0.005276918411254883, 0.0055561065673828125, 0.00595402717590332, 0.0051310062408447266, 0.0055348873138427734, 0.006164073944091797, 0.0051920413970947266, 0.005558013916015625, 0.00593113899230957, 0.005491018295288086, 0.0055658817291259766, 0.005708217620849609, 0.0052471160888671875, 0.005260944366455078, 0.005602121353149414, 0.0046541690826416016, 0.004948139190673828, 0.005272865295410156, 0.004633188247680664, 0.00494384765625, 0.004917144775390625, 0.004797935485839844, 0.004752159118652344, 0.004597187042236328, 0.00504302978515625, 0.004530906677246094, 0.004550933837890625, 0.004786252975463867, 0.004886150360107422, 0.004845142364501953, 0.004944801330566406, 0.005424976348876953, 0.004970073699951172, 0.0045850276947021484, 0.004948139190673828, 0.0050389766693115234, 0.0046770572662353516, 0.004641056060791016, 0.004883289337158203, 0.004659891128540039, 0.004628896713256836, 0.0052318572998046875, 0.0050160884857177734, 0.00485682487487793, 0.004908084869384766, 0.005107879638671875, 0.004788875579833984, 0.0047779083251953125, 0.005053997039794922, 0.004594087600708008, 0.004518032073974609, 0.004600048065185547, 0.005291938781738281, 0.004794120788574219, 0.004881858825683594, 0.012913942337036133, 0.054414987564086914, 0.01656484603881836, 0.022909164428710938, 0.00935220718383789, 0.0065462589263916016, 0.0048787593841552734, 0.004617929458618164, 0.005226850509643555, 0.004990816116333008, 0.00543212890625, 0.005692243576049805, 0.005303859710693359, 0.005385398864746094, 0.0056362152099609375, 0.008067131042480469, 0.007615089416503906, 0.012276887893676758, 0.007950067520141602, 0.007563114166259766, 0.008560895919799805, 0.0055620670318603516, 0.005803823471069336, 0.005946159362792969, 0.0055179595947265625, 0.006131172180175781, 0.00780797004699707, 0.006250858306884766, 0.0059299468994140625, 0.005834102630615234, 0.006319999694824219, 0.0062258243560791016, 0.0062181949615478516, 0.005939960479736328, 0.005574941635131836, 0.0050199031829833984, 0.003097057342529297]}