{"train_loss": [2.918238615940733], "val_loss": [2.487316068521773], "val_accuracy": [0.30411853340030137], "batch_times": [0.004662990570068359, 0.004834175109863281, 0.004456996917724609, 0.0045130252838134766, 0.0051419734954833984, 0.004591941833496094, 0.004408121109008789, 0.004539012908935547, 0.0051708221435546875, 0.004467964172363281, 0.004613161087036133, 0.0051996707916259766, 0.0047872066497802734, 0.0044286251068115234, 0.004515171051025391, 0.005501985549926758, 0.004798173904418945, 0.00446009635925293, 0.00476384162902832, 0.004456996917724609, 0.004457235336303711, 0.004415035247802734, 0.0049359798431396484, 0.0044329166412353516, 0.004458904266357422, 0.00462794303894043, 0.004505157470703125, 0.004369974136352539, 0.004377126693725586, 0.0047969818115234375, 0.004706144332885742, 0.004375934600830078, 0.0043430328369140625, 0.0047070980072021484, 0.0043888092041015625, 0.004377126693725586, 0.0047512054443359375, 0.004528999328613281, 0.004547834396362305, 0.004392147064208984, 0.005243062973022461, 0.004644155502319336, 0.00437474250793457, 0.004645109176635742, 0.005807161331176758, 0.005315065383911133, 0.0048830509185791016, 0.00551295280456543, 0.004953145980834961, 0.0049610137939453125, 0.00560307502746582, 0.004633188247680664, 0.004950046539306641, 0.0053708553314208984, 0.005543231964111328, 0.005095005035400391, 0.004995822906494141, 0.005552053451538086, 0.005093812942504883, 0.004792928695678711, 0.005351066589355469, 0.004708051681518555, 0.0044040679931640625, 0.004781007766723633, 0.0045261383056640625, 0.004361867904663086, 0.004353046417236328, 0.0047969818115234375, 0.004405975341796875, 0.004339933395385742, 0.0044710636138916016, 0.004702091217041016, 0.0043561458587646484, 0.004344940185546875, 0.004640102386474609, 0.004513978958129883, 0.004422903060913086, 0.004433870315551758, 0.00466609001159668, 0.004397869110107422, 0.004464149475097656, 0.004415988922119141, 0.00462794303894043, 0.004431009292602539, 0.004438161849975586, 0.0045621395111083984, 0.004601001739501953, 0.004361867904663086, 0.0043392181396484375, 0.0045702457427978516, 0.0043849945068359375, 0.004339933395385742, 0.0043332576751708984, 0.00467991828918457, 0.004365205764770508, 0.004353761672973633, 0.0043408870697021484, 0.004724264144897461, 0.004462718963623047, 0.004433155059814453, 0.004663944244384766, 0.004441022872924805, 0.004414081573486328, 0.004416942596435547, 0.0046939849853515625, 0.00436711311340332, 0.004342794418334961, 0.004338264465332031, 0.004670858383178711, 0.004436016082763672, 0.0046367645263671875, 0.004652976989746094, 0.005156993865966797, 0.004590034484863281, 0.004441022872924805, 0.0048449039459228516, 0.00443577766418457, 0.0044019222259521484, 0.00440216064453125, 0.004724979400634766, 0.004591941833496094, 0.00457000732421875, 0.005056142807006836, 0.005460977554321289, 0.004796028137207031, 0.0049800872802734375, 0.004834175109863281, 0.004611968994140625, 0.0044558048248291016, 0.0047800540924072266, 0.00450897216796875, 0.004528999328613281, 0.004546165466308594, 0.004883766174316406, 0.004579067230224609, 0.004662036895751953, 0.004870891571044922, 0.004456996917724609, 0.004425048828125, 0.004462003707885742, 0.004783153533935547, 0.004395008087158203, 0.00435185432434082, 0.004405021667480469, 0.004560947418212891, 0.004415988922119141, 0.004364967346191406, 0.004584074020385742, 0.004561901092529297, 0.004349231719970703, 0.004355907440185547, 0.0044651031494140625, 0.00438690185546875, 0.004348039627075195, 0.004328012466430664, 0.004580974578857422, 0.004353046417236328, 0.00438690185546875, 0.004334688186645508, 0.004497051239013672, 0.004359006881713867, 0.004377126693725586, 0.004359722137451172, 0.004452228546142578, 0.0043468475341796875, 0.004343986511230469, 0.0046427249908447266, 0.0045070648193359375, 0.004442930221557617, 0.004441022872924805, 0.004675149917602539, 0.004400968551635742, 0.004441022872924805, 0.004438877105712891, 0.004663228988647461, 0.004366159439086914, 0.004367828369140625, 0.004341840744018555, 0.004721879959106445, 0.0044689178466796875, 0.004436016082763672, 0.004683017730712891, 0.004366159439086914, 0.004335165023803711, 0.004326820373535156, 0.0045659542083740234, 0.004339933395385742, 0.004380941390991211, 0.004330158233642578, 0.004662990570068359, 0.004456996917724609, 0.004414081573486328, 0.004409074783325195, 0.004572868347167969, 0.004330873489379883, 0.004339933395385742, 0.004600048065185547, 0.004430294036865234, 0.004407644271850586, 0.004425764083862305, 0.004606008529663086, 0.004386186599731445, 0.004338741302490234, 0.004397153854370117, 0.0044329166412353516, 0.004384040832519531, 0.004336118698120117, 0.004333972930908203, 0.004603147506713867, 0.004364967346191406, 0.004400968551635742, 0.004434823989868164, 0.004338264465332031, 0.0043447017669677734, 0.004349231719970703, 0.0043833255767822266, 0.004333019256591797, 0.004331111907958984, 0.004322052001953125, 0.004560232162475586, 0.0044727325439453125, 0.0044231414794921875, 0.0044097900390625, 0.004548072814941406, 0.004350900650024414, 0.0043489933013916016, 0.004626035690307617, 0.004561185836791992, 0.004415273666381836, 0.0044307708740234375, 0.00460505485534668, 0.004360198974609375, 0.004345893859863281, 0.004410982131958008, 0.004574298858642578, 0.0044019222259521484, 0.004399776458740234, 0.004477977752685547, 0.0048580169677734375, 0.0045239925384521484, 0.0047228336334228516, 0.004689931869506836, 0.0044400691986083984, 0.004427909851074219, 0.0044519901275634766, 0.004611015319824219, 0.004358053207397461, 0.004351139068603516, 0.00433802604675293, 0.004705905914306641, 0.00445866584777832, 0.004450082778930664, 0.00462794303894043, 0.0043752193450927734, 0.004400968551635742, 0.004343986511230469, 0.004627227783203125, 0.004424095153808594, 0.004335880279541016, 0.004391908645629883, 0.004521369934082031, 0.004411935806274414, 0.004363059997558594, 0.004373788833618164, 0.004547119140625, 0.004426002502441406, 0.004350423812866211, 0.004683732986450195, 0.004472017288208008, 0.004417896270751953, 0.004461050033569336, 0.004665851593017578, 0.0046329498291015625, 0.00437617301940918, 0.004348278045654297, 0.004555940628051758, 0.004452943801879883, 0.004363059997558594, 0.004353046417236328, 0.0045239925384521484, 0.004353046417236328, 0.004499912261962891, 0.0050449371337890625, 0.004807949066162109, 0.004467010498046875, 0.0046269893646240234, 0.004883766174316406, 0.00459599494934082, 0.004552125930786133, 0.004637956619262695, 0.005239963531494141, 0.004473686218261719, 0.004698276519775391, 0.004985809326171875, 0.004590272903442383, 0.004869699478149414, 0.0050449371337890625, 0.004620075225830078, 0.004709005355834961, 0.004783153533935547, 0.006302833557128906, 0.0047149658203125, 0.004565000534057617, 0.004990816116333008, 0.00453495979309082, 0.004591941833496094, 0.004828929901123047, 0.005103111267089844, 0.004653215408325195, 0.005033254623413086, 0.004974842071533203, 0.0050029754638671875, 0.004723072052001953, 0.0049381256103515625, 0.005051136016845703, 0.004719972610473633, 0.004929065704345703, 0.0051898956298828125, 0.00459599494934082, 0.004659891128540039, 0.005010128021240234, 0.004464864730834961, 0.004483222961425781, 0.004445791244506836, 0.004644870758056641, 0.0043718814849853516, 0.0021522045135498047]}