{"train_loss": [2.930814475374791], "val_loss": [2.485255706781449], "val_accuracy": [0.3001004520341537], "batch_times": [0.0052947998046875, 0.005630970001220703, 0.005953073501586914, 0.004755973815917969, 0.005575895309448242, 0.005557060241699219, 0.004971981048583984, 0.005906105041503906, 0.005366086959838867, 0.004975795745849609, 0.005361080169677734, 0.006070137023925781, 0.0050771236419677734, 0.005773067474365234, 0.0061571598052978516, 0.005102634429931641, 0.0052950382232666016, 0.005172014236450195, 0.0046308040618896484, 0.004659891128540039, 0.005713224411010742, 0.0050470829010009766, 0.004814863204956055, 0.005501985549926758, 0.004737138748168945, 0.005071163177490234, 0.005437135696411133, 0.0045659542083740234, 0.004621028900146484, 0.004792213439941406, 0.005207061767578125, 0.0045468807220458984, 0.0050449371337890625, 0.004896879196166992, 0.004685878753662109, 0.00517582893371582, 0.005145072937011719, 0.005075931549072266, 0.004906177520751953, 0.0047550201416015625, 0.005433082580566406, 0.00485992431640625, 0.005056142807006836, 0.005369901657104492, 0.004882097244262695, 0.0051288604736328125, 0.005688905715942383, 0.0049440860748291016, 0.0049440860748291016, 0.005094766616821289, 0.005290031433105469, 0.006031036376953125, 0.008125066757202148, 0.007769107818603516, 0.005185842514038086, 0.005587339401245117, 0.005006074905395508, 0.004581928253173828, 0.0051610469818115234, 0.005725383758544922, 0.0052568912506103516, 0.00547480583190918, 0.006589174270629883, 0.006325721740722656, 0.006843090057373047, 0.00494694709777832, 0.004784822463989258, 0.005756855010986328, 0.005063056945800781, 0.00496983528137207, 0.00570988655090332, 0.005127906799316406, 0.005198001861572266, 0.005375862121582031, 0.004985809326171875, 0.00497889518737793, 0.005285024642944336, 0.004734992980957031, 0.004721879959106445, 0.004827976226806641, 0.0050661563873291016, 0.004565000534057617, 0.004728078842163086, 0.0053670406341552734, 0.0049359798431396484, 0.004751920700073242, 0.004719257354736328, 0.005388021469116211, 0.005217075347900391, 0.0048732757568359375, 0.005608081817626953, 0.005064964294433594, 0.005012035369873047, 0.0054149627685546875, 0.00472712516784668, 0.004837751388549805, 0.0052258968353271484, 0.0054779052734375, 0.004539966583251953, 0.004544973373413086, 0.004911899566650391, 0.004422903060913086, 0.004373073577880859, 0.0048160552978515625, 0.00445103645324707, 0.004374980926513672, 0.004537105560302734, 0.004712104797363281, 0.004586935043334961, 0.004738807678222656, 0.004375934600830078, 0.0046269893646240234, 0.004372119903564453, 0.004385948181152344, 0.004525184631347656, 0.004579067230224609, 0.004446983337402344, 0.004414081573486328, 0.004721879959106445, 0.0043489933013916016, 0.004371166229248047, 0.004376888275146484, 0.0045850276947021484, 0.004354953765869141, 0.004338979721069336, 0.004662036895751953, 0.004505157470703125, 0.004374980926513672, 0.004334926605224609, 0.004633188247680664, 0.004454851150512695, 0.004392147064208984, 0.004472017288208008, 0.0044977664947509766, 0.004344940185546875, 0.00434112548828125, 0.004341840744018555, 0.0045261383056640625, 0.004374027252197266, 0.004328250885009766, 0.0044171810150146484, 0.00479888916015625, 0.004523754119873047, 0.0044231414794921875, 0.004858732223510742, 0.0050809383392333984, 0.004444122314453125, 0.004355907440185547, 0.00475621223449707, 0.005221843719482422, 0.004575967788696289, 0.005108833312988281, 0.005490779876708984, 0.004563093185424805, 0.005658149719238281, 0.007342815399169922, 0.005477190017700195, 0.005488872528076172, 0.006662845611572266, 0.005202293395996094, 0.006318092346191406, 0.004943132400512695, 0.005015850067138672, 0.007727146148681641, 0.005300998687744141, 0.004955768585205078, 0.00655674934387207, 0.0048902034759521484, 0.004904031753540039, 0.005858182907104492, 0.0053369998931884766, 0.004971981048583984, 0.005640983581542969, 0.0047380924224853516, 0.0049779415130615234, 0.005774021148681641, 0.004724264144897461, 0.004698753356933594, 0.004685163497924805, 0.005443096160888672, 0.005007028579711914, 0.00480198860168457, 0.00562286376953125, 0.004505157470703125, 0.004754066467285156, 0.00516510009765625, 0.004472017288208008, 0.004570960998535156, 0.00437617301940918, 0.004634857177734375, 0.00439906120300293, 0.0043430328369140625, 0.004353761672973633, 0.0049800872802734375, 0.004443168640136719, 0.0044460296630859375, 0.0049860477447509766, 0.004582881927490234, 0.004385948181152344, 0.0045430660247802734, 0.005445003509521484, 0.004968166351318359, 0.004711151123046875, 0.0056231021881103516, 0.005012989044189453, 0.0050928592681884766, 0.005347013473510742, 0.005795001983642578, 0.004968881607055664, 0.004937887191772461, 0.0057010650634765625, 0.0050868988037109375, 0.005028963088989258, 0.0055391788482666016, 0.0051686763763427734, 0.004930973052978516, 0.00634312629699707, 0.0050809383392333984, 0.00494384765625, 0.005426883697509766, 0.004842042922973633, 0.0048940181732177734, 0.005483865737915039, 0.004828214645385742, 0.004655122756958008, 0.004675149917602539, 0.005341053009033203, 0.004399776458740234, 0.004352092742919922, 0.00469207763671875, 0.004467964172363281, 0.004387855529785156, 0.004357099533081055, 0.0045928955078125, 0.00450587272644043, 0.004389047622680664, 0.004339933395385742, 0.004796743392944336, 0.004554033279418945, 0.004364967346191406, 0.004436969757080078, 0.0045778751373291016, 0.004352092742919922, 0.004347801208496094, 0.004495859146118164, 0.0043718814849853516, 0.00433802604675293, 0.004331827163696289, 0.004533052444458008, 0.004348039627075195, 0.0043430328369140625, 0.004337787628173828, 0.004528045654296875, 0.004403114318847656, 0.004415988922119141, 0.004538297653198242, 0.00467681884765625, 0.004698276519775391, 0.004586935043334961, 0.0051157474517822266, 0.004532814025878906, 0.004498004913330078, 0.004454135894775391, 0.004796028137207031, 0.004528045654296875, 0.004580974578857422, 0.00525212287902832, 0.0047149658203125, 0.004960298538208008, 0.005780220031738281, 0.004883289337158203, 0.0045049190521240234, 0.004752159118652344, 0.004963874816894531, 0.004720211029052734, 0.0045337677001953125, 0.004926919937133789, 0.0048182010650634766, 0.004593849182128906, 0.004637002944946289, 0.00475001335144043, 0.004559755325317383, 0.004827737808227539, 0.004878044128417969, 0.004743814468383789, 0.004462003707885742, 0.004477024078369141, 0.004873037338256836, 0.004467964172363281, 0.0044519901275634766, 0.0044291019439697266, 0.004586696624755859, 0.0044100284576416016, 0.004445791244506836, 0.004575967788696289, 0.004359006881713867, 0.004335165023803711, 0.0043487548828125, 0.004454135894775391, 0.004343986511230469, 0.004350900650024414, 0.004360198974609375, 0.0045719146728515625, 0.004382133483886719, 0.004361867904663086, 0.004338979721069336, 0.004703998565673828, 0.004424095153808594, 0.0044708251953125, 0.004412174224853516, 0.004628181457519531, 0.0044519901275634766, 0.00444793701171875, 0.004602909088134766, 0.004365205764770508, 0.004353046417236328, 0.004359006881713867, 0.00465703010559082, 0.004367828369140625, 0.004348039627075195, 0.004364013671875, 0.004514932632446289, 0.0043430328369140625, 0.004353046417236328, 0.004380941390991211, 0.004585981369018555, 0.0022118091583251953]}