{"train_loss": [2.9262224343940373], "val_loss": [2.4829152176020837], "val_accuracy": [0.31767955801104975], "batch_times": [0.00455927848815918, 0.004817008972167969, 0.004662036895751953, 0.004483938217163086, 0.004383087158203125, 0.0049059391021728516, 0.0044841766357421875, 0.0043811798095703125, 0.004961729049682617, 0.004558086395263672, 0.004374980926513672, 0.004418134689331055, 0.004857778549194336, 0.004529714584350586, 0.004468441009521484, 0.004458189010620117, 0.005009174346923828, 0.004822969436645508, 0.0045359134674072266, 0.004616260528564453, 0.0044727325439453125, 0.004536151885986328, 0.004433155059814453, 0.004719734191894531, 0.004448890686035156, 0.004462242126464844, 0.004499197006225586, 0.0047109127044677734, 0.004466056823730469, 0.0043790340423583984, 0.004727840423583984, 0.0044422149658203125, 0.004363059997558594, 0.004513978958129883, 0.004648923873901367, 0.004472017288208008, 0.004383087158203125, 0.004384756088256836, 0.004702329635620117, 0.0043561458587646484, 0.004342079162597656, 0.004687070846557617, 0.004586935043334961, 0.004516124725341797, 0.004452943801879883, 0.004472970962524414, 0.004530906677246094, 0.004492044448852539, 0.004754781723022461, 0.004763126373291016, 0.00458216667175293, 0.004672050476074219, 0.004928112030029297, 0.004452943801879883, 0.004641056060791016, 0.004544973373413086, 0.004611015319824219, 0.00474095344543457, 0.004551887512207031, 0.004851102828979492, 0.004445075988769531, 0.0044689178466796875, 0.004548788070678711, 0.004645347595214844, 0.004462718963623047, 0.004857063293457031, 0.0048389434814453125, 0.004769086837768555, 0.004533052444458008, 0.004467964172363281, 0.0047800540924072266, 0.004476070404052734, 0.004503965377807617, 0.0045146942138671875, 0.004766941070556641, 0.004566192626953125, 0.004479885101318359, 0.005012035369873047, 0.004555940628051758, 0.004625797271728516, 0.004794120788574219, 0.005083799362182617, 0.005178213119506836, 0.004582881927490234, 0.004816770553588867, 0.004662990570068359, 0.004563093185424805, 0.004594087600708008, 0.0046350955963134766, 0.004513978958129883, 0.004724025726318359, 0.0045049190521240234, 0.0046939849853515625, 0.004642009735107422, 0.004772186279296875, 0.0049097537994384766, 0.004584074020385742, 0.004520893096923828, 0.004708051681518555, 0.004603862762451172, 0.004500865936279297, 0.004364013671875, 0.004705190658569336, 0.00444793701171875, 0.004430055618286133, 0.004433870315551758, 0.03663492202758789, 0.007050037384033203, 0.010428190231323242, 0.004497051239013672, 0.004415035247802734, 0.004393100738525391, 0.004705905914306641, 0.004414796829223633, 0.004339933395385742, 0.004633903503417969, 0.004667997360229492, 0.0047376155853271484, 0.005053043365478516, 0.0049250125885009766, 0.004734992980957031, 0.0043680667877197266, 0.0043909549713134766, 0.005110979080200195, 0.0045261383056640625, 0.004541873931884766, 0.004734039306640625, 0.004519224166870117, 0.004477024078369141, 0.004823923110961914, 0.004731178283691406, 0.004463911056518555, 0.00457310676574707, 0.004586458206176758, 0.004424095153808594, 0.004438161849975586, 0.004683017730712891, 0.004572153091430664, 0.004352092742919922, 0.004544973373413086, 0.0044879913330078125, 0.004734039306640625, 0.004446983337402344, 0.004503965377807617, 0.004491090774536133, 0.0046939849853515625, 0.004492998123168945, 0.004585981369018555, 0.004667043685913086, 0.004364728927612305, 0.004527091979980469, 0.004449129104614258, 0.004477977752685547, 0.004370927810668945, 0.004467010498046875, 0.00439906120300293, 0.004505157470703125, 0.004563331604003906, 0.004487752914428711, 0.0045397281646728516, 0.004597187042236328, 0.004373788833618164, 0.004453182220458984, 0.004848003387451172, 0.004437923431396484, 0.0045011043548583984, 0.004491090774536133, 0.004536867141723633, 0.004364728927612305, 0.004542350769042969, 0.004693746566772461, 0.004374980926513672, 0.004416942596435547, 0.0043561458587646484, 0.0048618316650390625, 0.004477739334106445, 0.004548788070678711, 0.004399299621582031, 0.004621028900146484, 0.004462003707885742, 0.004408121109008789, 0.004637956619262695, 0.004504203796386719, 0.004441022872924805, 0.004343986511230469, 0.004663705825805664, 0.004772186279296875, 0.004729032516479492, 0.00453495979309082, 0.004654884338378906, 0.004432201385498047, 0.00444483757019043, 0.0047130584716796875, 0.004470109939575195, 0.004550933837890625, 0.004497051239013672, 0.004755973815917969, 0.004396677017211914, 0.004382133483886719, 0.0043487548828125, 0.004566192626953125, 0.004425048828125, 0.004334688186645508, 0.0044400691986083984, 0.00455021858215332, 0.0043468475341796875, 0.004363059997558594, 0.004645109176635742, 0.004654884338378906, 0.0044100284576416016, 0.0044460296630859375, 0.004616975784301758, 0.004461050033569336, 0.004398822784423828, 0.004517078399658203, 0.00499725341796875, 0.004657745361328125, 0.00463414192199707, 0.0050885677337646484, 0.004565000534057617, 0.004580020904541016, 0.004662990570068359, 0.004875898361206055, 0.004641056060791016, 0.004415988922119141, 0.004805088043212891, 0.004563093185424805, 0.004399776458740234, 0.004557132720947266, 0.00472712516784668, 0.00442194938659668, 0.0043408870697021484, 0.00452423095703125, 0.004933834075927734, 0.004446983337402344, 0.00447392463684082, 0.0046498775482177734, 0.004739046096801758, 0.004540920257568359, 0.004556894302368164, 0.004528045654296875, 0.004430055618286133, 0.004457950592041016, 0.004359006881713867, 0.004635810852050781, 0.004418134689331055, 0.004619121551513672, 0.004624843597412109, 0.0045011043548583984, 0.004740238189697266, 0.004583835601806641, 0.004619121551513672, 0.0043561458587646484, 0.004395723342895508, 0.004605293273925781, 0.004695892333984375, 0.004392862319946289, 0.004469156265258789, 0.004765033721923828, 0.004568815231323242, 0.004363059997558594, 0.004456996917724609, 0.004826068878173828, 0.004422903060913086, 0.00434112548828125, 0.004354953765869141, 0.004751920700073242, 0.004543304443359375, 0.004396915435791016, 0.004703998565673828, 0.004757881164550781, 0.004415035247802734, 0.004370927810668945, 0.004698038101196289, 0.004488945007324219, 0.004540920257568359, 0.004684925079345703, 0.004988908767700195, 0.004822969436645508, 0.004575014114379883, 0.004818916320800781, 0.004486799240112305, 0.004590034484863281, 0.004624843597412109, 0.004935026168823242, 0.004545927047729492, 0.00455021858215332, 0.004760026931762695, 0.004628896713256836, 0.004585981369018555, 0.0048177242279052734, 0.00506591796875, 0.00463414192199707, 0.004606008529663086, 0.005013942718505859, 0.004563093185424805, 0.0046079158782958984, 0.004503965377807617, 0.004616975784301758, 0.004511117935180664, 0.004606962203979492, 0.004860877990722656, 0.004720926284790039, 0.004617929458618164, 0.004578113555908203, 0.004702091217041016, 0.004533052444458008, 0.0045659542083740234, 0.004372835159301758, 0.0046770572662353516, 0.0044858455657958984, 0.004464149475097656, 0.004609107971191406, 0.004364967346191406, 0.0045528411865234375, 0.0056650638580322266, 0.004562854766845703, 0.004595041275024414, 0.0043392181396484375, 0.0043718814849853516, 0.004620790481567383, 0.004520416259765625, 0.004394054412841797, 0.004602909088134766, 0.004579067230224609, 0.0045642852783203125, 0.0022258758544921875]}