{"train_loss": [2.915932705682223], "val_loss": [2.4859547153823263], "val_accuracy": [0.3053741838272225], "batch_times": [0.004558086395263672, 0.004724979400634766, 0.004791975021362305, 0.0046062469482421875, 0.005045175552368164, 0.004924297332763672, 0.004565000534057617, 0.0046329498291015625, 0.00493311882019043, 0.004436969757080078, 0.004533052444458008, 0.005143880844116211, 0.0046482086181640625, 0.0047550201416015625, 0.004767894744873047, 0.0050280094146728516, 0.004538059234619141, 0.004405975341796875, 0.005039691925048828, 0.004849910736083984, 0.004615306854248047, 0.004529714584350586, 0.00491786003112793, 0.004662036895751953, 0.004578828811645508, 0.005043983459472656, 0.005074262619018555, 0.00469517707824707, 0.004530906677246094, 0.005170345306396484, 0.0048258304595947266, 0.0046520233154296875, 0.005120038986206055, 0.004730939865112305, 0.004742145538330078, 0.004782915115356445, 0.005049228668212891, 0.0045697689056396484, 0.0043849945068359375, 0.00461888313293457, 0.004642009735107422, 0.004430294036865234, 0.004703998565673828, 0.0045778751373291016, 0.004465818405151367, 0.004361391067504883, 0.004578113555908203, 0.00444793701171875, 0.0045549869537353516, 0.0044863224029541016, 0.004671812057495117, 0.004456996917724609, 0.004459857940673828, 0.004391193389892578, 0.004524707794189453, 0.004408121109008789, 0.004380941390991211, 0.0045549869537353516, 0.00459599494934082, 0.004483222961425781, 0.004433870315551758, 0.0046062469482421875, 0.004367828369140625, 0.004534006118774414, 0.004494190216064453, 0.004582881927490234, 0.004430055618286133, 0.0043909549713134766, 0.004628181457519531, 0.004602670669555664, 0.004422187805175781, 0.004356861114501953, 0.0045740604400634766, 0.004850864410400391, 0.004481792449951172, 0.0043680667877197266, 0.004651069641113281, 0.00454401969909668, 0.004476785659790039, 0.0043909549713134766, 0.004594087600708008, 0.0046880245208740234, 0.004601001739501953, 0.004681110382080078, 0.004446983337402344, 0.004350900650024414, 0.0048487186431884766, 0.005050182342529297, 0.004614830017089844, 0.005032062530517578, 0.0054929256439208984, 0.005033016204833984, 0.019002914428710938, 0.035790205001831055, 0.01010584831237793, 0.008363008499145508, 0.005619049072265625, 0.004794120788574219, 0.005009889602661133, 0.00523686408996582, 0.00595402717590332, 0.005155801773071289, 0.005242109298706055, 0.005681753158569336, 0.00494694709777832, 0.004957914352416992, 0.005654096603393555, 0.004979133605957031, 0.005002260208129883, 0.0057373046875, 0.006580352783203125, 0.005837917327880859, 0.009595155715942383, 0.006674051284790039, 0.008235931396484375, 0.006819248199462891, 0.006769895553588867, 0.0060100555419921875, 0.007555723190307617, 0.008777856826782227, 0.006922006607055664, 0.007707118988037109, 0.0059871673583984375, 0.006190061569213867, 0.005389690399169922, 0.0057141780853271484, 0.006628990173339844, 0.005697965621948242, 0.005859851837158203, 0.007004261016845703, 0.005403757095336914, 0.006485939025878906, 0.005837202072143555, 0.005704164505004883, 0.005281925201416016, 0.00739598274230957, 0.005215883255004883, 0.004876136779785156, 0.005255937576293945, 0.004868984222412109, 0.0049991607666015625, 0.004533052444458008, 0.004682064056396484, 0.0046787261962890625, 0.004949808120727539, 0.00484776496887207, 0.004767179489135742, 0.005279064178466797, 0.004842996597290039, 0.0047109127044677734, 0.00475311279296875, 0.0047760009765625, 0.004539966583251953, 0.004628896713256836, 0.005381107330322266, 0.00484466552734375, 0.004606962203979492, 0.004705190658569336, 0.004784107208251953, 0.00469207763671875, 0.004809856414794922, 0.004968881607055664, 0.004800081253051758, 0.004797935485839844, 0.0048389434814453125, 0.005107879638671875, 0.00472712516784668, 0.004963874816894531, 0.004960060119628906, 0.005035877227783203, 0.004580020904541016, 0.004935026168823242, 0.004945039749145508, 0.004854679107666016, 0.004773139953613281, 0.004864931106567383, 0.004905223846435547, 0.004643678665161133, 0.005450010299682617, 0.004692792892456055, 0.0047228336334228516, 0.004656314849853516, 0.005096912384033203, 0.0048639774322509766, 0.004776954650878906, 0.005079746246337891, 0.004624128341674805, 0.00471186637878418, 0.004618167877197266, 0.004730939865112305, 0.0048182010650634766, 0.004786968231201172, 0.0050280094146728516, 0.004881858825683594, 0.0048923492431640625, 0.004951000213623047, 0.004958391189575195, 0.004728794097900391, 0.004582881927490234, 0.004977226257324219, 0.0047800540924072266, 0.004853725433349609, 0.0048999786376953125, 0.005068063735961914, 0.005216836929321289, 0.004956960678100586, 0.0050089359283447266, 0.004760026931762695, 0.004612922668457031, 0.0051081180572509766, 0.004745006561279297, 0.00488591194152832, 0.0049741268157958984, 0.00485992431640625, 0.004724979400634766, 0.004770040512084961, 0.004906892776489258, 0.004709005355834961, 0.0047321319580078125, 0.005000114440917969, 0.004789829254150391, 0.0059392452239990234, 0.004822969436645508, 0.005074977874755859, 0.004993915557861328, 0.004645109176635742, 0.004876852035522461, 0.005049943923950195, 0.00458073616027832, 0.004882335662841797, 0.004622936248779297, 0.004981040954589844, 0.00477290153503418, 0.004873991012573242, 0.004555225372314453, 0.00457000732421875, 0.004842996597290039, 0.004873037338256836, 0.004626035690307617, 0.004555940628051758, 0.005136251449584961, 0.004781961441040039, 0.004826068878173828, 0.0050661563873291016, 0.0045969486236572266, 0.0047380924224853516, 0.005004167556762695, 0.0050411224365234375, 0.00471186637878418, 0.004603862762451172, 0.004952192306518555, 0.004730224609375, 0.0048809051513671875, 0.004892826080322266, 0.005263090133666992, 0.004566669464111328, 0.004721164703369141, 0.0049169063568115234, 0.004892826080322266, 0.004775047302246094, 0.004599094390869141, 0.005071163177490234, 0.0046710968017578125, 0.004786968231201172, 0.0049610137939453125, 0.004614353179931641, 0.004793882369995117, 0.0047609806060791016, 0.004951000213623047, 0.004733085632324219, 0.004516124725341797, 0.004976987838745117, 0.004754066467285156, 0.004639148712158203, 0.004773855209350586, 0.005057096481323242, 0.004595041275024414, 0.004729032516479492, 0.004942893981933594, 0.005089998245239258, 0.004367828369140625, 0.004590034484863281, 0.004940032958984375, 0.00436091423034668, 0.004403829574584961, 0.0045850276947021484, 0.0045070648193359375, 0.004687070846557617, 0.004581928253173828, 0.004628181457519531, 0.004461050033569336, 0.004400968551635742, 0.0043528079986572266, 0.004515886306762695, 0.0043659210205078125, 0.004480123519897461, 0.004700899124145508, 0.00446009635925293, 0.004436969757080078, 0.004486083984375, 0.004722118377685547, 0.004395961761474609, 0.004506826400756836, 0.00452423095703125, 0.004683971405029297, 0.004353046417236328, 0.004602909088134766, 0.0046520233154296875, 0.004378795623779297, 0.00444483757019043, 0.004445075988769531, 0.004538059234619141, 0.0044918060302734375, 0.0045680999755859375, 0.004431962966918945, 0.004615306854248047, 0.00443720817565918, 0.004793882369995117, 0.0045528411865234375, 0.004438877105712891, 0.0044040679931640625, 0.004388093948364258, 0.004495859146118164, 0.004481077194213867, 0.004489898681640625, 0.004364013671875, 0.0022678375244140625]}