{"train_loss": [2.9163374813624454], "val_loss": [2.480715346965692], "val_accuracy": [0.3096433952787544], "batch_times": [0.0053861141204833984, 0.004611968994140625, 0.00534510612487793, 0.004645109176635742, 0.004536151885986328, 0.0075070858001708984, 0.03586983680725098, 0.013089179992675781, 0.004698753356933594, 0.004501819610595703, 0.0046539306640625, 0.004490852355957031, 0.0043680667877197266, 0.004347085952758789, 0.004515886306762695, 0.004409313201904297, 0.004353761672973633, 0.004342079162597656, 0.0046808719635009766, 0.004418134689331055, 0.004425048828125, 0.004438877105712891, 0.0045282840728759766, 0.004391908645629883, 0.004420757293701172, 0.004629850387573242, 0.004384040832519531, 0.004349946975708008, 0.0043489933013916016, 0.0044651031494140625, 0.004354000091552734, 0.004374027252197266, 0.004409074783325195, 0.004662990570068359, 0.004407167434692383, 0.004380941390991211, 0.004353046417236328, 0.004498004913330078, 0.004388093948364258, 0.0043528079986572266, 0.004679203033447266, 0.004440784454345703, 0.004403829574584961, 0.0044209957122802734, 0.004591941833496094, 0.0043981075286865234, 0.004423856735229492, 0.004411220550537109, 0.004547834396362305, 0.0045011043548583984, 0.004370927810668945, 0.004354000091552734, 0.004776954650878906, 0.004432201385498047, 0.004387855529785156, 0.004782199859619141, 0.0044291019439697266, 0.004353046417236328, 0.004352092742919922, 0.0047740936279296875, 0.004466056823730469, 0.004441976547241211, 0.0044019222259521484, 0.0044667720794677734, 0.004372119903564453, 0.00437617301940918, 0.00467991828918457, 0.004372119903564453, 0.004344940185546875, 0.004354953765869141, 0.004513978958129883, 0.004405975341796875, 0.0043370723724365234, 0.0043430328369140625, 0.004683017730712891, 0.004364967346191406, 0.004352092742919922, 0.004355907440185547, 0.0047359466552734375, 0.004431247711181641, 0.0043487548828125, 0.004918098449707031, 0.004689216613769531, 0.004828214645385742, 0.004707813262939453, 0.005235910415649414, 0.005033969879150391, 0.0049762725830078125, 0.005388021469116211, 0.004603862762451172, 0.0048198699951171875, 0.004669189453125, 0.004952907562255859, 0.004908084869384766, 0.004416942596435547, 0.004681110382080078, 0.004381895065307617, 0.0044097900390625, 0.004420042037963867, 0.004662990570068359, 0.004387617111206055, 0.004346132278442383, 0.0043451786041259766, 0.004471778869628906, 0.0044231414794921875, 0.004362583160400391, 0.004510164260864258, 0.004356861114501953, 0.004346132278442383, 0.00435185432434082, 0.0044438838958740234, 0.004353046417236328, 0.004357814788818359, 0.004343986511230469, 0.004480123519897461, 0.0043849945068359375, 0.0043430328369140625, 0.004339933395385742, 0.0047168731689453125, 0.004376888275146484, 0.004351139068603516, 0.00466609001159668, 0.0044820308685302734, 0.004394054412841797, 0.004431724548339844, 0.0045680999755859375, 0.004398822784423828, 0.004436969757080078, 0.004392147064208984, 0.0045490264892578125, 0.004354953765869141, 0.004343986511230469, 0.004346132278442383, 0.004666805267333984, 0.004415035247802734, 0.004388093948364258, 0.004583835601806641, 0.004382133483886719, 0.004406929016113281, 0.0044002532958984375, 0.0047359466552734375, 0.004363059997558594, 0.004348039627075195, 0.004337787628173828, 0.0045320987701416016, 0.004412174224853516, 0.00437474250793457, 0.005376100540161133, 0.0048220157623291016, 0.004683017730712891, 0.004558086395263672, 0.005316972732543945, 0.005048036575317383, 0.00502777099609375, 0.007752895355224609, 0.008109092712402344, 0.005774021148681641, 0.00577998161315918, 0.004628896713256836, 0.0044651031494140625, 0.005959033966064453, 0.004667997360229492, 0.004964113235473633, 0.0065460205078125, 0.004801034927368164, 0.004736185073852539, 0.006062746047973633, 0.007142305374145508, 0.005290031433105469, 0.006891012191772461, 0.004705905914306641, 0.005212306976318359, 0.006857872009277344, 0.004925966262817383, 0.004963874816894531, 0.0065441131591796875, 0.005043983459472656, 0.005383729934692383, 0.005369901657104492, 0.0048639774322509766, 0.0046231746673583984, 0.006371021270751953, 0.004932880401611328, 0.005029916763305664, 0.0063631534576416016, 0.005452871322631836, 0.005625247955322266, 0.00697016716003418, 0.005090951919555664, 0.004786014556884766, 0.005753993988037109, 0.004967927932739258, 0.005228996276855469, 0.005177021026611328, 0.005162954330444336, 0.0054149627685546875, 0.005329132080078125, 0.004827976226806641, 0.006833791732788086, 0.007772207260131836, 0.005112648010253906, 0.004823923110961914, 0.005531787872314453, 0.004745960235595703, 0.004753828048706055, 0.005032062530517578, 0.0045969486236572266, 0.004736900329589844, 0.004770040512084961, 0.005461931228637695, 0.004853963851928711, 0.004756927490234375, 0.0050961971282958984, 0.005080699920654297, 0.005034923553466797, 0.005396127700805664, 0.0053369998931884766, 0.004718780517578125, 0.004970073699951172, 0.005123138427734375, 0.004918098449707031, 0.004992008209228516, 0.004965782165527344, 0.007005214691162109, 0.0062847137451171875, 0.005101203918457031, 0.005357980728149414, 0.004662036895751953, 0.0051310062408447266, 0.004954099655151367, 0.004932880401611328, 0.004783153533935547, 0.005095005035400391, 0.005136728286743164, 0.004590034484863281, 0.004990816116333008, 0.005054950714111328, 0.004430055618286133, 0.004735231399536133, 0.004406929016113281, 0.004347085952758789, 0.004349946975708008, 0.0045130252838134766, 0.004351139068603516, 0.004406929016113281, 0.004900932312011719, 0.005380153656005859, 0.005026102066040039, 0.004539012908935547, 0.005049943923950195, 0.004445075988769531, 0.0043659210205078125, 0.004503011703491211, 0.0044040679931640625, 0.004349946975708008, 0.004348039627075195, 0.004633903503417969, 0.004378080368041992, 0.0043451786041259766, 0.004342079162597656, 0.0047528743743896484, 0.004415988922119141, 0.0043489933013916016, 0.004347085952758789, 0.0044629573822021484, 0.0043451786041259766, 0.004357814788818359, 0.004416942596435547, 0.004419088363647461, 0.004353046417236328, 0.004364728927612305, 0.004567146301269531, 0.00456690788269043, 0.004417896270751953, 0.004355907440185547, 0.004678249359130859, 0.004405975341796875, 0.004408121109008789, 0.004390239715576172, 0.004524707794189453, 0.0043680667877197266, 0.004358053207397461, 0.004744052886962891, 0.00442194938659668, 0.004369974136352539, 0.00443577766418457, 0.004596233367919922, 0.004396915435791016, 0.004381895065307617, 0.004359006881713867, 0.00457763671875, 0.004361867904663086, 0.004742145538330078, 0.004453897476196289, 0.0047380924224853516, 0.004492044448852539, 0.004582881927490234, 0.00497889518737793, 0.004599094390869141, 0.00437617301940918, 0.004427909851074219, 0.0048809051513671875, 0.0044138431549072266, 0.00436711311340332, 0.0043659210205078125, 0.0046539306640625, 0.004400968551635742, 0.004346132278442383, 0.004619121551513672, 0.00454401969909668, 0.004350185394287109, 0.004354953765869141, 0.004689931869506836, 0.004506111145019531, 0.004437923431396484, 0.004399776458740234, 0.004809141159057617, 0.004360198974609375, 0.004347801208496094, 0.004604816436767578, 0.00437617301940918, 0.00436711311340332, 0.004366636276245117, 0.004518270492553711, 0.004388093948364258, 0.00434112548828125, 0.0021660327911376953]}