{"train_loss": [2.9152872399187246], "val_loss": [2.4828097456718585], "val_accuracy": [0.3068809643395279], "batch_times": [0.0047969818115234375, 0.004636287689208984, 0.004560947418212891, 0.00460505485534668, 0.0048601627349853516, 0.004519224166870117, 0.004452705383300781, 0.005032062530517578, 0.004477262496948242, 0.0045168399810791016, 0.004469156265258789, 0.004662990570068359, 0.004540920257568359, 0.0043599605560302734, 0.004576921463012695, 0.0043451786041259766, 0.004601955413818359, 0.004446983337402344, 0.004516124725341797, 0.004479169845581055, 0.0045011043548583984, 0.004396677017211914, 0.004552125930786133, 0.004336833953857422, 0.004363059997558594, 0.004339933395385742, 0.004577159881591797, 0.004344940185546875, 0.004334926605224609, 0.004651069641113281, 0.004420757293701172, 0.0043332576751708984, 0.004338741302490234, 0.00465703010559082, 0.0044269561767578125, 0.004417896270751953, 0.004439115524291992, 0.004558086395263672, 0.004410743713378906, 0.004352092742919922, 0.004353046417236328, 0.004895925521850586, 0.004391908645629883, 0.004347085952758789, 0.004579782485961914, 0.004363059997558594, 0.004349946975708008, 0.004366159439086914, 0.004548072814941406, 0.0043849945068359375, 0.004376888275146484, 0.0043451786041259766, 0.0045659542083740234, 0.004355192184448242, 0.004336118698120117, 0.004327058792114258, 0.004586935043334961, 0.0043621063232421875, 0.00435185432434082, 0.0044519901275634766, 0.004358053207397461, 0.004338979721069336, 0.004350900650024414, 0.004662990570068359, 0.0044710636138916016, 0.004405021667480469, 0.00441288948059082, 0.004591226577758789, 0.004364728927612305, 0.004381895065307617, 0.004355907440185547, 0.004599094390869141, 0.004423856735229492, 0.004338979721069336, 0.004657268524169922, 0.004483222961425781, 0.004339933395385742, 0.004342079162597656, 0.004631996154785156, 0.004424095153808594, 0.004357814788818359, 0.0043599605560302734, 0.004583120346069336, 0.004395961761474609, 0.004405975341796875, 0.00438690185546875, 0.004564046859741211, 0.004403829574584961, 0.0044422149658203125, 0.004539012908935547, 0.004409074783325195, 0.004392862319946289, 0.004433870315551758, 0.004747867584228516, 0.004405021667480469, 0.004420042037963867, 0.004450082778930664, 0.004684925079345703, 0.004395961761474609, 0.00432896614074707, 0.004403352737426758, 0.004593849182128906, 0.004454851150512695, 0.0043981075286865234, 0.004567146301269531, 0.0043487548828125, 0.004333019256591797, 0.004343748092651367, 0.004615306854248047, 0.004351139068603516, 0.004338979721069336, 0.004398822784423828, 0.004469156265258789, 0.004407167434692383, 0.004332065582275391, 0.00439000129699707, 0.0048389434814453125, 0.0046732425689697266, 0.0044019222259521484, 0.004683017730712891, 0.004442930221557617, 0.004349946975708008, 0.004441022872924805, 0.00480198860168457, 0.0045359134674072266, 0.004464864730834961, 0.004418134689331055, 0.004805803298950195, 0.0043790340423583984, 0.0055811405181884766, 0.00551915168762207, 0.0047032833099365234, 0.004359006881713867, 0.004355907440185547, 0.0045659542083740234, 0.004704952239990234, 0.00446629524230957, 0.0048139095306396484, 0.0045108795166015625, 0.004375934600830078, 0.004410982131958008, 0.0048580169677734375, 0.0043909549713134766, 0.004344940185546875, 0.004383087158203125, 0.004540920257568359, 0.004400014877319336, 0.004338979721069336, 0.004620075225830078, 0.004415988922119141, 0.0044209957122802734, 0.0044438838958740234, 0.004528999328613281, 0.004390716552734375, 0.00437617301940918, 0.004373073577880859, 0.0046558380126953125, 0.004411220550537109, 0.004348039627075195, 0.004393815994262695, 0.004752159118652344, 0.004466056823730469, 0.0044307708740234375, 0.004784107208251953, 0.004378795623779297, 0.00436091423034668, 0.004395008087158203, 0.004655122756958008, 0.0044438838958740234, 0.004450082778930664, 0.004391908645629883, 0.004453182220458984, 0.004343748092651367, 0.004383087158203125, 0.004364013671875, 0.004746913909912109, 0.0044841766357421875, 0.004431962966918945, 0.00498509407043457, 0.004391908645629883, 0.004551887512207031, 0.004410266876220703, 0.004770040512084961, 0.0045011043548583984, 0.004479885101318359, 0.00503087043762207, 0.004611968994140625, 0.004606008529663086, 0.004453897476196289, 0.004558086395263672, 0.004370927810668945, 0.0043599605560302734, 0.00439906120300293, 0.0046041011810302734, 0.0043849945068359375, 0.00477910041809082, 0.005040884017944336, 0.004739999771118164, 0.004665851593017578, 0.004705905914306641, 0.004992008209228516, 0.004878997802734375, 0.00475621223449707, 0.004997730255126953, 0.005064964294433594, 0.0051729679107666016, 0.005813121795654297, 0.005362033843994141, 0.004728078842163086, 0.004827976226806641, 0.004658937454223633, 0.00484919548034668, 0.004742860794067383, 0.005064964294433594, 0.0052721500396728516, 0.0054967403411865234, 0.006067037582397461, 0.005196809768676758, 0.005045890808105469, 0.0048618316650390625, 0.005043745040893555, 0.005057096481323242, 0.004798173904418945, 0.005096912384033203, 0.004855155944824219, 0.005403757095336914, 0.005034923553466797, 0.004966259002685547, 0.005515098571777344, 0.005235195159912109, 0.0049169063568115234, 0.005032777786254883, 0.0046041011810302734, 0.004808902740478516, 0.004464149475097656, 0.004531145095825195, 0.004853963851928711, 0.004565000534057617, 0.005115985870361328, 0.004832029342651367, 0.005081892013549805, 0.005654096603393555, 0.005838155746459961, 0.005813121795654297, 0.0053730010986328125, 0.004517793655395508, 0.004992008209228516, 0.0047168731689453125, 0.004739046096801758, 0.004703998565673828, 0.0045833587646484375, 0.004425764083862305, 0.0044329166412353516, 0.0046901702880859375, 0.0044291019439697266, 0.004438877105712891, 0.004427194595336914, 0.004601001739501953, 0.004415035247802734, 0.004423856735229492, 0.00442194938659668, 0.004560232162475586, 0.004426002502441406, 0.0044438838958740234, 0.004583120346069336, 0.004536867141723633, 0.004409074783325195, 0.0043430328369140625, 0.004667043685913086, 0.00439906120300293, 0.0043621063232421875, 0.004354715347290039, 0.00464630126953125, 0.004482746124267578, 0.004445791244506836, 0.004622936248779297, 0.004500150680541992, 0.0044116973876953125, 0.004436969757080078, 0.004528999328613281, 0.004366874694824219, 0.004349231719970703, 0.004338979721069336, 0.0045430660247802734, 0.004369974136352539, 0.0043370723724365234, 0.004576683044433594, 0.004670858383178711, 0.00446629524230957, 0.004332065582275391, 0.004669904708862305, 0.004620075225830078, 0.004730224609375, 0.0043909549713134766, 0.004943132400512695, 0.0043752193450927734, 0.004408836364746094, 0.0044078826904296875, 0.004703998565673828, 0.0044879913330078125, 0.004452228546142578, 0.004648923873901367, 0.004377841949462891, 0.0044019222259521484, 0.0043981075286865234, 0.0047109127044677734, 0.004450082778930664, 0.004424095153808594, 0.00442814826965332, 0.004505157470703125, 0.004369974136352539, 0.0043451786041259766, 0.004669904708862305, 0.0044269561767578125, 0.004396200180053711, 0.00442194938659668, 0.004676103591918945, 0.004441738128662109, 0.004412174224853516, 0.004437923431396484, 0.004538059234619141, 0.004358768463134766, 0.004346132278442383, 0.004355192184448242, 0.0046160221099853516, 0.0044307708740234375, 0.0021970272064208984]}