{"train_loss": [2.899656979748349], "val_loss": [2.480901591772785], "val_accuracy": [0.30160723254645905], "batch_times": [0.005068063735961914, 0.0046918392181396484, 0.004659891128540039, 0.004701852798461914, 0.005254268646240234, 0.0045049190521240234, 0.004864931106567383, 0.005548000335693359, 0.004714012145996094, 0.004570722579956055, 0.0049571990966796875, 0.004778861999511719, 0.0046710968017578125, 0.004608869552612305, 0.005406856536865234, 0.004630565643310547, 0.004556894302368164, 0.005093097686767578, 0.005526065826416016, 0.004957914352416992, 0.004781961441040039, 0.005527019500732422, 0.004492044448852539, 0.004731178283691406, 0.005048990249633789, 0.004552125930786133, 0.004889965057373047, 0.005159854888916016, 0.05026388168334961, 0.019402027130126953, 0.005182981491088867, 0.0048749446868896484, 0.0055408477783203125, 0.004991054534912109, 0.0053293704986572266, 0.00651097297668457, 0.006142854690551758, 0.010210037231445312, 0.006083011627197266, 0.005961179733276367, 0.007992744445800781, 0.005705118179321289, 0.010970115661621094, 0.004994869232177734, 0.0049932003021240234, 0.005774974822998047, 0.0049860477447509766, 0.004971981048583984, 0.006207942962646484, 0.005259990692138672, 0.005010128021240234, 0.006734132766723633, 0.005259990692138672, 0.004996061325073242, 0.006463050842285156, 0.005784749984741211, 0.006381988525390625, 0.005956888198852539, 0.008339881896972656, 0.006328105926513672, 0.005676984786987305, 0.005110025405883789, 0.006333827972412109, 0.004660129547119141, 0.005124807357788086, 0.008466005325317383, 0.005887269973754883, 0.0055429935455322266, 0.008398771286010742, 0.005056142807006836, 0.008303165435791016, 0.0052700042724609375, 0.005122184753417969, 0.007356166839599609, 0.005237102508544922, 0.005920886993408203, 0.005980968475341797, 0.005237102508544922, 0.005952119827270508, 0.004974842071533203, 0.005039215087890625, 0.005525112152099609, 0.0062258243560791016, 0.005335092544555664, 0.006254911422729492, 0.004968404769897461, 0.004940986633300781, 0.005602121353149414, 0.005933046340942383, 0.0051691532135009766, 0.005589962005615234, 0.006073713302612305, 0.006821870803833008, 0.00722193717956543, 0.005582094192504883, 0.005201101303100586, 0.006335020065307617, 0.006978273391723633, 0.0052487850189208984, 0.006574153900146484, 0.0053119659423828125, 0.005712032318115234, 0.00569915771484375, 0.004982948303222656, 0.00564885139465332, 0.006331920623779297, 0.005146026611328125, 0.006340742111206055, 0.0056610107421875, 0.005421876907348633, 0.005739927291870117, 0.006105899810791016, 0.004976034164428711, 0.0053331851959228516, 0.004631757736206055, 0.0047681331634521484, 0.004452943801879883, 0.005239725112915039, 0.004439115524291992, 0.0044040679931640625, 0.0054972171783447266, 0.004734992980957031, 0.0048139095306396484, 0.005383968353271484, 0.006173133850097656, 0.0063018798828125, 0.00590062141418457, 0.004938840866088867, 0.005203962326049805, 0.004996061325073242, 0.0054018497467041016, 0.005315065383911133, 0.004973173141479492, 0.005939006805419922, 0.004925966262817383, 0.0048329830169677734, 0.005738019943237305, 0.0053250789642333984, 0.00588226318359375, 0.00656890869140625, 0.006055116653442383, 0.005808115005493164, 0.005268096923828125, 0.0052607059478759766, 0.0049898624420166016, 0.005711078643798828, 0.005244016647338867, 0.004912137985229492, 0.005594730377197266, 0.00509333610534668, 0.0067942142486572266, 0.006515979766845703, 0.005450010299682617, 0.005702018737792969, 0.0054988861083984375, 0.00532984733581543, 0.004991769790649414, 0.006145000457763672, 0.0051920413970947266, 0.005201816558837891, 0.005748271942138672, 0.005023956298828125, 0.005148172378540039, 0.006204128265380859, 0.005211830139160156, 0.005171060562133789, 0.005548000335693359, 0.004979848861694336, 0.005035877227783203, 0.005778789520263672, 0.005162954330444336, 0.005081892013549805, 0.005883216857910156, 0.0051119327545166016, 0.004973173141479492, 0.005663871765136719, 0.0050618648529052734, 0.005309104919433594, 0.005378007888793945, 0.005281925201416016, 0.005273103713989258, 0.005238771438598633, 0.005437135696411133, 0.005029916763305664, 0.0050449371337890625, 0.005870819091796875, 0.005300998687744141, 0.004843235015869141, 0.006155967712402344, 0.0049779415130615234, 0.0050470829010009766, 0.006055116653442383, 0.0048999786376953125, 0.005052804946899414, 0.005830287933349609, 0.004976034164428711, 0.0050737857818603516, 0.00533604621887207, 0.004588127136230469, 0.004755258560180664, 0.004746913909912109, 0.00510406494140625, 0.004891872406005859, 0.004895925521850586, 0.0049059391021728516, 0.004541873931884766, 0.005008220672607422, 0.005968809127807617, 0.004899024963378906, 0.005094289779663086, 0.005018949508666992, 0.005363941192626953, 0.00464320182800293, 0.00513005256652832, 0.00586390495300293, 0.004570960998535156, 0.004998207092285156, 0.005859851837158203, 0.005079030990600586, 0.004965782165527344, 0.005867958068847656, 0.005110979080200195, 0.0050811767578125, 0.005199909210205078, 0.00534510612487793, 0.004801034927368164, 0.00476384162902832, 0.005933046340942383, 0.0049800872802734375, 0.005027055740356445, 0.006129026412963867, 0.005054950714111328, 0.005593299865722656, 0.005742788314819336, 0.005098104476928711, 0.005036115646362305, 0.005942106246948242, 0.004914999008178711, 0.005204916000366211, 0.006231784820556641, 0.004909038543701172, 0.00487828254699707, 0.0057659149169921875, 0.004842042922973633, 0.004683017730712891, 0.004536867141723633, 0.004938840866088867, 0.004515171051025391, 0.004700899124145508, 0.004938840866088867, 0.004454851150512695, 0.0045201778411865234, 0.004450798034667969, 0.004631996154785156, 0.004410982131958008, 0.004400014877319336, 0.004522800445556641, 0.004576921463012695, 0.0043642520904541016, 0.004469871520996094, 0.0046901702880859375, 0.004610776901245117, 0.00436091423034668, 0.0044710636138916016, 0.004982948303222656, 0.004538774490356445, 0.004481077194213867, 0.004369974136352539, 0.004698038101196289, 0.004437923431396484, 0.00452113151550293, 0.0045928955078125, 0.004498720169067383, 0.004466056823730469, 0.004523038864135742, 0.004576921463012695, 0.004531145095825195, 0.004442930221557617, 0.004411935806274414, 0.0045659542083740234, 0.004418134689331055, 0.004672050476074219, 0.004667043685913086, 0.004589080810546875, 0.004606962203979492, 0.004434823989868164, 0.004750251770019531, 0.00441288948059082, 0.004366159439086914, 0.0044748783111572266, 0.004639863967895508, 0.004357099533081055, 0.004548788070678711, 0.004689216613769531, 0.004534006118774414, 0.00453495979309082, 0.0044231414794921875, 0.00481104850769043, 0.004775285720825195, 0.004556894302368164, 0.005254268646240234, 0.004734992980957031, 0.00462794303894043, 0.004950046539306641, 0.004685163497924805, 0.004448652267456055, 0.004410266876220703, 0.004515886306762695, 0.0046329498291015625, 0.004573822021484375, 0.004369258880615234, 0.004547834396362305, 0.004517078399658203, 0.004436969757080078, 0.004359722137451172, 0.004687309265136719, 0.004478931427001953, 0.0045318603515625, 0.004355907440185547, 0.005036115646362305, 0.004859209060668945, 0.0047338008880615234, 0.004986763000488281, 0.004600048065185547, 0.004728078842163086, 0.004762887954711914, 0.002523183822631836]}