{"train_loss": [2.9012750982466846], "val_loss": [2.48038507120046], "val_accuracy": [0.30411853340030137], "batch_times": [0.004673004150390625, 0.00452113151550293, 0.004524707794189453, 0.004485130310058594, 0.004585981369018555, 0.0043468475341796875, 0.0043451786041259766, 0.004651069641113281, 0.004335880279541016, 0.004584789276123047, 0.004470109939575195, 0.004600048065185547, 0.004739046096801758, 0.0045468807220458984, 0.004594326019287109, 0.0044329166412353516, 0.004431962966918945, 0.004409074783325195, 0.004700899124145508, 0.004462003707885742, 0.004449129104614258, 0.004401683807373047, 0.004672050476074219, 0.004357814788818359, 0.004348278045654297, 0.0043599605560302734, 0.004599094390869141, 0.004364967346191406, 0.0043489933013916016, 0.004724264144897461, 0.0044689178466796875, 0.00442194938659668, 0.00444793701171875, 0.004569053649902344, 0.004368782043457031, 0.004373073577880859, 0.00439906120300293, 0.004656314849853516, 0.0044248104095458984, 0.004441022872924805, 0.004425048828125, 0.004567146301269531, 0.004442691802978516, 0.004411935806274414, 0.004602909088134766, 0.004405021667480469, 0.0044329166412353516, 0.004422903060913086, 0.004584074020385742, 0.004400968551635742, 0.004467964172363281, 0.004394054412841797, 0.004544973373413086, 0.004367828369140625, 0.00435185432434082, 0.004517078399658203, 0.0044879913330078125, 0.004350900650024414, 0.004336118698120117, 0.0046880245208740234, 0.004431962966918945, 0.004436969757080078, 0.004424095153808594, 0.004568815231323242, 0.004393339157104492, 0.00437474250793457, 0.004330873489379883, 0.004487276077270508, 0.004334926605224609, 0.0043430328369140625, 0.004462003707885742, 0.004565000534057617, 0.004403829574584961, 0.0044591426849365234, 0.004498958587646484, 0.004389047622680664, 0.0043489933013916016, 0.004361152648925781, 0.004500865936279297, 0.004409074783325195, 0.004353761672973633, 0.004360198974609375, 0.0045049190521240234, 0.004374980926513672, 0.004355192184448242, 0.0043487548828125, 0.004579067230224609, 0.004415988922119141, 0.004541873931884766, 0.004867076873779297, 0.004586935043334961, 0.0044138431549072266, 0.004423856735229492, 0.004628896713256836, 0.00441288948059082, 0.004453182220458984, 0.004398822784423828, 0.00453495979309082, 0.0043680667877197266, 0.004359006881713867, 0.004630088806152344, 0.0044710636138916016, 0.004402875900268555, 0.004425048828125, 0.004559993743896484, 0.0044040679931640625, 0.00441288948059082, 0.004377841949462891, 0.0044901371002197266, 0.004377126693725586, 0.0043981075286865234, 0.0043888092041015625, 0.004453182220458984, 0.0043489933013916016, 0.004339933395385742, 0.0045239925384521484, 0.004664182662963867, 0.004420042037963867, 0.004622220993041992, 0.004672050476074219, 0.004361867904663086, 0.004349946975708008, 0.00436091423034668, 0.004580259323120117, 0.004369974136352539, 0.00441288948059082, 0.004347085952758789, 0.004481077194213867, 0.004355907440185547, 0.004363059997558594, 0.004659891128540039, 0.004453182220458984, 0.004424095153808594, 0.004438877105712891, 0.0046291351318359375, 0.004400730133056641, 0.004410266876220703, 0.004403829574584961, 0.004427909851074219, 0.004359006881713867, 0.004782915115356445, 0.005507946014404297, 0.004823923110961914, 0.004742860794067383, 0.004449129104614258, 0.004832029342651367, 0.0045697689056396484, 0.004441022872924805, 0.0044291019439697266, 0.004801034927368164, 0.004553318023681641, 0.0045490264892578125, 0.005316019058227539, 0.004729032516479492, 0.004617929458618164, 0.004528999328613281, 0.004962921142578125, 0.004487276077270508, 0.0044710636138916016, 0.005036115646362305, 0.0047299861907958984, 0.004621028900146484, 0.004532814025878906, 0.005076169967651367, 0.0045468807220458984, 0.00453495979309082, 0.004762172698974609, 0.004743814468383789, 0.004456996917724609, 0.004403114318847656, 0.004511833190917969, 0.004354000091552734, 0.0043487548828125, 0.004366159439086914, 0.004659891128540039, 0.004472970962524414, 0.004441022872924805, 0.004582881927490234, 0.004360198974609375, 0.004339933395385742, 0.00435185432434082, 0.0047152042388916016, 0.0044097900390625, 0.004423856735229492, 0.004394054412841797, 0.004536151885986328, 0.004397869110107422, 0.004345893859863281, 0.004354000091552734, 0.004550933837890625, 0.004384040832519531, 0.004343986511230469, 0.004511117935180664, 0.004343986511230469, 0.0043451786041259766, 0.004380941390991211, 0.004456043243408203, 0.004350900650024414, 0.004353046417236328, 0.004343986511230469, 0.0045850276947021484, 0.004372835159301758, 0.00436091423034668, 0.004342079162597656, 0.004461765289306641, 0.004353046417236328, 0.004354953765869141, 0.004352092742919922, 0.004450082778930664, 0.0043489933013916016, 0.0043561458587646484, 0.004617929458618164, 0.0044438838958740234, 0.0043828487396240234, 0.004379749298095703, 0.0044820308685302734, 0.004337310791015625, 0.004331827163696289, 0.0043182373046875, 0.004475116729736328, 0.004363059997558594, 0.00436091423034668, 0.0043430328369140625, 0.004542112350463867, 0.004353046417236328, 0.004343986511230469, 0.004337787628173828, 0.004664182662963867, 0.004419803619384766, 0.004445791244506836, 0.004676103591918945, 0.00438690185546875, 0.00435185432434082, 0.004357337951660156, 0.004563808441162109, 0.0043697357177734375, 0.0043680667877197266, 0.004347801208496094, 0.004648923873901367, 0.004462242126464844, 0.004458904266357422, 0.004569053649902344, 0.004415988922119141, 0.004459857940673828, 0.00445103645324707, 0.004585981369018555, 0.004363059997558594, 0.0043792724609375, 0.004353046417236328, 0.004597902297973633, 0.00442814826965332, 0.004402875900268555, 0.004413127899169922, 0.00447392463684082, 0.004342079162597656, 0.004377126693725586, 0.0044629573822021484, 0.004391193389892578, 0.004356861114501953, 0.0043680667877197266, 0.0045928955078125, 0.004400014877319336, 0.0043528079986572266, 0.004342079162597656, 0.004553318023681641, 0.004415988922119141, 0.00438380241394043, 0.0043637752532958984, 0.00464320182800293, 0.004470109939575195, 0.004446983337402344, 0.004498004913330078, 0.004517078399658203, 0.004365682601928711, 0.004372835159301758, 0.004674196243286133, 0.004396915435791016, 0.004352092742919922, 0.004355907440185547, 0.004616975784301758, 0.004455089569091797, 0.004429817199707031, 0.0043942928314208984, 0.004594087600708008, 0.004349946975708008, 0.004369974136352539, 0.004667997360229492, 0.004565715789794922, 0.004453182220458984, 0.00445103645324707, 0.00458073616027832, 0.004364967346191406, 0.004355192184448242, 0.004357814788818359, 0.004528999328613281, 0.004417896270751953, 0.004352092742919922, 0.004353046417236328, 0.004817962646484375, 0.0043621063232421875, 0.004363059997558594, 0.004559993743896484, 0.0043718814849853516, 0.004354715347290039, 0.004352092742919922, 0.004714012145996094, 0.004443168640136719, 0.004435062408447266, 0.004403829574584961, 0.004506111145019531, 0.004361867904663086, 0.00434112548828125, 0.004347801208496094, 0.004458904266357422, 0.004349946975708008, 0.004336118698120117, 0.00438690185546875, 0.00461125373840332, 0.004336833953857422, 0.00436711311340332, 0.0044460296630859375, 0.004362821578979492, 0.004336118698120117, 0.004326820373535156, 0.0045318603515625, 0.004382133483886719, 0.0021560192108154297]}