{"train_loss": [2.9181609043895413], "val_loss": [2.484288190185504], "val_accuracy": [0.3061275740833752], "batch_times": [0.004673957824707031, 0.004821062088012695, 0.00481414794921875, 0.004947185516357422, 0.0050868988037109375, 0.004450798034667969, 0.005059003829956055, 0.004456996917724609, 0.0045299530029296875, 0.004760265350341797, 0.0045108795166015625, 0.004384040832519531, 0.004591941833496094, 0.004724025726318359, 0.004424333572387695, 0.004392862319946289, 0.004738807678222656, 0.004819393157958984, 0.0043718814849853516, 0.004603862762451172, 0.005196094512939453, 0.005491971969604492, 0.00484776496887207, 0.004864215850830078, 0.004729032516479492, 0.004618167877197266, 0.004642009735107422, 0.00487208366394043, 0.004442930221557617, 0.00462794303894043, 0.004914045333862305, 0.0053670406341552734, 0.004731893539428711, 0.004602193832397461, 0.004723072052001953, 0.0047299861907958984, 0.004652261734008789, 0.004683971405029297, 0.00524592399597168, 0.004533052444458008, 0.004492044448852539, 0.004729270935058594, 0.0045778751373291016, 0.004531145095825195, 0.004500389099121094, 0.005033016204833984, 0.004667997360229492, 0.004652976989746094, 0.0046977996826171875, 0.00471806526184082, 0.004536151885986328, 0.004498004913330078, 0.004656791687011719, 0.004392862319946289, 0.0046100616455078125, 0.004708051681518555, 0.004532814025878906, 0.0045108795166015625, 0.0044782161712646484, 0.004744052886962891, 0.004632711410522461, 0.0044362545013427734, 0.004522085189819336, 0.0050580501556396484, 0.004377126693725586, 0.00444793701171875, 0.004691123962402344, 0.004550933837890625, 0.004415035247802734, 0.004615068435668945, 0.00467681884765625, 0.004605293273925781, 0.0044422149658203125, 0.004481077194213867, 0.004532814025878906, 0.004555940628051758, 0.004457950592041016, 0.004624128341674805, 0.004494905471801758, 0.0044553279876708984, 0.0043888092041015625, 0.004500865936279297, 0.004527091979980469, 0.004448890686035156, 0.004395008087158203, 0.004608869552612305, 0.004511833190917969, 0.004405021667480469, 0.004614114761352539, 0.004394054412841797, 0.004415035247802734, 0.004637956619262695, 0.004732847213745117, 0.004470109939575195, 0.004539966583251953, 0.0044460296630859375, 0.004631996154785156, 0.004430055618286133, 0.0043888092041015625, 0.00455021858215332, 0.004606008529663086, 0.004582881927490234, 0.004433870315551758, 0.004615306854248047, 0.004450798034667969, 0.004381895065307617, 0.0043659210205078125, 0.004540920257568359, 0.004530906677246094, 0.004519939422607422, 0.004366159439086914, 0.0048940181732177734, 0.004611015319824219, 0.004469871520996094, 0.004653215408325195, 0.004797935485839844, 0.004663705825805664, 0.004515886306762695, 0.004597187042236328, 0.004433870315551758, 0.004487037658691406, 0.004424095153808594, 0.0045680999755859375, 0.004802703857421875, 0.0045239925384521484, 0.005851268768310547, 0.03834867477416992, 0.013935089111328125, 0.0055119991302490234, 0.004698991775512695, 0.0047800540924072266, 0.00469207763671875, 0.004668712615966797, 0.004769086837768555, 0.004742860794067383, 0.004575967788696289, 0.0044443607330322266, 0.004876613616943359, 0.0045359134674072266, 0.004526853561401367, 0.004467964172363281, 0.00499415397644043, 0.004506111145019531, 0.004387855529785156, 0.004754781723022461, 0.0047953128814697266, 0.004550933837890625, 0.004647970199584961, 0.0047299861907958984, 0.0045969486236572266, 0.004523038864135742, 0.0047380924224853516, 0.004732847213745117, 0.00454401969909668, 0.00450897216796875, 0.0046520233154296875, 0.0044019222259521484, 0.004637956619262695, 0.004506111145019531, 0.004622936248779297, 0.0044438838958740234, 0.004491090774536133, 0.004624128341674805, 0.00447392463684082, 0.00456690788269043, 0.004586935043334961, 0.004593849182128906, 0.004438877105712891, 0.004457950592041016, 0.004614114761352539, 0.004585981369018555, 0.004415035247802734, 0.0045969486236572266, 0.0046367645263671875, 0.004464864730834961, 0.004353046417236328, 0.004409074783325195, 0.004648923873901367, 0.0043828487396240234, 0.004375934600830078, 0.004524946212768555, 0.004621982574462891, 0.004394054412841797, 0.004357099533081055, 0.004419088363647461, 0.004575014114379883, 0.0043718814849853516, 0.004352092742919922, 0.0046122074127197266, 0.00446009635925293, 0.004574775695800781, 0.004425048828125, 0.004645824432373047, 0.004720211029052734, 0.004469156265258789, 0.004374027252197266, 0.0045697689056396484, 0.004408121109008789, 0.004491090774536133, 0.004457950592041016, 0.0047380924224853516, 0.004460811614990234, 0.004462242126464844, 0.004575967788696289, 0.004441976547241211, 0.004394054412841797, 0.004414081573486328, 0.00449681282043457, 0.004415035247802734, 0.0045239925384521484, 0.0045740604400634766, 0.0045490264892578125, 0.0044820308685302734, 0.00445103645324707, 0.0045468807220458984, 0.004655122756958008, 0.004379749298095703, 0.0044820308685302734, 0.0047109127044677734, 0.004553794860839844, 0.00443577766418457, 0.004615068435668945, 0.004571199417114258, 0.004470109939575195, 0.004560947418212891, 0.004544973373413086, 0.004498958587646484, 0.004502058029174805, 0.004604816436767578, 0.004628896713256836, 0.004464149475097656, 0.0046770572662353516, 0.004842042922973633, 0.0045299530029296875, 0.004576206207275391, 0.004572868347167969, 0.004655122756958008, 0.004425048828125, 0.00485992431640625, 0.004911184310913086, 0.005655050277709961, 0.004786014556884766, 0.004706859588623047, 0.005068063735961914, 0.004608869552612305, 0.004724025726318359, 0.00507807731628418, 0.004503011703491211, 0.004513740539550781, 0.004518270492553711, 0.0047607421875, 0.0045549869537353516, 0.004624128341674805, 0.0045697689056396484, 0.004609107971191406, 0.004597187042236328, 0.00454401969909668, 0.004673004150390625, 0.004603862762451172, 0.0047647953033447266, 0.004637241363525391, 0.004601955413818359, 0.004669904708862305, 0.004768848419189453, 0.004753828048706055, 0.004544973373413086, 0.0045928955078125, 0.0046350955963134766, 0.004603862762451172, 0.004458904266357422, 0.00446009635925293, 0.004612922668457031, 0.004595041275024414, 0.004373073577880859, 0.004361391067504883, 0.004846811294555664, 0.004611968994140625, 0.004736185073852539, 0.004899740219116211, 0.005308866500854492, 0.004800081253051758, 0.0049037933349609375, 0.005017995834350586, 0.005388021469116211, 0.005469799041748047, 0.0050487518310546875, 0.0045201778411865234, 0.004672050476074219, 0.004773139953613281, 0.004902839660644531, 0.004546165466308594, 0.0051310062408447266, 0.006254911422729492, 0.006510019302368164, 0.00693202018737793, 0.006360054016113281, 0.008262157440185547, 0.00613093376159668, 0.007430076599121094, 0.006582975387573242, 0.005841970443725586, 0.004807949066162109, 0.00828695297241211, 0.00867772102355957, 0.004622936248779297, 0.0048198699951171875, 0.004685163497924805, 0.004786014556884766, 0.004675865173339844, 0.004876136779785156, 0.004786014556884766, 0.004829883575439453, 0.004864931106567383, 0.004536151885986328, 0.004899740219116211, 0.005033969879150391, 0.004614114761352539, 0.004684925079345703, 0.0047740936279296875, 0.004577159881591797, 0.004590749740600586, 0.0045740604400634766, 0.004964113235473633, 0.004538059234619141, 0.004834175109863281, 0.004778146743774414, 0.0025331974029541016]}