{"train_loss": [2.9139447048592686], "val_loss": [2.4818805007481455], "val_accuracy": [0.3053741838272225], "batch_times": [0.004778146743774414, 0.005012035369873047, 0.005178928375244141, 0.004537105560302734, 0.004514932632446289, 0.0049512386322021484, 0.004544973373413086, 0.004571199417114258, 0.004608631134033203, 0.0050160884857177734, 0.004673004150390625, 0.004541873931884766, 0.004834890365600586, 0.00453495979309082, 0.004536151885986328, 0.004528045654296875, 0.0049169063568115234, 0.004880189895629883, 0.004937887191772461, 0.005805015563964844, 0.005287885665893555, 0.004771232604980469, 0.004933834075927734, 0.005308866500854492, 0.004724979400634766, 0.005045890808105469, 0.006052732467651367, 0.004669189453125, 0.005007743835449219, 0.005760908126831055, 0.005036115646362305, 0.004950761795043945, 0.005609989166259766, 0.005269050598144531, 0.006006002426147461, 0.0060460567474365234, 0.005324125289916992, 0.005368947982788086, 0.005944013595581055, 0.005036115646362305, 0.0054950714111328125, 0.005728006362915039, 0.005393028259277344, 0.005007743835449219, 0.006002902984619141, 0.00528717041015625, 0.004948854446411133, 0.005505800247192383, 0.004921913146972656, 0.004817962646484375, 0.005192995071411133, 0.0049822330474853516, 0.004697084426879883, 0.004957914352416992, 0.005178689956665039, 0.0046770572662353516, 0.004672050476074219, 0.005042076110839844, 0.005432844161987305, 0.00545191764831543, 0.00657200813293457, 0.006088972091674805, 0.00574493408203125, 0.008199214935302734, 0.006720066070556641, 0.007703065872192383, 0.0075740814208984375, 0.007822036743164062, 0.008678913116455078, 0.009521961212158203, 0.006628990173339844, 0.0062713623046875, 0.009334087371826172, 0.006541252136230469, 0.008494138717651367, 0.0054111480712890625, 0.0066051483154296875, 0.00567173957824707, 0.005327939987182617, 0.006206989288330078, 0.006415128707885742, 0.007941007614135742, 0.0069119930267333984, 0.0061359405517578125, 0.006734132766723633, 0.005461931228637695, 0.006765127182006836, 0.006654977798461914, 0.005736112594604492, 0.007578849792480469, 0.005910158157348633, 0.00574803352355957, 0.006829023361206055, 0.00539398193359375, 0.005815744400024414, 0.007129192352294922, 0.006135225296020508, 0.007748842239379883, 0.00712132453918457, 0.00717616081237793, 0.006913900375366211, 0.005473136901855469, 0.006663799285888672, 0.0054318904876708984, 0.005372762680053711, 0.0073320865631103516, 0.0056650638580322266, 0.005415916442871094, 0.006372928619384766, 0.005460023880004883, 0.005290985107421875, 0.006333827972412109, 0.005480289459228516, 0.005728006362915039, 0.006827116012573242, 0.006042003631591797, 0.008399724960327148, 0.007009029388427734, 0.006404876708984375, 0.05256915092468262, 0.02179098129272461, 0.005810976028442383, 0.006860017776489258, 0.004827976226806641, 0.004667997360229492, 0.005576133728027344, 0.004876136779785156, 0.004789829254150391, 0.005639076232910156, 0.004823207855224609, 0.004970073699951172, 0.0055730342864990234, 0.0048809051513671875, 0.00503993034362793, 0.0048067569732666016, 0.0064258575439453125, 0.005132913589477539, 0.00471186637878418, 0.005568981170654297, 0.0051648616790771484, 0.004769086837768555, 0.005584239959716797, 0.004924774169921875, 0.004754781723022461, 0.0052509307861328125, 0.004728794097900391, 0.005204916000366211, 0.00469517707824707, 0.005303144454956055, 0.007851123809814453, 0.008051872253417969, 0.00792694091796875, 0.009390115737915039, 0.008198738098144531, 0.010483980178833008, 0.009086847305297852, 0.00898885726928711, 0.010176897048950195, 0.007949113845825195, 0.011528968811035156, 0.009510993957519531, 0.01001596450805664, 0.011913061141967773, 0.009104013442993164, 0.010189056396484375, 0.009011983871459961, 0.01129293441772461, 0.011934995651245117, 0.010437726974487305, 0.009124994277954102, 0.006799936294555664, 0.007299900054931641, 0.006893634796142578, 0.0075740814208984375, 0.007236003875732422, 0.008741140365600586, 0.0059468746185302734, 0.005753040313720703, 0.007256746292114258, 0.007003068923950195, 0.006311893463134766, 0.005733013153076172, 0.006205081939697266, 0.0056607723236083984, 0.004765987396240234, 0.004766941070556641, 0.004940032958984375, 0.005293846130371094, 0.004978179931640625, 0.004584074020385742, 0.0050067901611328125, 0.004989147186279297, 0.004722118377685547, 0.005190849304199219, 0.004759073257446289, 0.005574941635131836, 0.005421161651611328, 0.007176876068115234, 0.009540796279907227, 0.0055429935455322266, 0.004686117172241211, 0.005172014236450195, 0.004925966262817383, 0.004647016525268555, 0.004558086395263672, 0.005600929260253906, 0.0049932003021240234, 0.005177736282348633, 0.005052089691162109, 0.0051288604736328125, 0.004640102386474609, 0.004569053649902344, 0.005101203918457031, 0.0052759647369384766, 0.0047550201416015625, 0.006047964096069336, 0.004939079284667969, 0.004685163497924805, 0.004961729049682617, 0.004771232604980469, 0.004688739776611328, 0.004729032516479492, 0.008483171463012695, 0.0046558380126953125, 0.004729747772216797, 0.004786252975463867, 0.0045490264892578125, 0.004538059234619141, 0.004846811294555664, 0.004600048065185547, 0.004609107971191406, 0.004888772964477539, 0.005625009536743164, 0.004575967788696289, 0.004536867141723633, 0.0052258968353271484, 0.0047299861907958984, 0.004907846450805664, 0.004832029342651367, 0.006736040115356445, 0.0055828094482421875, 0.0053369998931884766, 0.005282163619995117, 0.005120992660522461, 0.004714012145996094, 0.005188941955566406, 0.005386829376220703, 0.004586935043334961, 0.005034685134887695, 0.0046460628509521484, 0.004575014114379883, 0.004544973373413086, 0.004973888397216797, 0.00455021858215332, 0.004544973373413086, 0.004884004592895508, 0.0047299861907958984, 0.0047092437744140625, 0.004654645919799805, 0.005110025405883789, 0.004697084426879883, 0.004547119140625, 0.0049097537994384766, 0.0045490264892578125, 0.0045928955078125, 0.004523038864135742, 0.004725933074951172, 0.004539012908935547, 0.004524946212768555, 0.004869937896728516, 0.0051801204681396484, 0.00552821159362793, 0.007326841354370117, 0.0067827701568603516, 0.006392955780029297, 0.00747990608215332, 0.00765538215637207, 0.005738019943237305, 0.005897998809814453, 0.00528717041015625, 0.005562782287597656, 0.005948066711425781, 0.008491992950439453, 0.006062030792236328, 0.00468134880065918, 0.004642009735107422, 0.004831075668334961, 0.004659891128540039, 0.004640102386474609, 0.004803180694580078, 0.004724979400634766, 0.004549980163574219, 0.004640102386474609, 0.004698991775512695, 0.00464177131652832, 0.0045430660247802734, 0.004808187484741211, 0.004662036895751953, 0.0047070980072021484, 0.004650115966796875, 0.004834890365600586, 0.005106925964355469, 0.0045680999755859375, 0.004750967025756836, 0.004586935043334961, 0.00455927848815918, 0.004556894302368164, 0.004966259002685547, 0.004720926284790039, 0.004678964614868164, 0.004889011383056641, 0.004658937454223633, 0.00469207763671875, 0.004690885543823242, 0.005018949508666992, 0.004578113555908203, 0.00454401969909668, 0.004831075668334961, 0.004519939422607422, 0.004456281661987305, 0.0043659210205078125, 0.0045850276947021484, 0.0043871402740478516, 0.0043489933013916016, 0.00440216064453125, 0.004451751708984375, 0.002207040786743164]}