{"train_loss": [2.9038266284040724], "val_loss": [2.4794994672234583], "val_accuracy": [0.30436966348568556], "batch_times": [0.004606008529663086, 0.00467991828918457, 0.0046389102935791016, 0.005071163177490234, 0.0044710636138916016, 0.0045528411865234375, 0.004737138748168945, 0.00443577766418457, 0.0045871734619140625, 0.004943132400512695, 0.004812002182006836, 0.004515171051025391, 0.004519939422607422, 0.004575967788696289, 0.0045299530029296875, 0.00446319580078125, 0.004642963409423828, 0.004651069641113281, 0.0044972896575927734, 0.004513978958129883, 0.004620790481567383, 0.004694938659667969, 0.004579067230224609, 0.004415988922119141, 0.004729032516479492, 0.0045108795166015625, 0.004529237747192383, 0.004745006561279297, 0.0043909549713134766, 0.004361867904663086, 0.004488945007324219, 0.0046498775482177734, 0.004337310791015625, 0.004357814788818359, 0.0044422149658203125, 0.004822969436645508, 0.004399299621582031, 0.004459857940673828, 0.004795074462890625, 0.004498958587646484, 0.0045931339263916016, 0.004477977752685547, 0.004575967788696289, 0.004545927047729492, 0.005082845687866211, 0.004409074783325195, 0.004544973373413086, 0.004483222961425781, 0.004381895065307617, 0.00462794303894043, 0.00446009635925293, 0.0045130252838134766, 0.004477024078369141, 0.004502058029174805, 0.00444483757019043, 0.004529237747192383, 0.004422903060913086, 0.004569053649902344, 0.004473686218261719, 0.004426002502441406, 0.004457950592041016, 0.0045511722564697266, 0.004482746124267578, 0.004494190216064453, 0.00483393669128418, 0.004380941390991211, 0.004500865936279297, 0.00444793701171875, 0.005021095275878906, 0.004502058029174805, 0.0043680667877197266, 0.004459857940673828, 0.0045871734619140625, 0.004416704177856445, 0.004494190216064453, 0.004585981369018555, 0.0044710636138916016, 0.0045049190521240234, 0.004407167434692383, 0.004719972610473633, 0.0044977664947509766, 0.00444483757019043, 0.00446009635925293, 0.0046977996826171875, 0.0044291019439697266, 0.0045130252838134766, 0.004581928253173828, 0.004480123519897461, 0.004470109939575195, 0.004545927047729492, 0.004590034484863281, 0.004425048828125, 0.004416942596435547, 0.00446319580078125, 0.004540920257568359, 0.004590034484863281, 0.006165027618408203, 0.004812955856323242, 0.004785060882568359, 0.005146980285644531, 0.005023956298828125, 0.004624128341674805, 0.005487680435180664, 0.005821943283081055, 0.007675886154174805, 0.004717111587524414, 0.004949808120727539, 0.004570722579956055, 0.0044291019439697266, 0.004597187042236328, 0.004843950271606445, 0.004377126693725586, 0.004438877105712891, 0.004712104797363281, 0.0047740936279296875, 0.004370927810668945, 0.00449681282043457, 0.004721164703369141, 0.004598140716552734, 0.004359006881713867, 0.004505157470703125, 0.004876613616943359, 0.004563331604003906, 0.004364728927612305, 0.004382133483886719, 0.0048749446868896484, 0.004834175109863281, 0.004614830017089844, 0.004660844802856445, 0.005206108093261719, 0.004387855529785156, 0.0045320987701416016, 0.004982948303222656, 0.004804134368896484, 0.004397869110107422, 0.004621028900146484, 0.004470109939575195, 0.00438380241394043, 0.004400730133056641, 0.004629850387573242, 0.0044422149658203125, 0.004452943801879883, 0.004743099212646484, 0.004630088806152344, 0.004438161849975586, 0.004477977752685547, 0.004867076873779297, 0.004379987716674805, 0.004864931106567383, 0.0045931339263916016, 0.004719972610473633, 0.0043909549713134766, 0.00449824333190918, 0.0049250125885009766, 0.005113124847412109, 0.004699230194091797, 0.0044748783111572266, 0.0047931671142578125, 0.004590034484863281, 0.004703044891357422, 0.0048062801361083984, 0.004678964614868164, 0.004575967788696289, 0.005782127380371094, 0.005113124847412109, 0.004600048065185547, 0.006043195724487305, 0.0062618255615234375, 0.005113124847412109, 0.004806041717529297, 0.0059392452239990234, 0.0050241947174072266, 0.00534510612487793, 0.005794048309326172, 0.054788827896118164, 0.007824182510375977, 0.007830142974853516, 0.018591880798339844, 0.005384922027587891, 0.007752895355224609, 0.004992008209228516, 0.005579948425292969, 0.008408069610595703, 0.005331993103027344, 0.005399942398071289, 0.00549626350402832, 0.005051136016845703, 0.005155086517333984, 0.006856203079223633, 0.0051190853118896484, 0.005995035171508789, 0.0059661865234375, 0.005135059356689453, 0.006403207778930664, 0.004864931106567383, 0.004851102828979492, 0.005048990249633789, 0.0050160884857177734, 0.004770755767822266, 0.00490117073059082, 0.0062868595123291016, 0.004961967468261719, 0.0050351619720458984, 0.00591588020324707, 0.005136966705322266, 0.004760265350341797, 0.005554914474487305, 0.004499912261962891, 0.005002021789550781, 0.0048940181732177734, 0.0050830841064453125, 0.0044748783111572266, 0.004931211471557617, 0.005169868469238281, 0.00504612922668457, 0.005133152008056641, 0.005814790725708008, 0.005148172378540039, 0.004812002182006836, 0.005482912063598633, 0.0052967071533203125, 0.005119800567626953, 0.004951000213623047, 0.005835056304931641, 0.004618406295776367, 0.0047740936279296875, 0.004973888397216797, 0.004639148712158203, 0.004827976226806641, 0.005006074905395508, 0.0044078826904296875, 0.004402875900268555, 0.004521369934082031, 0.004663705825805664, 0.004415988922119141, 0.004469156265258789, 0.0043981075286865234, 0.004595041275024414, 0.004364013671875, 0.004358053207397461, 0.004639863967895508, 0.004567146301269531, 0.00436091423034668, 0.004558086395263672, 0.00480198860168457, 0.004387855529785156, 0.004338264465332031, 0.0045719146728515625, 0.004717111587524414, 0.004492044448852539, 0.0044176578521728516, 0.004557132720947266, 0.004528999328613281, 0.004363059997558594, 0.004502058029174805, 0.004563331604003906, 0.0045888423919677734, 0.004586935043334961, 0.004759073257446289, 0.004784107208251953, 0.0044748783111572266, 0.004550933837890625, 0.00467991828918457, 0.004640102386474609, 0.004698038101196289, 0.004547834396362305, 0.004701852798461914, 0.0044782161712646484, 0.00437617301940918, 0.004528999328613281, 0.004761934280395508, 0.0045130252838134766, 0.004450082778930664, 0.0046007633209228516, 0.0048370361328125, 0.004511833190917969, 0.004467010498046875, 0.004940986633300781, 0.004845142364501953, 0.004489898681640625, 0.004661083221435547, 0.00468897819519043, 0.004456043243408203, 0.00458216667175293, 0.004687786102294922, 0.004579067230224609, 0.004651069641113281, 0.004575967788696289, 0.004720926284790039, 0.005284309387207031, 0.004694938659667969, 0.0047800540924072266, 0.004723072052001953, 0.004456043243408203, 0.004586935043334961, 0.004642009735107422, 0.004456996917724609, 0.004483938217163086, 0.004654884338378906, 0.004377126693725586, 0.004378080368041992, 0.004469156265258789, 0.0048999786376953125, 0.005145072937011719, 0.004562854766845703, 0.004566669464111328, 0.004883289337158203, 0.004502058029174805, 0.004367828369140625, 0.004609107971191406, 0.004431009292602539, 0.004353046417236328, 0.004485130310058594, 0.0049479007720947266, 0.00450587272644043, 0.004535198211669922, 0.004609107971191406, 0.004446983337402344, 0.004417896270751953, 0.004484891891479492, 0.0045452117919921875, 0.00439906120300293, 0.00459599494934082, 0.004662990570068359, 0.004786014556884766, 0.0046460628509521484, 0.002516031265258789]}