{"train_loss": [2.9071235174343597], "val_loss": [2.4794242057802967], "val_accuracy": [0.3056253139126067], "batch_times": [0.004761934280395508, 0.0050580501556396484, 0.005471944808959961, 0.005299806594848633, 0.004772663116455078, 0.004995107650756836, 0.004858970642089844, 0.0046460628509521484, 0.004564046859741211, 0.00500798225402832, 0.0047380924224853516, 0.004745006561279297, 0.004900217056274414, 0.004843711853027344, 0.004934072494506836, 0.00458979606628418, 0.004744291305541992, 0.004780769348144531, 0.004925966262817383, 0.005001068115234375, 0.004680156707763672, 0.0045299530029296875, 0.004381895065307617, 0.004988908767700195, 0.0044841766357421875, 0.004431962966918945, 0.005079984664916992, 0.004505157470703125, 0.004352092742919922, 0.004364728927612305, 0.004866123199462891, 0.004426002502441406, 0.004496097564697266, 0.004537820816040039, 0.004754066467285156, 0.0043888092041015625, 0.004520893096923828, 0.004792213439941406, 0.004623889923095703, 0.0045320987701416016, 0.004691362380981445, 0.004724979400634766, 0.004814863204956055, 0.004462003707885742, 0.004538774490356445, 0.0045239925384521484, 0.004537105560302734, 0.0044286251068115234, 0.004641056060791016, 0.004405021667480469, 0.004382133483886719, 0.004379987716674805, 0.004728078842163086, 0.004491090774536133, 0.004454851150512695, 0.0044097900390625, 0.0045659542083740234, 0.00436091423034668, 0.00434422492980957, 0.004664897918701172, 0.004586935043334961, 0.004439115524291992, 0.004434823989868164, 0.004853010177612305, 0.004436016082763672, 0.004415988922119141, 0.0044171810150146484, 0.004837751388549805, 0.004411220550537109, 0.0043468475341796875, 0.004867076873779297, 0.004416942596435547, 0.004341840744018555, 0.004405975341796875, 0.004572153091430664, 0.0044307708740234375, 0.004354238510131836, 0.004405975341796875, 0.004583835601806641, 0.0045392513275146484, 0.004384040832519531, 0.005185842514038086, 0.004595279693603516, 0.0043468475341796875, 0.00446319580078125, 0.00489497184753418, 0.0046498775482177734, 0.00442194938659668, 0.0045931339263916016, 0.004781961441040039, 0.004441022872924805, 0.004436969757080078, 0.0048100948333740234, 0.004426002502441406, 0.004365205764770508, 0.004460811614990234, 0.0046498775482177734, 0.004455089569091797, 0.004449129104614258, 0.004415035247802734, 0.004559755325317383, 0.004432201385498047, 0.0044498443603515625, 0.00463104248046875, 0.004415988922119141, 0.004420042037963867, 0.004452228546142578, 0.0046100616455078125, 0.004408121109008789, 0.0044097900390625, 0.00443720817565918, 0.00459599494934082, 0.004369974136352539, 0.004352092742919922, 0.0043430328369140625, 0.004854917526245117, 0.004452943801879883, 0.004449129104614258, 0.004730939865112305, 0.00475311279296875, 0.0043866634368896484, 0.004349231719970703, 0.004660844802856445, 0.004408836364746094, 0.004349946975708008, 0.004872322082519531, 0.005079746246337891, 0.0055272579193115234, 0.004472970962524414, 0.004670858383178711, 0.0045909881591796875, 0.004789829254150391, 0.004442930221557617, 0.004826068878173828, 0.004432201385498047, 0.004395008087158203, 0.004807949066162109, 0.004673957824707031, 0.004436016082763672, 0.0044727325439453125, 0.004794120788574219, 0.0044078826904296875, 0.004354953765869141, 0.004408121109008789, 0.004697084426879883, 0.0044476985931396484, 0.00434422492980957, 0.004647254943847656, 0.004514932632446289, 0.004363059997558594, 0.0043408870697021484, 0.004873037338256836, 0.0044100284576416016, 0.004561901092529297, 0.0045490264892578125, 0.004907846450805664, 0.004443168640136719, 0.0045108795166015625, 0.004699230194091797, 0.0044708251953125, 0.004369020462036133, 0.0043599605560302734, 0.004682064056396484, 0.004425048828125, 0.004409074783325195, 0.004364967346191406, 0.004515886306762695, 0.004401206970214844, 0.00434112548828125, 0.0045490264892578125, 0.004537820816040039, 0.004443168640136719, 0.0044138431549072266, 0.004659891128540039, 0.004410266876220703, 0.004465818405151367, 0.0044307708740234375, 0.004608154296875, 0.004364967346191406, 0.004352092742919922, 0.004421234130859375, 0.004572868347167969, 0.004411935806274414, 0.004359245300292969, 0.0044269561767578125, 0.004383087158203125, 0.004322052001953125, 0.004336118698120117, 0.004574775695800781, 0.004352092742919922, 0.0043408870697021484, 0.0044062137603759766, 0.0045697689056396484, 0.004430055618286133, 0.004402875900268555, 0.004445314407348633, 0.0047969818115234375, 0.004385948181152344, 0.004461050033569336, 0.004831075668334961, 0.004661083221435547, 0.004659175872802734, 0.004648923873901367, 0.0047948360443115234, 0.00479888916015625, 0.004843235015869141, 0.004582881927490234, 0.004413127899169922, 0.004338979721069336, 0.004345893859863281, 0.004652976989746094, 0.0044291019439697266, 0.0046651363372802734, 0.004710197448730469, 0.004662990570068359, 0.004425048828125, 0.004405975341796875, 0.004528045654296875, 0.00469207763671875, 0.004439830780029297, 0.004539966583251953, 0.005182981491088867, 0.004663228988647461, 0.00488591194152832, 0.004650115966796875, 0.004646778106689453, 0.004520416259765625, 0.004463672637939453, 0.004782199859619141, 0.004525184631347656, 0.004484653472900391, 0.004930257797241211, 0.004853963851928711, 0.004561901092529297, 0.004494905471801758, 0.004812002182006836, 0.004975080490112305, 0.004492759704589844, 0.004714250564575195, 0.0050432682037353516, 0.004534721374511719, 0.004850149154663086, 0.004747152328491211, 0.004494905471801758, 0.004434823989868164, 0.004430055618286133, 0.004600048065185547, 0.0044097900390625, 0.004348278045654297, 0.004416942596435547, 0.004626274108886719, 0.004467964172363281, 0.0044710636138916016, 0.005070686340332031, 0.0047092437744140625, 0.004775047302246094, 0.00541377067565918, 0.004678964614868164, 0.0045011043548583984, 0.00449681282043457, 0.005528926849365234, 0.004567861557006836, 0.0043828487396240234, 0.00439906120300293, 0.005507230758666992, 0.005338907241821289, 0.004785060882568359, 0.005589962005615234, 0.004508256912231445, 0.0043599605560302734, 0.004433870315551758, 0.0052340030670166016, 0.00442194938659668, 0.004338979721069336, 0.005673885345458984, 0.004388093948364258, 0.004343748092651367, 0.004346132278442383, 0.005135774612426758, 0.004357099533081055, 0.004347801208496094, 0.004764080047607422, 0.004487037658691406, 0.00433802604675293, 0.0044040679931640625, 0.004606008529663086, 0.004377126693725586, 0.004339933395385742, 0.004323005676269531, 0.004597902297973633, 0.004428863525390625, 0.004408121109008789, 0.004350900650024414, 0.004701137542724609, 0.004689216613769531, 0.004582881927490234, 0.004827022552490234, 0.004637241363525391, 0.004820108413696289, 0.004675865173339844, 0.004781007766723633, 0.004553794860839844, 0.0045168399810791016, 0.0048520565032958984, 0.004723310470581055, 0.005457878112792969, 0.0048940181732177734, 0.005421638488769531, 0.0045549869537353516, 0.004693031311035156, 0.0051081180572509766, 0.0045549869537353516, 0.004544973373413086, 0.004513978958129883, 0.004827976226806641, 0.004546642303466797, 0.0045239925384521484, 0.005131959915161133, 0.00568079948425293, 0.00467991828918457, 0.0049591064453125, 0.004684925079345703, 0.004644155502319336, 0.004738807678222656, 0.0049591064453125, 0.004925251007080078, 0.0022568702697753906]}