{"train_loss": [2.9125359827839703], "val_loss": [2.4807717987651894], "val_accuracy": [0.30813661476644905], "batch_times": [0.00458216667175293, 0.004565000534057617, 0.004489898681640625, 0.00521087646484375, 0.004372119903564453, 0.004443168640136719, 0.00467991828918457, 0.004467010498046875, 0.0044460296630859375, 0.004481077194213867, 0.004831075668334961, 0.004430055618286133, 0.004503011703491211, 0.004517793655395508, 0.004782199859619141, 0.004358053207397461, 0.004456758499145508, 0.004926919937133789, 0.004409074783325195, 0.004374027252197266, 0.004415035247802734, 0.004609107971191406, 0.004572868347167969, 0.00442814826965332, 0.004434823989868164, 0.004600048065185547, 0.004376888275146484, 0.0043811798095703125, 0.004477977752685547, 0.004667997360229492, 0.004592180252075195, 0.004374027252197266, 0.004538059234619141, 0.0043468475341796875, 0.004360198974609375, 0.0043909549713134766, 0.0046918392181396484, 0.004476308822631836, 0.004623889923095703, 0.0043680667877197266, 0.0045719146728515625, 0.004403114318847656, 0.004338979721069336, 0.004662036895751953, 0.0044209957122802734, 0.004394054412841797, 0.0044040679931640625, 0.004451751708984375, 0.004335165023803711, 0.004356861114501953, 0.004354953765869141, 0.004585981369018555, 0.004396200180053711, 0.004425048828125, 0.004567861557006836, 0.004552125930786133, 0.004433155059814453, 0.0043637752532958984, 0.004586935043334961, 0.004409074783325195, 0.00469517707824707, 0.004508018493652344, 0.004881858825683594, 0.00440216064453125, 0.004418849945068359, 0.00445103645324707, 0.004604816436767578, 0.004439115524291992, 0.0044291019439697266, 0.004651069641113281, 0.004611015319824219, 0.004548788070678711, 0.004606962203979492, 0.004976987838745117, 0.0045816898345947266, 0.004562854766845703, 0.004804134368896484, 0.004773855209350586, 0.004380941390991211, 0.004396200180053711, 0.004815101623535156, 0.004446268081665039, 0.004464149475097656, 0.004976987838745117, 0.005486965179443359, 0.004967927932739258, 0.005137920379638672, 0.004739046096801758, 0.004462003707885742, 0.004437923431396484, 0.0049669742584228516, 0.004909038543701172, 0.0044591426849365234, 0.004820108413696289, 0.00560307502746582, 0.005582094192504883, 0.0056798458099365234, 0.005228996276855469, 0.004906892776489258, 0.0047338008880615234, 0.0051441192626953125, 0.004967212677001953, 0.005047798156738281, 0.004907131195068359, 0.005197048187255859, 0.005168914794921875, 0.004992961883544922, 0.005025148391723633, 0.006736040115356445, 0.0055310726165771484, 0.006781816482543945, 0.0054340362548828125, 0.005700111389160156, 0.00592494010925293, 0.005158185958862305, 0.005424976348876953, 0.0054378509521484375, 0.005128145217895508, 0.005132913589477539, 0.0055980682373046875, 0.005246877670288086, 0.00505518913269043, 0.0060651302337646484, 0.004974842071533203, 0.004683017730712891, 0.004724025726318359, 0.004694938659667969, 0.00450587272644043, 0.004376888275146484, 0.005176067352294922, 0.004837989807128906, 0.004848003387451172, 0.0061740875244140625, 0.005387067794799805, 0.00522613525390625, 0.005594968795776367, 0.005280017852783203, 0.005322933197021484, 0.00570988655090332, 0.005196094512939453, 0.005454063415527344, 0.005638837814331055, 0.005337238311767578, 0.0055387020111083984, 0.0058100223541259766, 0.005175113677978516, 0.005358219146728516, 0.005202770233154297, 0.004815816879272461, 0.004662990570068359, 0.004415988922119141, 0.004625797271728516, 0.0043981075286865234, 0.004410266876220703, 0.0043849945068359375, 0.004517793655395508, 0.004399776458740234, 0.0044362545013427734, 0.004675626754760742, 0.004389762878417969, 0.004368305206298828, 0.004357099533081055, 0.0046808719635009766, 0.004452943801879883, 0.004452943801879883, 0.004405975341796875, 0.004518985748291016, 0.004441738128662109, 0.004443168640136719, 0.004403829574584961, 0.004754066467285156, 0.004462003707885742, 0.01108694076538086, 0.009469985961914062, 0.010088920593261719, 0.0062999725341796875, 0.00844883918762207, 0.010468006134033203, 0.01369333267211914, 0.013306856155395508, 0.0059888362884521484, 0.006963014602661133, 0.005342245101928711, 0.005506992340087891, 0.006348133087158203, 0.004988908767700195, 0.005567073822021484, 0.005776882171630859, 0.0063931941986083984, 0.0045778751373291016, 0.005709171295166016, 0.0045320987701416016, 0.0047588348388671875, 0.005361795425415039, 0.00474095344543457, 0.004549741744995117, 0.004689931869506836, 0.0048828125, 0.0046999454498291016, 0.004721879959106445, 0.004918098449707031, 0.004886150360107422, 0.0046880245208740234, 0.004858732223510742, 0.0050890445709228516, 0.005125284194946289, 0.004667758941650391, 0.0051898956298828125, 0.004540205001831055, 0.004537105560302734, 0.004929065704345703, 0.004558086395263672, 0.004544973373413086, 0.004530906677246094, 0.004706144332885742, 0.004888772964477539, 0.005255222320556641, 0.006413936614990234, 0.005648136138916016, 0.006036996841430664, 0.007679939270019531, 0.00560307502746582, 0.00519108772277832, 0.007037162780761719, 0.005533933639526367, 0.006732940673828125, 0.0062639713287353516, 0.005620002746582031, 0.006749153137207031, 0.005298137664794922, 0.005808830261230469, 0.007325887680053711, 0.005793094635009766, 0.006807088851928711, 0.006789684295654297, 0.0065648555755615234, 0.0077021121978759766, 0.006088972091674805, 0.0069501399993896484, 0.006363868713378906, 0.005404949188232422, 0.00732111930847168, 0.0061779022216796875, 0.0058689117431640625, 0.00673222541809082, 0.005742073059082031, 0.007692098617553711, 0.005629301071166992, 0.00550389289855957, 0.007558107376098633, 0.00733494758605957, 0.007436037063598633, 0.008324861526489258, 0.008566141128540039, 0.005774736404418945, 0.00561976432800293, 0.0070819854736328125, 0.006033182144165039, 0.007776737213134766, 0.005791902542114258, 0.005462169647216797, 0.008593082427978516, 0.006480216979980469, 0.00927591323852539, 0.005851030349731445, 0.0076751708984375, 0.006612062454223633, 0.00657200813293457, 0.009078025817871094, 0.00513911247253418, 0.009532928466796875, 0.008067131042480469, 0.009010076522827148, 0.006274700164794922, 0.007815361022949219, 0.005717754364013672, 0.0056951045989990234, 0.006719112396240234, 0.005575895309448242, 0.0057218074798583984, 0.006114959716796875, 0.006052255630493164, 0.006846904754638672, 0.005577802658081055, 0.005878925323486328, 0.005755186080932617, 0.005171060562133789, 0.005203962326049805, 0.006623983383178711, 0.005548954010009766, 0.005542278289794922, 0.00645899772644043, 0.005994081497192383, 0.005747079849243164, 0.006896018981933594, 0.0055828094482421875, 0.005959987640380859, 0.005578041076660156, 0.0057773590087890625, 0.006087064743041992, 0.005844831466674805, 0.0054547786712646484, 0.006450176239013672, 0.005034923553466797, 0.0051691532135009766, 0.005550861358642578, 0.005137205123901367, 0.0058422088623046875, 0.006687164306640625, 0.008521795272827148, 0.009130001068115234, 0.009119987487792969, 0.008719921112060547, 0.007717132568359375, 0.006978750228881836, 0.006333351135253906, 0.006912946701049805, 0.008981943130493164, 0.00786900520324707, 0.007003068923950195, 0.009202957153320312, 0.0066051483154296875, 0.004609823226928711, 0.004858255386352539, 0.005815982818603516, 0.004939079284667969, 0.0024521350860595703]}