{"train_loss": [2.896800119037758], "val_loss": [2.476354047829951], "val_accuracy": [0.3086388749372175], "batch_times": [0.00469970703125, 0.0044879913330078125, 0.0046520233154296875, 0.004357814788818359, 0.004781246185302734, 0.004436969757080078, 0.004332065582275391, 0.004742860794067383, 0.004988908767700195, 0.004377126693725586, 0.0044879913330078125, 0.0048389434814453125, 0.004407167434692383, 0.004333972930908203, 0.004665851593017578, 0.0046041011810302734, 0.004806995391845703, 0.004469156265258789, 0.004673957824707031, 0.004381895065307617, 0.0046710968017578125, 0.004395008087158203, 0.004615068435668945, 0.004710197448730469, 0.004362583160400391, 0.004335165023803711, 0.0049512386322021484, 0.004341840744018555, 0.004334926605224609, 0.004631996154785156, 0.004563093185424805, 0.004427909851074219, 0.00442814826965332, 0.004697084426879883, 0.004383087158203125, 0.0043447017669677734, 0.004394054412841797, 0.004601955413818359, 0.004408121109008789, 0.004343748092651367, 0.004415988922119141, 0.0046231746673583984, 0.0044629573822021484, 0.004426002502441406, 0.0046041011810302734, 0.004356861114501953, 0.004378080368041992, 0.004400968551635742, 0.0046138763427734375, 0.004391193389892578, 0.004353046417236328, 0.004398822784423828, 0.004454135894775391, 0.004425048828125, 0.004361867904663086, 0.004334211349487305, 0.004659891128540039, 0.0044438838958740234, 0.004442930221557617, 0.004672050476074219, 0.004412174224853516, 0.004374980926513672, 0.0043489933013916016, 0.004570960998535156, 0.004380226135253906, 0.004353761672973633, 0.0043680667877197266, 0.0046558380126953125, 0.004446268081665039, 0.0044400691986083984, 0.004501819610595703, 0.004520893096923828, 0.004389047622680664, 0.004354953765869141, 0.004569053649902344, 0.004353046417236328, 0.004423856735229492, 0.004340171813964844, 0.0045948028564453125, 0.004363059997558594, 0.004354000091552734, 0.004397153854370117, 0.004488945007324219, 0.00442194938659668, 0.004353046417236328, 0.00435185432434082, 0.004689216613769531, 0.004431962966918945, 0.0044291019439697266, 0.004647970199584961, 0.004352092742919922, 0.004338979721069336, 0.004347085952758789, 0.00502324104309082, 0.004656076431274414, 0.004676103591918945, 0.004709005355834961, 0.004804134368896484, 0.0045318603515625, 0.004477977752685547, 0.004632234573364258, 0.004483699798583984, 0.004515171051025391, 0.004618167877197266, 0.004771709442138672, 0.004611015319824219, 0.004480123519897461, 0.004652976989746094, 0.0044748783111572266, 0.0044329166412353516, 0.004413127899169922, 0.004702091217041016, 0.004535198211669922, 0.004555940628051758, 0.004598855972290039, 0.0046880245208740234, 0.004471778869628906, 0.004515171051025391, 0.005008697509765625, 0.004547119140625, 0.0045318603515625, 0.004594087600708008, 0.004639148712158203, 0.0043468475341796875, 0.00434112548828125, 0.004333019256591797, 0.004511833190917969, 0.0043430328369140625, 0.004930973052978516, 0.005346059799194336, 0.0047969818115234375, 0.004486799240112305, 0.004338264465332031, 0.004616975784301758, 0.004419803619384766, 0.00434422492980957, 0.004396915435791016, 0.004623889923095703, 0.004452943801879883, 0.004364013671875, 0.004704952239990234, 0.0044708251953125, 0.0044100284576416016, 0.004451274871826172, 0.004490852355957031, 0.004348039627075195, 0.004370927810668945, 0.004337787628173828, 0.004577159881591797, 0.004397153854370117, 0.004400730133056641, 0.0043849945068359375, 0.004488945007324219, 0.004350185394287109, 0.004340171813964844, 0.004523038864135742, 0.0043468475341796875, 0.004343986511230469, 0.004342794418334961, 0.004605293273925781, 0.004452943801879883, 0.004438877105712891, 0.004405021667480469, 0.004590034484863281, 0.0044209957122802734, 0.00438380241394043, 0.004410266876220703, 0.004860877990722656, 0.004383087158203125, 0.004346132278442383, 0.004559755325317383, 0.004762887954711914, 0.004366159439086914, 0.004368782043457031, 0.004678249359130859, 0.0044269561767578125, 0.004466056823730469, 0.0044329166412353516, 0.0045621395111083984, 0.004433870315551758, 0.0044209957122802734, 0.0045430660247802734, 0.0044040679931640625, 0.004410266876220703, 0.0044748783111572266, 0.0046770572662353516, 0.004400968551635742, 0.004425048828125, 0.004361152648925781, 0.004696846008300781, 0.0044651031494140625, 0.004445075988769531, 0.004434108734130859, 0.004501819610595703, 0.004345893859863281, 0.00433802604675293, 0.004598140716552734, 0.004439830780029297, 0.004683971405029297, 0.004448890686035156, 0.0046541690826416016, 0.0044100284576416016, 0.0044460296630859375, 0.004423856735229492, 0.004599094390869141, 0.004410266876220703, 0.0044019222259521484, 0.004614114761352539, 0.004519939422607422, 0.004419803619384766, 0.0044133663177490234, 0.004582881927490234, 0.004384040832519531, 0.0044097900390625, 0.004410266876220703, 0.004458904266357422, 0.004384040832519531, 0.004417896270751953, 0.004377841949462891, 0.004511117935180664, 0.005214214324951172, 0.005457162857055664, 0.005836009979248047, 0.00942373275756836, 0.009349822998046875, 0.004951000213623047, 0.005379915237426758, 0.006594181060791016, 0.007241964340209961, 0.006629228591918945, 0.00537872314453125, 0.004681825637817383, 0.006961345672607422, 0.00484919548034668, 0.0047681331634521484, 0.006712675094604492, 0.004614114761352539, 0.004881858825683594, 0.005548000335693359, 0.005203962326049805, 0.004766941070556641, 0.005327939987182617, 0.005464076995849609, 0.004509925842285156, 0.0047588348388671875, 0.0058231353759765625, 0.0044438838958740234, 0.004461050033569336, 0.0048639774322509766, 0.0047719478607177734, 0.0044422149658203125, 0.004353046417236328, 0.004913806915283203, 0.004537105560302734, 0.0046880245208740234, 0.00439906120300293, 0.004663944244384766, 0.004422187805175781, 0.004608869552612305, 0.00465703010559082, 0.004409074783325195, 0.005478858947753906, 0.005243778228759766, 0.004791975021362305, 0.004709005355834961, 0.0056209564208984375, 0.004978179931640625, 0.004765987396240234, 0.005232810974121094, 0.005074024200439453, 0.005785226821899414, 0.004551887512207031, 0.004426002502441406, 0.004676103591918945, 0.004624843597412109, 0.0044291019439697266, 0.004708766937255859, 0.00445103645324707, 0.004484891891479492, 0.00446629524230957, 0.00489497184753418, 0.004429817199707031, 0.004651069641113281, 0.0045850276947021484, 0.004478931427001953, 0.0045261383056640625, 0.004608154296875, 0.004890918731689453, 0.004457950592041016, 0.004492044448852539, 0.004522085189819336, 0.00465703010559082, 0.004477977752685547, 0.004433870315551758, 0.004723072052001953, 0.004611015319824219, 0.004503965377807617, 0.00439906120300293, 0.005073070526123047, 0.0050029754638671875, 0.00490117073059082, 0.005342960357666016, 0.004662990570068359, 0.005525112152099609, 0.005079746246337891, 0.0060138702392578125, 0.004785299301147461, 0.004718780517578125, 0.004758119583129883, 0.00461888313293457, 0.004591941833496094, 0.0049321651458740234, 0.004513978958129883, 0.004575014114379883, 0.004804849624633789, 0.005009889602661133, 0.004620075225830078, 0.004617929458618164, 0.005198001861572266, 0.004682064056396484, 0.004606008529663086, 0.004515171051025391, 0.00535893440246582, 0.004559040069580078, 0.004641056060791016, 0.005239009857177734, 0.0022614002227783203]}