{"train_loss": [2.907891665489133], "val_loss": [2.4814785463592712], "val_accuracy": [0.3091411351079859], "batch_times": [0.005983829498291016, 0.008915901184082031, 0.005860805511474609, 0.008657217025756836, 0.005543947219848633, 0.005301952362060547, 0.005342960357666016, 0.005089759826660156, 0.005004167556762695, 0.005850076675415039, 0.004997968673706055, 0.004940032958984375, 0.006374835968017578, 0.0049440860748291016, 0.004847049713134766, 0.005745887756347656, 0.0049250125885009766, 0.0050699710845947266, 0.005978822708129883, 0.004754781723022461, 0.005038022994995117, 0.005786895751953125, 0.004761219024658203, 0.005124092102050781, 0.0047719478607177734, 0.005290031433105469, 0.004976987838745117, 0.004881143569946289, 0.004755973815917969, 0.004478931427001953, 0.00477290153503418, 0.0048980712890625, 0.00533604621887207, 0.00558781623840332, 0.004761695861816406, 0.005515098571777344, 0.0048329830169677734, 0.004955768585205078, 0.0059163570404052734, 0.0048160552978515625, 0.005073070526123047, 0.006394147872924805, 0.0049359798431396484, 0.004759073257446289, 0.005746126174926758, 0.005192995071411133, 0.004832029342651367, 0.006329774856567383, 0.0050089359283447266, 0.004993915557861328, 0.006036996841430664, 0.005006074905395508, 0.004807949066162109, 0.004914045333862305, 0.006016969680786133, 0.0071942806243896484, 0.006340980529785156, 0.005983114242553711, 0.005018949508666992, 0.006286144256591797, 0.005147695541381836, 0.0049190521240234375, 0.006058931350708008, 0.005757808685302734, 0.0051920413970947266, 0.00622105598449707, 0.0053288936614990234, 0.0052678585052490234, 0.00632929801940918, 0.005181789398193359, 0.004967927932739258, 0.0067539215087890625, 0.005045175552368164, 0.0051310062408447266, 0.006433010101318359, 0.005810976028442383, 0.004963874816894531, 0.0060732364654541016, 0.004869937896728516, 0.004687070846557617, 0.006380796432495117, 0.005052328109741211, 0.005131959915161133, 0.0062601566314697266, 0.005002021789550781, 0.0047223567962646484, 0.00591278076171875, 0.004960060119628906, 0.0047953128814697266, 0.004662990570068359, 0.006463050842285156, 0.00587010383605957, 0.004672050476074219, 0.005969047546386719, 0.00471186637878418, 0.004889965057373047, 0.006109952926635742, 0.004806041717529297, 0.004864931106567383, 0.005446195602416992, 0.004672050476074219, 0.0044708251953125, 0.004739284515380859, 0.0051479339599609375, 0.004807233810424805, 0.004394054412841797, 0.0049550533294677734, 0.00444483757019043, 0.004929065704345703, 0.004504203796386719, 0.005178928375244141, 0.00467681884765625, 0.00460505485534668, 0.005362033843994141, 0.004509925842285156, 0.004758119583129883, 0.005491971969604492, 0.005023956298828125, 0.006114959716796875, 0.006044149398803711, 0.005136013031005859, 0.0047740936279296875, 0.0053980350494384766, 0.004803180694580078, 0.004904985427856445, 0.005009889602661133, 0.005380868911743164, 0.005009174346923828, 0.005850791931152344, 0.006349086761474609, 0.005165815353393555, 0.005106925964355469, 0.006176948547363281, 0.004748106002807617, 0.0048542022705078125, 0.00615692138671875, 0.005045890808105469, 0.004969358444213867, 0.0059621334075927734, 0.0049631595611572266, 0.004827976226806641, 0.006449222564697266, 0.005227088928222656, 0.004853725433349609, 0.005760908126831055, 0.004770994186401367, 0.004870891571044922, 0.004611015319824219, 0.005348920822143555, 0.0046651363372802734, 0.005287885665893555, 0.006404876708984375, 0.004954099655151367, 0.005017995834350586, 0.006265163421630859, 0.004822969436645508, 0.0047533512115478516, 0.0054128170013427734, 0.004836082458496094, 0.0048389434814453125, 0.005382061004638672, 0.004605293273925781, 0.005017995834350586, 0.0044307708740234375, 0.004845142364501953, 0.004394054412841797, 0.004721164703369141, 0.004610776901245117, 0.004786252975463867, 0.004377841949462891, 0.0044820308685302734, 0.004761934280395508, 0.004492044448852539, 0.004425048828125, 0.004461050033569336, 0.004650115966796875, 0.004437923431396484, 0.004381895065307617, 0.004421234130859375, 0.004625797271728516, 0.004583835601806641, 0.004414081573486328, 0.004600048065185547, 0.005095005035400391, 0.004370927810668945, 0.00436711311340332, 0.00481414794921875, 0.0043790340423583984, 0.004419088363647461, 0.004459857940673828, 0.004686832427978516, 0.0044460296630859375, 0.004364967346191406, 0.004709959030151367, 0.00439906120300293, 0.004372835159301758, 0.004363059997558594, 0.00531315803527832, 0.0044040679931640625, 0.004357814788818359, 0.004377126693725586, 0.004889726638793945, 0.004473209381103516, 0.004472970962524414, 0.0047550201416015625, 0.004383087158203125, 0.004353046417236328, 0.004355669021606445, 0.0047571659088134766, 0.004406929016113281, 0.004589080810546875, 0.004388093948364258, 0.004749774932861328, 0.004427194595336914, 0.004400968551635742, 0.004647970199584961, 0.0044291019439697266, 0.004436969757080078, 0.004434108734130859, 0.004669904708862305, 0.004386186599731445, 0.004366874694824219, 0.004353046417236328, 0.004506111145019531, 0.004431962966918945, 0.004378080368041992, 0.0044710636138916016, 0.004937171936035156, 0.004498958587646484, 0.004528045654296875, 0.0056018829345703125, 0.005182743072509766, 0.004955291748046875, 0.005789279937744141, 0.0049779415130615234, 0.0049648284912109375, 0.005278348922729492, 0.0050618648529052734, 0.0047760009765625, 0.004740238189697266, 0.004871845245361328, 0.004533052444458008, 0.004612922668457031, 0.004715919494628906, 0.004365205764770508, 0.004366159439086914, 0.0043430328369140625, 0.00478672981262207, 0.004535675048828125, 0.004548072814941406, 0.004383087158203125, 0.00473475456237793, 0.00436711311340332, 0.004355669021606445, 0.004338979721069336, 0.00477910041809082, 0.004384040832519531, 0.004353046417236328, 0.004569053649902344, 0.004357814788818359, 0.004385948181152344, 0.004379987716674805, 0.004697084426879883, 0.004457950592041016, 0.004369974136352539, 0.004354000091552734, 0.004741191864013672, 0.004536151885986328, 0.004986286163330078, 0.005489826202392578, 0.0047760009765625, 0.0049211978912353516, 0.005387067794799805, 0.004971027374267578, 0.004678964614868164, 0.004591703414916992, 0.005414247512817383, 0.0051000118255615234, 0.00520014762878418, 0.00558781623840332, 0.004687070846557617, 0.004836082458496094, 0.005023956298828125, 0.0053560733795166016, 0.005264997482299805, 0.0057621002197265625, 0.0051310062408447266, 0.005085945129394531, 0.004829883575439453, 0.0055751800537109375, 0.004785776138305664, 0.0049591064453125, 0.00601506233215332, 0.0048639774322509766, 0.004844188690185547, 0.005880117416381836, 0.004822969436645508, 0.005103111267089844, 0.0051229000091552734, 0.005627870559692383, 0.005040168762207031, 0.00494384765625, 0.0064849853515625, 0.005231142044067383, 0.0047528743743896484, 0.005610942840576172, 0.004996776580810547, 0.004724025726318359, 0.00569605827331543, 0.004949092864990234, 0.005083322525024414, 0.005403757095336914, 0.004770994186401367, 0.004923820495605469, 0.005109071731567383, 0.005198001861572266, 0.005097150802612305, 0.004746913909912109, 0.006063938140869141, 0.004995107650756836, 0.004793882369995117, 0.0054361820220947266, 0.005826711654663086, 0.00581812858581543, 0.005718708038330078, 0.004708051681518555, 0.002518177032470703]}