{"train_loss": [1.8174703646621078], "val_loss": 1.7735604823299083, "val_accuracy": 0.5173279758915118, "batch_times": [15.079692125320435, 15.065218210220337, 15.065481901168823, 15.100682258605957, 15.106943845748901, 15.05637812614441, 15.066324949264526, 15.067400932312012, 15.061121940612793, 15.102152824401855, 15.069726943969727, 15.062015056610107, 15.0645592212677, 15.109563827514648, 15.064596891403198, 15.096835851669312, 15.067795038223267, 15.061286926269531, 15.06835412979126, 15.05998706817627, 15.063924074172974, 15.12093472480774, 15.091485977172852, 15.063523054122925, 15.095730066299438, 15.627387046813965, 15.087582111358643, 15.055058002471924, 15.112145900726318, 15.058088064193726, 15.076066017150879, 15.053148031234741, 15.071011066436768, 15.050758838653564, 15.153934955596924, 15.05287504196167, 15.074733018875122, 15.054518222808838, 15.158684968948364, 15.05165696144104, 15.107884883880615, 15.058001279830933, 15.095618963241577, 15.06988787651062, 15.127755880355835, 15.051662921905518, 15.08060598373413, 15.175004959106445, 15.075364828109741, 15.057865142822266, 15.080603122711182, 15.056136846542358, 15.113878726959229, 15.05639910697937, 15.123739957809448, 15.055381059646606, 15.109473943710327, 15.05237102508545, 15.07891297340393, 15.052560091018677, 15.109235048294067, 15.05398678779602, 15.077635049819946, 15.103696823120117, 15.076799154281616, 15.579816102981567, 15.062242984771729, 15.11026406288147, 15.059429168701172, 15.101111888885498, 15.054347038269043, 15.070191860198975, 15.057019710540771, 15.072594165802002, 15.059447765350342, 15.174679040908813, 15.061053991317749, 15.077605962753296, 15.059256076812744, 15.076880931854248, 15.054749011993408, 15.115837812423706, 15.056424856185913, 15.104287147521973, 15.053574085235596, 15.07175087928772, 15.057955980300903, 15.103904008865356, 15.057061910629272, 15.080580234527588, 15.064921855926514, 15.065029859542847, 15.056555032730103, 15.104161977767944, 15.060465812683105, 15.111242055892944, 15.096683025360107, 15.065762042999268, 15.058848857879639, 15.109409093856812, 15.055132865905762, 15.069720268249512, 15.082778930664062, 15.118916988372803, 15.068392992019653, 15.582204818725586, 15.063935995101929, 15.060870170593262, 15.08328890800476, 15.061517238616943, 15.064634799957275, 15.069829940795898, 15.094695091247559, 15.068609952926636, 15.064945220947266, 15.068528890609741, 15.133708715438843, 15.066594123840332, 15.065465211868286, 15.066294193267822, 15.094712972640991, 15.063693046569824, 15.060862064361572, 15.110553741455078, 15.0623300075531, 15.073886156082153, 15.06487488746643, 15.069541215896606, 15.09439492225647, 15.065545082092285, 15.069337129592896, 15.068701982498169, 15.056888103485107, 15.064304113388062, 15.063889980316162, 15.061524868011475, 15.106753826141357, 15.082862138748169, 15.05858302116394, 15.110464572906494, 15.054259061813354, 15.07828402519226, 15.061424970626831, 15.148145914077759, 15.053199052810669, 15.590049028396606, 15.050612926483154, 15.106492042541504, 15.054519176483154, 15.070536136627197, 15.057122707366943, 15.096919059753418, 15.052782773971558, 15.076924085617065, 15.063498973846436, 15.106688976287842, 15.045453071594238, 15.10226321220398, 15.055926084518433, 15.104610919952393, 15.05121898651123, 15.072881937026978, 15.060257196426392, 15.122014999389648, 15.068814039230347, 15.075943946838379, 15.066322088241577, 15.110826015472412, 15.055902004241943, 15.06943416595459, 15.064501762390137, 15.064779996871948, 15.052155017852783, 15.112123966217041, 15.058139085769653, 15.26677680015564, 15.05615520477295, 15.065144062042236, 15.107195854187012, 15.0643892288208, 15.096092939376831, 15.066477060317993, 15.043803930282593, 15.086086988449097, 15.59819221496582, 15.06439208984375, 15.100834608078003, 15.098435163497925, 15.062443017959595, 15.074930906295776, 15.059175968170166, 15.069684028625488, 15.101729154586792, 15.066097259521484, 15.057166814804077, 15.0625319480896, 15.052992105484009, 15.063971042633057, 15.098748922348022, 15.075347900390625, 15.060045003890991, 15.06808090209961, 15.106369018554688, 15.085078954696655, 15.061073780059814, 15.072388648986816, 15.089883804321289, 15.065638303756714, 15.061115980148315, 15.064930200576782, 15.094784021377563, 15.060388088226318, 15.05798888206482, 15.065705060958862, 15.054360151290894, 15.07055377960205, 15.055268287658691, 15.12422227859497, 15.056364059448242, 15.118275880813599, 15.054748773574829, 15.073762655258179, 15.066783905029297, 15.131439924240112, 15.59310507774353, 15.073246002197266, 15.053444862365723, 15.075210094451904, 15.05791425704956, 15.113923072814941, 15.053969144821167, 15.078234910964966, 15.052257776260376, 15.065107822418213, 15.051668882369995, 15.101049184799194, 15.052326202392578, 15.07562780380249, 15.051429033279419, 15.112520933151245, 15.056618928909302, 15.113142251968384, 15.084650039672852, 15.080908060073853, 15.057820081710815, 15.07622504234314, 15.056122064590454, 15.108670949935913, 15.063396692276001, 15.07541298866272, 15.05778193473816, 15.066147089004517, 15.091957807540894, 15.059123039245605, 15.056339979171753, 15.06180477142334, 15.09782600402832, 15.063212871551514, 15.05575704574585, 15.095003843307495, 15.108558177947998, 15.077401161193848, 15.09524416923523, 15.064327955245972, 15.632375240325928, 15.067928791046143, 15.09872317314148, 15.063323974609375, 15.064856052398682, 15.062041997909546, 15.118539094924927, 15.064548254013062, 15.058903932571411, 15.121297836303711, 15.05980110168457, 15.060295104980469, 15.09717082977295, 15.059986114501953, 15.052268028259277, 15.056915044784546, 15.123203992843628, 15.066086053848267, 15.084592819213867, 15.065418004989624, 15.105591058731079, 15.062237977981567, 15.054786920547485, 15.059324979782104, 15.091171741485596, 15.052918910980225, 15.047628164291382, 15.066441297531128, 15.044165849685669, 15.100286960601807, 15.049431800842285, 15.063395977020264, 15.044069051742554, 15.103693008422852, 15.0555579662323, 15.064319372177124, 15.05128812789917, 15.14291524887085, 15.116530895233154, 15.146019697189331, 15.641106128692627, 15.063692092895508, 15.050049066543579, 15.0646493434906, 15.050153017044067, 15.07039999961853, 15.046309232711792, 15.106809854507446, 15.04968810081482, 15.06169867515564, 15.047327995300293, 15.065857887268066, 15.051357746124268, 15.067036151885986, 15.059587001800537, 15.102924823760986, 15.04909896850586, 15.100816011428833, 15.107809066772461, 15.102503776550293, 15.050015926361084, 15.06230616569519, 7.293684005737305]}