{"train_loss": [1.3121966265716236], "val_loss": 1.3666538712465148, "val_accuracy": 0.6049723756906077, "batch_times": [15.10666012763977, 15.098028898239136, 15.094641208648682, 15.098735809326172, 15.098527908325195, 15.104605913162231, 15.125715017318726, 15.094734191894531, 15.097035884857178, 15.094560861587524, 15.13802695274353, 15.098543882369995, 15.09145212173462, 15.09554386138916, 15.091964960098267, 15.101572036743164, 15.09672498703003, 15.655458927154541, 15.104222059249878, 15.088356971740723, 15.102741003036499, 15.082401990890503, 15.111041784286499, 15.103888034820557, 15.105044841766357, 15.092133045196533, 15.136276960372925, 15.1185781955719, 15.098023891448975, 15.097240686416626, 15.143141031265259, 15.188261985778809, 15.09754490852356, 15.089157819747925, 15.18823504447937, 15.196084976196289, 15.111914873123169, 15.148280620574951, 15.195646047592163, 15.117162942886353, 15.134311199188232, 15.087643146514893, 15.085943937301636, 15.086498022079468, 15.083843231201172, 15.096469640731812, 15.111382007598877, 15.089062929153442, 15.091512203216553, 15.085427045822144, 15.089841842651367, 15.122944116592407, 15.087540864944458, 15.077988147735596, 15.094706058502197, 15.084475994110107, 15.089650869369507, 15.643318891525269, 15.085850954055786, 15.07724118232727, 15.087806940078735, 15.087356805801392, 15.093906164169312, 15.087303876876831, 15.086582899093628, 15.11890697479248, 15.088114261627197, 15.079482078552246, 15.08859395980835, 15.084826946258545, 15.102076292037964, 15.075746059417725, 15.143610000610352, 15.079330205917358, 15.092653036117554, 15.080718040466309, 15.092628955841064, 15.097000122070312, 15.097929000854492, 15.08671522140503, 15.10290789604187, 15.082717180252075, 15.08886194229126, 15.076324939727783, 15.095392942428589, 15.261582851409912, 15.108036279678345, 15.095260858535767, 15.100294828414917, 15.079241752624512, 15.099364995956421, 15.079720973968506, 15.137378215789795, 15.078643083572388, 15.090603113174438, 15.088719844818115, 15.642201900482178, 15.076043128967285, 15.093103170394897, 15.08107304573059, 15.098613023757935, 15.078443765640259, 15.097594976425171, 15.085051774978638, 15.106503009796143, 15.126634120941162, 15.097735166549683, 15.087201833724976, 15.088541984558105, 15.086878061294556, 15.098233222961426, 15.08784818649292, 15.088590860366821, 15.130246877670288, 15.091600179672241, 15.083302021026611, 15.088194131851196, 15.083697080612183, 15.087126970291138, 15.082997798919678, 15.083317995071411, 15.0820791721344, 15.082475662231445, 15.088860273361206, 15.086680889129639, 15.109568119049072, 15.08545207977295, 15.090711116790771, 15.088815212249756, 15.084907054901123, 15.083546876907349, 15.090942144393921, 15.090730667114258, 15.116635084152222, 15.091729879379272, 15.090044736862183, 15.66530990600586, 15.087478876113892, 15.104175806045532, 15.08778429031372, 15.09802508354187, 15.081821918487549, 15.088489055633545, 15.088510036468506, 15.08638310432434, 15.114635944366455, 15.14880108833313, 15.074860095977783, 15.096022129058838, 15.077847003936768, 15.096492052078247, 15.083431959152222, 15.093194961547852, 15.07440710067749, 15.143803119659424, 15.079132795333862, 15.096195220947266, 15.239816188812256, 15.442308902740479, 15.418455123901367, 15.205773115158081, 15.077917098999023, 15.092190980911255, 15.077041864395142, 15.107789039611816, 15.097243070602417, 15.108254194259644, 15.07568621635437, 15.098581075668335, 15.077571868896484, 15.09330415725708, 15.073654174804688, 15.091208934783936, 15.079787015914917, 15.135684251785278, 15.079107999801636, 15.635867357254028, 15.080434799194336, 15.095996856689453, 15.080635786056519, 15.096514225006104, 15.078766107559204, 15.135224103927612, 15.070728778839111, 15.129276037216187, 15.244637250900269, 15.301656007766724, 15.084637880325317, 15.102071046829224, 15.101004838943481, 15.094485998153687, 15.081270933151245, 15.092503786087036, 15.083915948867798, 15.092955112457275, 15.121742963790894, 15.095033168792725, 15.078461170196533, 15.103715896606445, 15.083651065826416, 15.086692810058594, 15.0850830078125, 15.120185136795044, 15.081187009811401, 15.129158973693848, 15.083899021148682, 15.0988609790802, 15.12773609161377, 15.08938479423523, 15.082067966461182, 15.088608026504517, 15.088696956634521, 15.075534105300903, 15.093607902526855, 15.077754735946655, 15.673923969268799, 15.0779550075531, 15.094559907913208, 15.084847927093506, 15.099982023239136, 15.07451581954956, 15.091906070709229, 15.075653791427612, 15.090100765228271, 15.110076189041138, 15.08904504776001, 15.094270944595337, 15.088770866394043, 15.087560892105103, 15.087610960006714, 15.083730936050415, 15.091503143310547, 15.083140850067139, 15.096939086914062, 15.080120086669922, 15.078374147415161, 15.119248867034912, 15.09232497215271, 15.08733320236206, 15.08933687210083, 15.081656217575073, 15.083834171295166, 15.08162522315979, 15.088340997695923, 15.154036045074463, 15.097460985183716, 15.092447996139526, 15.082309007644653, 15.083336353302002, 15.08896780014038, 15.085437774658203, 15.087960958480835, 15.08652114868164, 15.092857122421265, 15.086774110794067, 15.652902126312256, 15.120359182357788, 15.09197187423706, 15.120419979095459, 15.102333068847656, 15.089683055877686, 15.103774070739746, 15.077121019363403, 15.10306715965271, 15.107731819152832, 15.09421420097351, 15.084660053253174, 15.094729900360107, 15.078126192092896, 15.094910860061646, 15.080169916152954, 15.094177961349487, 15.073647260665894, 15.095356941223145, 15.412930965423584, 15.097980260848999, 15.083543062210083, 15.141496896743774, 15.083693027496338, 15.093937873840332, 15.082794904708862, 15.11188292503357, 15.085586071014404, 15.097759008407593, 15.120954275131226, 15.095509052276611, 15.08145809173584, 15.104143857955933, 15.079955339431763, 15.096517086029053, 15.08185601234436, 15.09384274482727, 15.07926893234253, 15.096301078796387, 15.07374906539917, 15.625461101531982, 15.075120210647583, 15.13619589805603, 15.070439100265503, 15.093953847885132, 15.0785391330719, 15.102957010269165, 15.076300859451294, 15.09688401222229, 15.115812301635742, 15.096653938293457, 15.090934038162231, 15.104678869247437, 15.086966037750244, 15.094763040542603, 15.078771829605103, 15.088917970657349, 15.079737186431885, 15.096112966537476, 15.085456132888794, 15.09322190284729, 15.085101842880249, 15.096276998519897, 15.127307891845703, 15.091763973236084, 15.095566034317017, 15.095909118652344, 15.085469961166382, 15.121995687484741, 15.08686637878418, 15.10009217262268, 7.305410861968994]}