{"train_loss": [1.5491516812816941], "val_loss": 1.5525189621274043, "val_accuracy": 0.571320944249121, "batch_times": [15.257762908935547, 15.076650857925415, 15.07053804397583, 15.067723035812378, 15.138957023620605, 15.116793870925903, 15.61489725112915, 15.072847127914429, 15.102463960647583, 15.066537141799927, 15.060401916503906, 15.075008153915405, 15.060959100723267, 15.070188999176025, 15.071982860565186, 15.068365097045898, 15.096485137939453, 15.067444324493408, 15.061957120895386, 15.069470167160034, 15.101228952407837, 15.064148187637329, 15.059090852737427, 15.065288066864014, 15.145236015319824, 15.094316720962524, 15.061265230178833, 15.06637716293335, 15.059082984924316, 15.10846209526062, 15.06775712966919, 15.074836015701294, 15.055523872375488, 15.106751203536987, 15.05455207824707, 15.076297998428345, 15.05450701713562, 15.074601888656616, 15.05492115020752, 15.073698997497559, 15.059715986251831, 17.431925058364868, 15.072885036468506, 15.182050704956055, 15.06837797164917, 15.177909135818481, 15.65308403968811, 15.060643911361694, 15.066521167755127, 15.058824062347412, 15.06678295135498, 15.055634021759033, 15.060877084732056, 15.269597053527832, 15.064978837966919, 15.060267925262451, 15.05885100364685, 15.09447693824768, 15.059465885162354, 15.057486772537231, 15.059608221054077, 15.057459115982056, 15.064703941345215, 15.05527400970459, 15.109110832214355, 15.09796690940857, 15.113796949386597, 15.059930086135864, 15.062422037124634, 15.093795776367188, 15.059821128845215, 15.049111127853394, 15.065753936767578, 15.04970383644104, 15.105411052703857, 15.05013108253479, 15.074726819992065, 15.046704053878784, 15.065470933914185, 15.055779933929443, 15.108842134475708, 15.057415962219238, 15.068826913833618, 15.04743218421936, 15.168167352676392, 15.056641817092896, 15.66110897064209, 15.051428079605103, 15.105305194854736, 15.059130191802979, 15.071006298065186, 15.067015886306763, 15.101243019104004, 15.053486824035645, 15.074547052383423, 15.052351951599121, 15.098222017288208, 15.049407958984375, 15.06745195388794, 15.049583911895752, 15.10102128982544, 15.061114072799683, 15.064491033554077, 15.05181622505188, 15.136595964431763, 15.070229053497314, 15.06566596031189, 15.09507417678833, 15.061327934265137, 15.094147205352783, 15.058634996414185, 15.05452013015747, 15.056794166564941, 15.05360198020935, 15.087265968322754, 15.070900201797485, 15.059178113937378, 15.092036962509155, 15.065063238143921, 15.056160688400269, 15.05723524093628, 15.05666708946228, 15.055599927902222, 15.05817699432373, 15.104450225830078, 15.091849088668823, 15.606169939041138, 15.102857828140259, 15.122668027877808, 15.057748794555664, 15.059017181396484, 15.056717157363892, 15.059240102767944, 15.052956819534302, 15.05784797668457, 15.055938005447388, 15.064332008361816, 15.050693273544312, 15.060926914215088, 15.052292108535767, 15.056847095489502, 15.088267087936401, 15.064088106155396, 15.05156135559082, 15.097337007522583, 15.049390077590942, 15.109018087387085, 15.047255039215088, 15.111222743988037, 15.049846887588501, 15.10498571395874, 15.065415143966675, 15.063695907592773, 15.046555995941162, 15.062982320785522, 15.047184944152832, 15.064178943634033, 15.046200037002563, 15.066253900527954, 15.047369003295898, 15.068230152130127, 15.050636768341064, 15.108812093734741, 15.06003713607788, 15.126841068267822, 15.590699911117554, 15.100745916366577, 15.052358865737915, 15.11025595664978, 15.048959016799927, 15.106847047805786, 15.050815343856812, 15.069489002227783, 15.049253702163696, 15.115793943405151, 15.110239028930664, 15.066823244094849, 15.050303220748901, 15.10342788696289, 15.04980993270874, 15.057831048965454, 15.05420732498169, 15.05912709236145, 15.103800058364868, 15.092232942581177, 15.054298877716064, 15.063810110092163, 15.09266209602356, 15.06175684928894, 15.101155042648315, 15.058841943740845, 15.095837831497192, 15.061162948608398, 15.052453994750977, 15.059228897094727, 15.055176019668579, 15.061341285705566, 15.053911209106445, 15.061026096343994, 15.088940143585205, 15.061136960983276, 15.055092811584473, 15.057435750961304, 15.056671857833862, 15.096219778060913, 15.593907833099365, 15.06263279914856, 15.055309057235718, 15.057475090026855, 15.095659017562866, 15.061791896820068, 15.091325998306274, 15.071962833404541, 15.0556001663208, 15.061309099197388, 15.086800813674927, 15.059500932693481, 15.051588296890259, 15.06581711769104, 15.049195051193237, 15.071829080581665, 15.060909032821655, 15.06760311126709, 15.066167116165161, 15.114037990570068, 15.049834966659546, 15.06575894355774, 15.049511909484863, 15.100368738174438, 15.05254602432251, 15.125302076339722, 15.048862934112549, 15.076218843460083, 15.052215099334717, 15.070396900177002, 15.054214000701904, 15.223166227340698, 15.117201328277588, 15.0747971534729, 15.058823108673096, 15.138096809387207, 15.066672801971436, 15.075709819793701, 15.097288131713867, 15.079143047332764, 15.64037561416626, 15.057678937911987, 15.053571224212646, 15.106157064437866, 15.044893980026245, 15.105910778045654, 15.048543930053711, 15.069217205047607, 15.052640914916992, 15.06637692451477, 15.06183910369873, 15.065110921859741, 15.061281204223633, 15.062973022460938, 15.095131158828735, 15.064488887786865, 15.05201506614685, 15.058299779891968, 15.098903179168701, 15.058226108551025, 15.059207916259766, 15.059876203536987, 15.059562921524048, 15.061982154846191, 15.057410955429077, 15.064550161361694, 15.14949083328247, 15.058344841003418, 15.068091869354248, 15.058627128601074, 15.061648845672607, 15.06183123588562, 15.056798219680786, 15.060476303100586, 15.098201990127563, 15.058382034301758, 15.08437991142273, 15.064753770828247, 15.12901496887207, 15.06035590171814, 15.582127094268799, 15.059987306594849, 15.056540250778198, 15.058559894561768, 15.05452585220337, 15.061163187026978, 15.141739845275879, 15.067935943603516, 15.048518896102905, 15.066513061523438, 15.054711103439331, 15.101408004760742, 15.050710201263428, 15.071062088012695, 15.052820205688477, 15.061567068099976, 15.045845985412598, 15.07322096824646, 15.105597019195557, 15.107560873031616, 15.054092645645142, 15.064994096755981, 15.054517030715942, 15.116774797439575, 15.048102855682373, 15.080240249633789, 15.052581071853638, 15.150388956069946, 15.093324661254883, 15.063462257385254, 15.077773809432983, 15.1041259765625, 15.047950029373169, 15.065478801727295, 15.08311915397644, 15.10728669166565, 15.049507141113281, 15.074492931365967, 15.091214895248413, 15.609679222106934, 15.048532962799072, 7.298073053359985]}