{"train_loss": [2.094261138813765], "val_loss": 2.0008983982243587, "val_accuracy": 0.43119035660472127, "batch_times": [28.89510989189148, 15.009342193603516, 15.113661766052246, 837.5119009017944, 14.987713098526001, 14.969498872756958, 931.5509750843048, 14.923415899276733, 14.94806718826294, 14.910041093826294, 318.7883069515228, 14.866496086120605, 14.824005126953125, 114.8425521850586, 14.917005062103271, 14.843294143676758, 331.43176198005676, 14.840817928314209, 14.936712980270386, 14.83274507522583, 14.900150060653687, 14.938461780548096, 14.965234756469727, 14.95299506187439, 14.946428060531616, 14.895745038986206, 14.951886892318726, 14.977072954177856, 15.006305932998657, 14.990792751312256, 15.025002002716064, 15.031367778778076, 14.983739852905273, 15.028107166290283, 15.00964903831482, 15.626451969146729, 15.03610897064209, 15.057075023651123, 15.109512090682983, 15.058281898498535, 15.050135850906372, 15.054728984832764, 15.088333129882812, 15.054555892944336, 15.045924186706543, 15.051945924758911, 15.052619934082031, 15.059875011444092, 15.046157121658325, 15.061177015304565, 15.047284841537476, 15.062288761138916, 15.046780824661255, 15.13800597190857, 15.048888206481934, 15.068871974945068, 15.051603078842163, 15.088762998580933, 15.046710968017578, 15.114803075790405, 15.045883893966675, 15.098994970321655, 15.047176837921143, 15.071377754211426, 15.050709962844849, 15.108078241348267, 15.049983978271484, 15.091264963150024, 15.086318969726562, 16.0127170085907, 15.112174034118652, 15.197208881378174, 15.04805612564087, 15.153578996658325, 15.636895895004272, 15.060920000076294, 15.042359113693237, 15.10302186012268, 15.051883935928345, 15.109925031661987, 15.108350038528442, 15.104505062103271, 15.041990041732788, 15.056562900543213, 15.103099822998047, 15.066380977630615, 15.043429136276245, 15.056185245513916, 15.049225091934204, 15.051074981689453, 15.048885345458984, 15.060026168823242, 15.101729154586792, 15.070847988128662, 15.14221739768982, 15.059331893920898, 15.050025939941406, 15.056839942932129, 15.086676120758057, 15.049968957901001, 15.0782310962677, 15.056631088256836, 15.048737049102783, 15.05872893333435, 15.04869794845581, 15.054737329483032, 15.047338008880615, 15.054359197616577, 15.081815004348755, 15.052287340164185, 15.049472093582153, 15.052890062332153, 15.067355871200562, 15.07170295715332, 15.594077825546265, 15.055897951126099, 15.086483001708984, 15.049196243286133, 15.050613164901733, 15.060047149658203, 15.114129066467285, 15.059790134429932, 15.041827201843262, 15.060277700424194, 15.042659282684326, 15.098148822784424, 15.045480012893677, 15.059459209442139, 15.047262907028198, 15.105270147323608, 15.043633222579956, 15.058681964874268, 15.086359977722168, 15.097191095352173, 15.047056913375854, 15.060522079467773, 15.041703939437866, 15.098001956939697, 15.075339078903198, 15.063130140304565, 15.041197776794434, 15.110865831375122, 15.044883966445923, 15.097985029220581, 15.047935962677002, 15.065776109695435, 15.04146695137024, 15.05973482131958, 15.039672136306763, 15.098725080490112, 15.04238224029541, 15.06240200996399, 15.075960874557495, 15.071101188659668, 15.597214221954346, 15.100649118423462, 15.04626989364624, 15.060384035110474, 15.045137882232666, 15.050298929214478, 15.052212953567505, 15.055464744567871, 15.151829957962036, 15.056057214736938, 15.049928188323975, 15.05472993850708, 15.087598085403442, 15.0591139793396, 15.050587892532349, 15.053378105163574, 15.048235177993774, 15.057109832763672, 15.12947702407837, 15.056607007980347, 15.08481478691101, 15.053364992141724, 15.050243139266968, 15.053424835205078, 15.084500074386597, 15.057291984558105, 15.050023794174194, 15.054165840148926, 15.094438791275024, 15.10079312324524, 15.089452743530273, 15.054113149642944, 15.053534984588623, 15.06418514251709, 15.079478979110718, 15.054776191711426, 15.047019004821777, 15.057445049285889, 15.082088232040405, 15.054828882217407, 15.606269359588623, 15.043756008148193, 15.057054996490479, 15.08590316772461, 15.059664964675903, 15.059743881225586, 15.055563926696777, 15.083662033081055, 15.054669857025146, 15.093586206436157, 15.05364203453064, 15.087517261505127, 15.053822040557861, 15.050152063369751, 15.054216861724854, 15.084102869033813, 15.056395053863525, 15.052418947219849, 15.107573986053467, 15.049975156784058, 15.055423021316528, 15.090214967727661, 15.058701038360596, 15.048994064331055, 15.05261492729187, 15.052714109420776, 15.058988094329834, 15.051629066467285, 15.055171012878418, 15.124346733093262, 15.070966958999634, 15.04886507987976, 15.053205013275146, 15.088939666748047, 15.053719997406006, 15.052077054977417, 15.056105136871338, 15.05500078201294, 15.105447053909302, 15.60004186630249, 15.135198831558228, 15.070251941680908, 15.128852128982544, 15.031805038452148, 15.054328918457031, 15.041013956069946, 15.096620082855225, 15.042099952697754, 15.060647964477539, 15.04254698753357, 15.144957065582275, 15.043877840042114, 15.062582015991211, 15.047569751739502, 15.095362901687622, 15.055392026901245, 15.06437087059021, 15.085998058319092, 15.133677959442139, 15.066983938217163, 15.080579996109009, 15.04890489578247, 15.095773935317993, 15.050533771514893, 15.073940992355347, 15.054089784622192, 15.081516981124878, 15.050052881240845, 15.070013761520386, 15.05284595489502, 15.1404390335083, 15.048239707946777, 15.06637167930603, 15.04981279373169, 15.060819864273071, 15.049230098724365, 15.059499025344849, 15.056370258331299, 15.096857070922852, 15.596548080444336, 15.059090852737427, 15.053722858428955, 15.054575681686401, 15.089080095291138, 15.063792943954468, 15.054003953933716, 15.064311027526855, 15.05281686782837, 15.066890954971313, 15.08816385269165, 15.060647010803223, 15.127856969833374, 15.063246726989746, 15.053187131881714, 15.059709787368774, 15.053109884262085, 15.06195878982544, 15.111033916473389, 15.236506938934326, 15.051207065582275, 15.073042154312134, 15.053943157196045, 15.062825918197632, 15.087984800338745, 15.06891918182373, 15.04994511604309, 15.061397075653076, 15.057225942611694, 15.064080238342285, 15.102112054824829, 15.082338094711304, 15.048820972442627, 15.109796047210693, 15.0487220287323, 15.08005404472351, 15.07042407989502, 15.107341051101685, 15.087937831878662, 15.182955980300903, 15.863368034362793, 15.07977294921875, 15.066640138626099, 15.106241941452026, 15.052104949951172, 15.079656839370728, 15.05045771598816, 15.10234022140503, 15.064474821090698, 15.071790933609009, 15.04435110092163, 15.100223064422607, 15.0449538230896, 7.2892749309539795]}