{"train_loss": [1.726327936145582], "val_loss": 1.698143552676825, "val_accuracy": 0.5391762933199398, "batch_times": [15.085361957550049, 15.768954753875732, 15.084800004959106, 15.086562156677246, 15.12334418296814, 15.26992416381836, 15.22757625579834, 15.143630981445312, 15.072179079055786, 15.105991125106812, 15.072246074676514, 15.066196918487549, 15.071969032287598, 15.067425966262817, 15.072208881378174, 15.072942972183228, 15.076964855194092, 15.065306186676025, 15.077358961105347, 15.104336977005005, 15.070602178573608, 15.16628885269165, 15.078757047653198, 15.075134992599487, 15.079265832901001, 15.066853761672974, 15.077380657196045, 15.105401039123535, 15.072012901306152, 15.061906337738037, 15.078790187835693, 15.073055028915405, 15.074697017669678, 15.059268951416016, 15.120250225067139, 15.06202507019043, 15.079006910324097, 15.062381982803345, 15.078688144683838, 15.092366933822632, 15.159850120544434, 15.628318071365356, 15.184943199157715, 15.065469026565552, 15.07489800453186, 15.062253952026367, 15.12044072151184, 15.059590339660645, 15.085753917694092, 15.0624680519104, 15.074186086654663, 15.060286045074463, 15.078855037689209, 15.062436819076538, 15.087717294692993, 15.06911301612854, 15.116220951080322, 15.060106992721558, 15.080309867858887, 15.379517793655396, 15.084162950515747, 15.066537857055664, 15.119671821594238, 15.06825590133667, 15.115882873535156, 15.055018901824951, 15.077317953109741, 15.056520938873291, 15.063354969024658, 15.067765951156616, 15.06602430343628, 15.062984943389893, 15.0664701461792, 15.104063034057617, 15.068596839904785, 15.066757678985596, 15.068651676177979, 15.121900081634521, 15.121286869049072, 15.09814190864563, 15.638245105743408, 15.067827939987183, 15.072905778884888, 15.103961944580078, 15.08069396018982, 15.097085237503052, 15.070226907730103, 15.059847831726074, 15.068220853805542, 15.061201810836792, 15.120518207550049, 15.101135015487671, 15.064970016479492, 15.061903715133667, 15.07442307472229, 15.061804056167603, 15.072483777999878, 15.10038709640503, 15.066542863845825, 15.088744163513184, 15.067389011383057, 15.062985181808472, 15.06698203086853, 15.134178161621094, 15.077114820480347, 15.056195974349976, 15.070342063903809, 15.056723833084106, 15.069435834884644, 15.050649881362915, 15.067628860473633, 15.053563833236694, 15.067721843719482, 15.057698965072632, 15.107483863830566, 15.04725193977356, 15.0672287940979, 15.070366859436035, 15.1039719581604, 15.076205015182495, 15.629671812057495, 15.055903911590576, 15.103246927261353, 15.048744201660156, 15.105311870574951, 15.09949278831482, 15.101653099060059, 15.044040203094482, 15.063320875167847, 15.049551725387573, 15.069364786148071, 15.055378913879395, 15.065283060073853, 15.062335014343262, 15.099047899246216, 15.049464702606201, 15.068421125411987, 15.055307865142822, 15.094889879226685, 15.048549890518188, 15.065062761306763, 15.059650897979736, 15.110217809677124, 15.05189299583435, 15.066639184951782, 15.118070840835571, 15.063246965408325, 15.059930086135864, 15.061975717544556, 15.098647117614746, 15.060714960098267, 15.054768085479736, 15.059927225112915, 15.060009241104126, 15.054526090621948, 15.086935758590698, 15.070523262023926, 15.061977863311768, 15.094959735870361, 15.058473825454712, 15.593108892440796, 15.060054063796997, 15.06249189376831, 15.090665102005005, 15.066370010375977, 15.107027769088745, 15.058342218399048, 15.046574831008911, 15.06033182144165, 15.052067041397095, 15.049702167510986, 15.096097946166992, 15.052857160568237, 15.060853004455566, 15.072461128234863, 15.059373140335083, 15.068921089172363, 15.089405298233032, 15.095768690109253, 15.053519010543823, 15.068673133850098, 15.057323932647705, 15.105852842330933, 15.056372880935669, 15.10490608215332, 15.059158086776733, 15.106423139572144, 15.05404806137085, 15.074663877487183, 15.057127952575684, 15.089611053466797, 15.048712730407715, 15.071717023849487, 15.057380199432373, 15.065714836120605, 15.050825834274292, 15.069475173950195, 15.060789823532104, 15.165296077728271, 15.049827814102173, 15.601574897766113, 15.065446853637695, 15.104275941848755, 15.050130128860474, 15.097824573516846, 15.059315919876099, 15.1211519241333, 15.053414821624756, 15.069591045379639, 15.058112859725952, 15.066529989242554, 15.051525831222534, 15.103574991226196, 15.064332008361816, 15.056545972824097, 15.062124967575073, 15.051789045333862, 15.109095096588135, 15.085101127624512, 15.067692995071411, 15.05804705619812, 15.112457036972046, 15.053550004959106, 15.071800231933594, 15.054185152053833, 15.076292037963867, 15.051075220108032, 15.158255100250244, 15.04404091835022, 15.070854902267456, 15.047141075134277, 15.071523189544678, 15.054683923721313, 15.07887601852417, 15.054775953292847, 15.097668647766113, 15.053405046463013, 15.088973999023438, 15.09942626953125, 15.641130208969116, 15.068527221679688, 15.067761898040771, 15.048969984054565, 15.105110883712769, 15.051239013671875, 15.07611083984375, 15.053413152694702, 15.107748985290527, 15.055484771728516, 15.070369243621826, 15.050374984741211, 15.064566135406494, 15.097310066223145, 15.06171178817749, 15.05811595916748, 15.058755874633789, 15.062076807022095, 15.067706108093262, 15.12746286392212, 15.068871021270752, 15.066956996917725, 15.06184196472168, 15.057178020477295, 15.069124221801758, 15.102045774459839, 15.066009044647217, 15.059988975524902, 15.07351803779602, 15.093186855316162, 15.068737983703613, 15.100033044815063, 15.062052249908447, 15.061436176300049, 15.060177087783813, 15.05804181098938, 15.057743072509766, 15.104712963104248, 15.070627212524414, 15.101531982421875, 15.561718940734863, 15.102979898452759, 15.058948040008545, 15.099899053573608, 15.060461044311523, 15.064104795455933, 15.06622576713562, 15.05342173576355, 15.069200038909912, 15.056299924850464, 15.142635107040405, 15.05144715309143, 15.071569204330444, 15.04602336883545, 15.078346014022827, 15.053240060806274, 15.104585886001587, 15.057833909988403, 15.085206985473633, 15.072403907775879, 15.092478036880493, 15.061333894729614, 15.069087028503418, 15.053997039794922, 15.105044841766357, 15.05876088142395, 15.071722030639648, 15.052318096160889, 15.074321985244751, 15.05891489982605, 15.112897157669067, 15.056031942367554, 15.111763954162598, 15.057152032852173, 15.066269159317017, 15.050983190536499, 15.098305940628052, 15.051485061645508, 15.099374055862427, 15.056186199188232, 15.6343092918396, 15.057353019714355, 15.070751905441284, 15.051867008209229, 15.065717935562134, 15.05305290222168, 15.063755989074707, 7.294156789779663]}