{"train_loss": [1.3644509332980248], "val_loss": 1.4062328833030036, "val_accuracy": 0.5984429934706178, "batch_times": [15.15280294418335, 15.07830286026001, 15.095826148986816, 15.0767240524292, 15.132872819900513, 15.119929790496826, 15.091525793075562, 15.078449010848999, 15.144330978393555, 15.079132795333862, 15.099649906158447, 15.080014944076538, 15.14473009109497, 15.077209711074829, 15.096040964126587, 15.076558113098145, 15.178914785385132, 15.082800149917603, 15.099950790405273, 15.076659202575684, 15.145720958709717, 15.079052925109863, 15.104601860046387, 15.07652497291565, 15.136639833450317, 15.142794847488403, 15.100413799285889, 15.093007802963257, 15.1390700340271, 15.077499151229858, 15.101119041442871, 15.077754974365234, 15.09873080253601, 15.079781770706177, 15.092528820037842, 15.722369194030762, 15.08719515800476, 15.130184173583984, 15.096598863601685, 15.12162709236145, 15.09475302696228, 15.08351731300354, 15.090475082397461, 15.12086296081543, 15.096803188323975, 15.117019891738892, 15.086673974990845, 15.123074054718018, 15.090152740478516, 15.082783937454224, 15.089310884475708, 15.123345851898193, 15.092583894729614, 15.082610845565796, 15.101492881774902, 15.121645212173462, 15.090214014053345, 15.122514963150024, 15.095787048339844, 15.123759269714355, 15.093461990356445, 15.082917213439941, 15.0915048122406, 15.121843099594116, 15.09225606918335, 15.133289098739624, 15.085660934448242, 15.177289962768555, 15.116658926010132, 15.085567951202393, 15.095884084701538, 15.123192071914673, 15.0995512008667, 15.086748123168945, 15.654977083206177, 15.12284517288208, 15.096001863479614, 15.079714059829712, 15.140703916549683, 15.079086065292358, 15.142114162445068, 15.076474905014038, 15.098122835159302, 15.079159021377563, 15.142047882080078, 15.113219738006592, 15.091267108917236, 15.091065168380737, 15.1439049243927, 15.07264494895935, 15.09837007522583, 15.077797889709473, 15.136008977890015, 15.076529741287231, 15.137531995773315, 15.074790239334106, 15.146671056747437, 15.071601867675781, 15.137590885162354, 15.077457904815674, 15.13777208328247, 15.0751051902771, 15.102134943008423, 15.080235958099365, 15.147342205047607, 15.131450891494751, 15.092030048370361, 15.077217102050781, 15.099071979522705, 15.077147006988525, 15.092773914337158, 15.074090957641602, 15.096481084823608, 15.071080923080444, 15.63971209526062, 15.076330423355103, 15.086142301559448, 15.11630916595459, 15.094191074371338, 15.128669023513794, 15.09357500076294, 15.085181951522827, 15.109071016311646, 15.097867965698242, 15.111769914627075, 15.342081069946289, 15.10071611404419, 15.094226121902466, 15.13545298576355, 15.132838249206543, 15.097179174423218, 15.100632190704346, 15.118752717971802, 15.136434316635132, 15.101215124130249, 15.092041969299316, 15.089656829833984, 15.111968994140625, 15.089470863342285, 15.136206150054932, 15.156062126159668, 15.12180209159851, 15.092083930969238, 15.100013256072998, 15.120563268661499, 15.097571849822998, 15.095554113388062, 15.135653972625732, 15.090704202651978, 15.105513095855713, 15.073978900909424, 15.149425745010376, 15.077118873596191, 15.09188199043274, 15.668117046356201, 15.090080976486206, 15.131935119628906, 15.089534044265747, 15.086826086044312, 15.092809915542603, 15.165756940841675, 15.105554819107056, 15.09023380279541, 15.090673208236694, 15.161388874053955, 15.086400032043457, 15.084393978118896, 15.094383955001831, 15.084385633468628, 15.089262962341309, 15.082415103912354, 15.09459900856018, 15.137832880020142, 15.090601921081543, 15.075999975204468, 15.09529185295105, 15.124158382415771, 15.088778972625732, 15.09142804145813, 15.085262775421143, 15.168386936187744, 15.092947959899902, 15.0797700881958, 15.087326288223267, 15.167931079864502, 15.08939814567566, 15.084512948989868, 15.093069076538086, 15.12731122970581, 15.0903799533844, 15.08243989944458, 15.103379964828491, 15.148413896560669, 15.650441884994507, 15.086565971374512, 15.095009088516235, 15.076343059539795, 15.186187028884888, 15.093538999557495, 15.139381885528564, 15.101458072662354, 15.211153984069824, 15.098163843154907, 15.122797012329102, 15.215759992599487, 15.158730030059814, 15.116212844848633, 15.130376815795898, 15.117926836013794, 15.174739837646484, 15.09988284111023, 15.11699390411377, 15.106728792190552, 15.17950987815857, 15.09830379486084, 15.127438068389893, 15.094285011291504, 15.16914415359497, 15.094286918640137, 15.129322052001953, 15.10103702545166, 15.240888118743896, 15.105683088302612, 15.124743938446045, 15.14272427558899, 15.154015064239502, 15.151599168777466, 15.132349014282227, 15.091302871704102, 15.164836883544922, 15.094009160995483, 15.11644697189331, 15.08982515335083, 15.775604963302612, 15.090627193450928, 15.122841119766235, 15.131028890609741, 15.321599960327148, 15.218889951705933, 15.131917953491211, 15.084596157073975, 15.1026611328125, 15.178988933563232, 15.131771087646484, 15.08933711051941, 15.101469993591309, 15.135324954986572, 15.10466194152832, 15.090406894683838, 15.097527027130127, 15.13269305229187, 15.103910684585571, 15.090903043746948, 15.099555969238281, 15.095458984375, 15.099043846130371, 15.088721990585327, 15.099059104919434, 15.090703010559082, 15.101731061935425, 15.093755006790161, 15.099701166152954, 15.170525074005127, 15.145097970962524, 15.088767051696777, 15.100495100021362, 15.09037709236145, 15.109541893005371, 15.093624114990234, 15.11801290512085, 15.098674058914185, 15.103460788726807, 15.092175006866455, 15.67707085609436, 15.089026927947998, 15.102098941802979, 15.086802959442139, 15.10385012626648, 15.086267948150635, 15.109299898147583, 15.090015888214111, 15.112730979919434, 15.11233925819397, 15.176335096359253, 15.08552098274231, 15.105921030044556, 15.081894874572754, 15.105123043060303, 15.081147909164429, 15.112865209579468, 15.086807012557983, 15.150147676467896, 15.08231496810913, 15.108341217041016, 15.080995082855225, 15.146780014038086, 15.082993030548096, 15.106074810028076, 15.084485292434692, 15.149209976196289, 15.083307027816772, 15.111694097518921, 15.082934141159058, 15.184591054916382, 15.08755087852478, 15.104848861694336, 15.083133935928345, 15.10385799407959, 15.083782196044922, 15.11290979385376, 15.086777210235596, 15.109907150268555, 15.634107112884521, 15.109112024307251, 15.161211252212524, 15.135077953338623, 15.094563007354736, 15.094547986984253, 15.09899377822876, 15.086780786514282, 15.14851713180542, 15.08796501159668, 15.105500936508179, 15.12031602859497, 15.192026138305664, 15.08569073677063, 7.311371088027954]}