{"train_loss": [1.6541271317546016], "val_loss": 1.639502161697006, "val_accuracy": 0.5512305374183827, "batch_times": [15.064855098724365, 15.111738920211792, 15.05578088760376, 15.071777105331421, 15.056065082550049, 15.070746898651123, 15.069025039672852, 15.074190855026245, 15.05527400970459, 15.150073051452637, 15.061241865158081, 15.07088589668274, 15.056948900222778, 15.071111917495728, 15.059942245483398, 15.099352836608887, 15.60557222366333, 15.11273980140686, 15.054712057113647, 15.07379698753357, 15.055341005325317, 15.10085391998291, 15.055927753448486, 15.078359127044678, 15.05944013595581, 15.109326839447021, 15.061776876449585, 15.066581010818481, 15.059823274612427, 15.07171106338501, 15.102049112319946, 15.065096139907837, 15.06536602973938, 15.068761110305786, 15.105452060699463, 15.107479810714722, 15.059123039245605, 15.070558071136475, 15.063422918319702, 15.067118167877197, 15.064582824707031, 15.066106796264648, 15.094928979873657, 15.06778597831726, 15.067518949508667, 15.074671983718872, 15.106138944625854, 15.07251501083374, 15.062040090560913, 15.069369077682495, 15.111271858215332, 15.068737030029297, 15.06253981590271, 15.068989992141724, 15.11544680595398, 15.098043203353882, 15.594390869140625, 15.07054090499878, 15.099233865737915, 15.06365704536438, 15.062602996826172, 15.0592041015625, 15.093533992767334, 15.064627170562744, 15.054337739944458, 15.069515943527222, 15.059857845306396, 15.079041004180908, 15.055450677871704, 15.070513010025024, 15.055515050888062, 15.17571210861206, 15.069534063339233, 15.07619309425354, 15.096866846084595, 15.077783107757568, 15.058123111724854, 15.072080850601196, 15.05204701423645, 15.105026960372925, 15.0526762008667, 15.071775913238525, 15.05433177947998, 15.073055028915405, 15.058101177215576, 15.11572790145874, 15.061378955841064, 15.064965724945068, 15.063889980316162, 15.065238952636719, 15.065315246582031, 15.138497114181519, 15.064393997192383, 15.09893012046814, 15.095749855041504, 15.061070203781128, 15.588584899902344, 15.05784821510315, 15.06198501586914, 15.101167917251587, 15.067087173461914, 15.06037712097168, 15.067811965942383, 15.05281400680542, 15.06967306137085, 15.073055028915405, 15.078460931777954, 15.059185028076172, 15.113053321838379, 15.055670022964478, 15.070164918899536, 15.05388617515564, 15.152151107788086, 15.054177045822144, 15.117238998413086, 15.056678295135498, 15.109768867492676, 15.055759906768799, 15.074102878570557, 15.056750059127808, 15.113938093185425, 15.054643869400024, 15.074891805648804, 15.052549123764038, 15.104213953018188, 15.051183700561523, 15.079957008361816, 15.064254999160767, 15.072625875473022, 15.054627180099487, 15.071993112564087, 15.054330825805664, 15.156752109527588, 15.059195756912231, 15.109139919281006, 15.056073188781738, 15.679275035858154, 15.054522037506104, 15.111539125442505, 15.054629802703857, 15.061833143234253, 15.065978765487671, 15.061738967895508, 15.063974857330322, 15.070595979690552, 15.058686971664429, 15.062939167022705, 15.096699953079224, 15.064438104629517, 15.068589210510254, 15.065705060958862, 15.093860149383545, 15.062613010406494, 15.102478742599487, 15.111346244812012, 15.05858588218689, 15.070709943771362, 15.094517946243286, 15.069321870803833, 15.057005882263184, 15.061661005020142, 15.09466290473938, 15.06558108329773, 15.057261943817139, 15.063483953475952, 15.09175181388855, 15.06281590461731, 15.063700914382935, 15.068444013595581, 15.098030090332031, 15.064069032669067, 15.059412002563477, 15.065075874328613, 15.13433027267456, 15.116941928863525, 15.571128129959106, 15.070604085922241, 15.05196499824524, 15.107267141342163, 15.05095911026001, 15.098127126693726, 15.050405025482178, 15.104266166687012, 15.053857803344727, 15.06410002708435, 15.05258584022522, 15.104846715927124, 15.054217100143433, 15.085580110549927, 15.052408218383789, 15.105149269104004, 15.05370807647705, 15.0746431350708, 15.055370807647705, 15.142979145050049, 15.053038120269775, 15.114713191986084, 15.056339979171753, 15.069118022918701, 15.051260948181152, 15.070722103118896, 15.051456928253174, 15.108849287033081, 15.052864074707031, 15.066425800323486, 15.052796840667725, 15.102876901626587, 15.053534984588623, 15.066105127334595, 15.05129098892212, 15.067209959030151, 15.05418586730957, 15.067334175109863, 15.070733785629272, 15.278450965881348, 15.675609111785889, 15.072876930236816, 15.06151556968689, 15.06447720527649, 15.06368613243103, 15.08502721786499, 15.126564025878906, 15.15004587173462, 15.218111991882324, 15.062406778335571, 15.071887731552124, 15.099915981292725, 15.096042156219482, 15.071802854537964, 15.057376861572266, 15.060097932815552, 15.086637020111084, 15.065855026245117, 15.070024967193604, 15.074617147445679, 15.102563858032227, 15.065666198730469, 15.093487739562988, 15.063134908676147, 15.060419797897339, 15.070441246032715, 15.057320356369019, 15.063000917434692, 15.051501035690308, 15.065989971160889, 15.09691309928894, 15.061516046524048, 15.058729887008667, 15.065933227539062, 15.072471141815186, 15.06248426437378, 15.058917045593262, 15.070667028427124, 15.092136144638062, 15.098698139190674, 15.574506998062134, 15.120749235153198, 15.047422885894775, 15.096252918243408, 15.051701068878174, 15.07265591621399, 15.054534196853638, 15.098448991775513, 15.053191900253296, 15.075711011886597, 15.049343824386597, 15.100925922393799, 15.044769048690796, 15.071415662765503, 15.044306993484497, 15.110642194747925, 15.047202110290527, 15.066525936126709, 15.095263957977295, 15.106066942214966, 15.053285121917725, 15.126568078994751, 15.10878610610962, 15.067795991897583, 15.078354835510254, 15.112805843353271, 15.052029848098755, 15.323544025421143, 15.398374795913696, 15.456336736679077, 15.114437103271484, 15.06633186340332, 15.05014705657959, 15.07279372215271, 15.048748016357422, 15.066181898117065, 15.052211999893188, 15.066380023956299, 15.13943099975586, 15.061535120010376, 15.596380949020386, 15.058543682098389, 15.10694408416748, 15.05980110168457, 15.092652082443237, 15.075057029724121, 15.055418252944946, 15.063952922821045, 15.091609001159668, 15.060122728347778, 15.053894758224487, 15.05711817741394, 15.090810060501099, 15.060143947601318, 15.056593179702759, 15.071099042892456, 15.092445135116577, 15.060837984085083, 15.101743936538696, 15.058593988418579, 15.058624982833862, 15.064307928085327, 15.102850914001465, 15.060677289962769, 15.081934928894043, 15.068220138549805, 15.052032947540283, 15.058036804199219, 15.05421495437622, 15.057584047317505, 15.08941388130188, 7.3019561767578125]}