{"train_loss": [1.4761880151326106], "val_loss": 1.4938170156566577, "val_accuracy": 0.5861376192867905, "batch_times": [15.166558980941772, 15.059377908706665, 15.107602834701538, 15.09614109992981, 15.09712815284729, 15.085612058639526, 15.106498956680298, 15.078428745269775, 15.175410747528076, 15.160046815872192, 15.155642986297607, 15.132463216781616, 15.100377798080444, 15.061572074890137, 15.08447003364563, 15.06704592704773, 15.120300054550171, 15.066905975341797, 15.087571859359741, 15.072073936462402, 15.181704044342041, 15.068789958953857, 15.0794198513031, 15.06191611289978, 15.084853172302246, 15.065040111541748, 15.077268123626709, 15.06932020187378, 15.085357904434204, 15.107707977294922, 15.080502033233643, 15.064789056777954, 15.085446119308472, 15.07186484336853, 15.087382078170776, 15.072880983352661, 15.120949029922485, 15.664639949798584, 15.107327938079834, 15.069743871688843, 15.08640718460083, 15.160676002502441, 15.076070070266724, 15.071245193481445, 15.075644969940186, 15.110652923583984, 15.078987121582031, 15.07184886932373, 15.076943159103394, 15.067580938339233, 15.07675290107727, 15.07109022140503, 15.08923077583313, 15.111979961395264, 15.083212852478027, 15.098373174667358, 15.11268138885498, 15.07273006439209, 15.081204175949097, 15.111299991607666, 15.081279039382935, 15.166346073150635, 15.1233811378479, 15.068841934204102, 15.083789110183716, 15.073227167129517, 15.080116033554077, 15.065286874771118, 15.085238933563232, 15.064305305480957, 15.086409091949463, 15.06247591972351, 15.09375524520874, 15.065677881240845, 15.080089092254639, 15.0668306350708, 15.153480052947998, 15.627991914749146, 15.090605020523071, 15.064722061157227, 15.124045848846436, 15.062627077102661, 15.136563062667847, 15.068351984024048, 15.122517824172974, 15.068324089050293, 15.084956884384155, 15.061478853225708, 15.125657081604004, 15.06646990776062, 15.081884145736694, 15.065398931503296, 15.086517810821533, 15.065467834472656, 15.083240985870361, 15.081470012664795, 15.115331172943115, 15.074664115905762, 15.13475489616394, 15.069719076156616, 15.079393148422241, 15.06676197052002, 15.166659832000732, 15.070146083831787, 15.080781936645508, 15.069543838500977, 15.076431035995483, 15.072241067886353, 15.077899694442749, 15.07050895690918, 15.078096866607666, 15.087737798690796, 15.061852931976318, 15.078548908233643, 15.06341028213501, 15.112572193145752, 15.076846837997437, 15.656755924224854, 15.06546425819397, 15.136735916137695, 15.063413143157959, 15.083314895629883, 15.06414008140564, 15.139771699905396, 15.071490049362183, 15.088703870773315, 15.060842037200928, 15.119545221328735, 15.06213092803955, 15.077586889266968, 15.064480066299438, 15.084019184112549, 15.063285112380981, 15.080265998840332, 15.066014289855957, 15.646330118179321, 15.078308820724487, 15.174237966537476, 15.055804967880249, 15.073089122772217, 15.055879831314087, 15.067130088806152, 15.057415246963501, 15.153880834579468, 15.207346200942993, 15.107051849365234, 15.066719055175781, 15.068998336791992, 15.059230089187622, 15.071338653564453, 15.091936826705933, 15.06488299369812, 15.058908224105835, 15.058412790298462, 15.100764036178589, 15.10804009437561, 15.638935089111328, 15.06763505935669, 15.059655904769897, 15.078794956207275, 15.056350946426392, 15.065607070922852, 15.058988094329834, 15.0687837600708, 15.09802508354187, 15.114320039749146, 15.09285306930542, 15.06532883644104, 15.065393924713135, 15.06668996810913, 15.099945068359375, 15.064289093017578, 15.062934160232544, 15.06051778793335, 15.100709915161133, 15.105492115020752, 15.067257165908813, 15.073365926742554, 15.09140396118164, 15.06326699256897, 15.065513849258423, 15.094328880310059, 15.064100980758667, 15.060208797454834, 15.092324018478394, 15.070918321609497, 15.051057815551758, 15.10280966758728, 15.049239873886108, 15.0663480758667, 15.050359010696411, 15.109039783477783, 15.052858114242554, 15.070064783096313, 15.055171012878418, 15.11897087097168, 15.581653833389282, 15.267081260681152, 15.289769172668457, 15.111982107162476, 15.05093002319336, 15.06964111328125, 15.051530838012695, 15.075198888778687, 15.052809953689575, 15.117259979248047, 15.056448936462402, 15.103895902633667, 15.056369304656982, 15.072553873062134, 15.061078071594238, 15.071564197540283, 15.059238910675049, 15.066654920578003, 15.052052021026611, 15.147104978561401, 15.058562755584717, 15.076634168624878, 15.056197881698608, 15.079105138778687, 15.057525873184204, 15.068467140197754, 15.057438135147095, 15.068780899047852, 15.10421085357666, 15.059478998184204, 15.08642578125, 15.065707921981812, 15.097514152526855, 15.063699007034302, 15.060689926147461, 15.061742067337036, 15.059149026870728, 15.068022012710571, 15.120214939117432, 15.08859920501709, 15.60695195198059, 15.668319940567017, 15.077739000320435, 15.07957911491394, 15.067538976669312, 211.17372107505798, 15.043704986572266, 15.040287017822266, 678.6463072299957, 14.879848957061768, 14.841291904449463, 14.922492742538452, 14.888350248336792, 14.944684982299805, 15.270313024520874, 15.189688920974731, 15.04950499534607, 15.041043043136597, 15.04961109161377, 15.224461078643799, 15.059974908828735, 15.070101976394653, 15.105816125869751, 15.093302011489868, 15.058622360229492, 15.076925039291382, 15.058694839477539, 15.11448073387146, 15.057507991790771, 15.156163215637207, 15.118443965911865, 15.081519842147827, 15.059783220291138, 15.081876993179321, 15.058974266052246, 15.076301097869873, 15.059433937072754, 15.074727773666382, 15.06626296043396, 15.126304149627686, 15.66495680809021, 15.078934907913208, 15.112522602081299, 15.08004903793335, 15.063430070877075, 15.080228090286255, 15.064224004745483, 15.082139015197754, 15.060540914535522, 15.126568078994751, 15.284807920455933, 15.381202936172485, 15.063049077987671, 15.080759048461914, 15.061798095703125, 15.109649896621704, 15.061272859573364, 15.095012187957764, 15.063716888427734, 15.111898183822632, 15.059700965881348, 15.084980964660645, 15.12451696395874, 15.133593082427979, 15.070911884307861, 15.073413848876953, 15.06696891784668, 15.07520580291748, 15.102746963500977, 15.083103895187378, 15.107846021652222, 15.071819067001343, 15.413946151733398, 15.077693939208984, 15.066718101501465, 15.073789834976196, 15.068881034851074, 15.07166838645935, 15.066571950912476, 15.627800941467285, 15.065571069717407, 15.071608781814575, 15.098375082015991, 15.072046041488647, 15.106585264205933, 15.070154905319214, 15.066538333892822, 15.071001052856445, 15.104024887084961, 15.074750900268555, 7.295500993728638]}