{"train_loss": [1.400686311833973], "val_loss": 1.4337183091720145, "val_accuracy": 0.5949271722752386, "batch_times": [15.089015007019043, 15.098738193511963, 15.08562684059143, 15.08561897277832, 15.625650405883789, 15.082266807556152, 15.074412107467651, 15.073857069015503, 15.064318895339966, 15.066499948501587, 15.070126056671143, 15.074911117553711, 15.06517505645752, 15.066187858581543, 15.062617063522339, 15.066077947616577, 15.147811889648438, 15.073425769805908, 15.071373224258423, 15.068420886993408, 15.14088487625122, 15.067171096801758, 15.070643901824951, 15.065850973129272, 15.105962991714478, 15.06482195854187, 15.065624713897705, 15.06300401687622, 15.077810287475586, 15.076545715332031, 15.068358182907104, 15.070300102233887, 15.078827142715454, 15.081489324569702, 15.072045803070068, 15.076175212860107, 15.058391809463501, 15.123427152633667, 15.059604167938232, 15.084582805633545, 15.107176780700684, 15.075553894042969, 15.063256025314331, 15.07516598701477, 15.58392596244812, 15.07329511642456, 15.063448905944824, 15.074353218078613, 15.055426836013794, 15.111820220947266, 15.063058853149414, 15.074781894683838, 15.053372859954834, 15.116905927658081, 15.06205415725708, 15.078397274017334, 15.056704998016357, 15.150188684463501, 15.056145191192627, 15.076395988464355, 15.099749088287354, 15.11792802810669, 15.07394003868103, 15.079710960388184, 15.05901288986206, 15.12353515625, 15.066425085067749, 15.117502927780151, 15.110682010650635, 15.188186168670654, 15.057394027709961, 15.096463918685913, 15.197256088256836, 15.09157395362854, 15.16426682472229, 15.063668012619019, 15.054003953933716, 15.067023992538452, 15.136219263076782, 15.070024251937866, 15.107503890991211, 15.075106859207153, 15.101041078567505, 15.633752822875977, 15.076716184616089, 15.064754962921143, 15.113792181015015, 15.064782857894897, 15.061376094818115, 15.066877841949463, 15.101081132888794, 15.087185859680176, 15.062116861343384, 15.067224025726318, 15.111877918243408, 15.07316279411316, 15.059290885925293, 15.070667028427124, 15.100778102874756, 15.113047122955322, 15.29706883430481, 15.071143865585327, 15.119354248046875, 15.06282091140747, 15.058216094970703, 15.067765951156616, 15.094572067260742, 15.066235780715942, 15.052709817886353, 15.058619022369385, 15.052950143814087, 15.106452226638794, 15.052568197250366, 15.06662106513977, 15.080909013748169, 15.106995820999146, 15.050293922424316, 15.069382190704346, 15.051711082458496, 15.160183191299438, 15.085035800933838, 15.071705102920532, 15.052457094192505, 15.69075894355774, 15.050416231155396, 15.104066848754883, 15.056112051010132, 15.07271695137024, 15.05294394493103, 15.103949785232544, 15.048774003982544, 15.076051950454712, 15.05004596710205, 15.074524879455566, 15.051663875579834, 15.067975759506226, 15.052366971969604, 15.10551404953003, 15.051638841629028, 15.141065835952759, 15.071727991104126, 15.118727922439575, 15.049562931060791, 15.077186107635498, 15.050058126449585, 15.105016946792603, 15.051369905471802, 15.071182012557983, 15.050595045089722, 15.063055038452148, 15.083736896514893, 15.05938196182251, 15.058686017990112, 15.067656993865967, 15.095385074615479, 15.064218759536743, 15.05693793296814, 15.067147970199585, 15.055947065353394, 15.081154108047485, 15.11507511138916, 15.065335750579834, 15.093372106552124, 15.610500812530518, 15.062031984329224, 15.076618909835815, 15.09598994255066, 15.116446018218994, 15.424428224563599, 15.362366199493408, 15.097043991088867, 15.068598985671997, 15.054101705551147, 15.068834066390991, 15.053966999053955, 15.058388948440552, 15.051861047744751, 15.064535140991211, 15.09911584854126, 15.109895944595337, 15.112687110900879, 15.063522100448608, 15.087220907211304, 15.077608823776245, 15.068203926086426, 15.059172868728638, 15.098227977752686, 15.067522048950195, 15.04993987083435, 15.08052396774292, 15.052964210510254, 15.100404977798462, 15.050783157348633, 15.076873064041138, 15.047945022583008, 15.120486974716187, 15.049530267715454, 15.071689128875732, 15.050345182418823, 15.154699802398682, 15.062856197357178, 15.124127864837646, 15.0801100730896, 15.618440866470337, 15.06624984741211, 15.101704120635986, 15.066115856170654, 15.059147119522095, 15.074894189834595, 15.09653091430664, 15.069833993911743, 15.054841756820679, 15.058600187301636, 15.092264175415039, 15.072346925735474, 15.056321144104004, 15.067289113998413, 15.09548807144165, 15.065562725067139, 15.097195863723755, 15.065959930419922, 15.148935079574585, 15.228816986083984, 15.05763292312622, 15.062816858291626, 15.09453797340393, 15.064318895339966, 15.061024188995361, 15.072273969650269, 15.051369905471802, 15.108145952224731, 15.052085161209106, 15.067125082015991, 15.048707008361816, 15.117529153823853, 15.048094987869263, 15.070650815963745, 15.052453994750977, 15.10753607749939, 15.096089839935303, 15.066739082336426, 15.06373906135559, 15.69914698600769, 15.053457975387573, 15.082512855529785, 15.050724267959595, 15.109683990478516, 15.050073146820068, 15.075151920318604, 15.049405336380005, 15.106654167175293, 15.045912981033325, 15.070693731307983, 15.046267986297607, 15.11995792388916, 15.051753282546997, 15.075263023376465, 15.04778504371643, 15.113110065460205, 15.087162017822266, 15.070795774459839, 15.051237106323242, 15.112473964691162, 15.0590341091156, 15.065220832824707, 15.091973781585693, 15.062391996383667, 15.054406881332397, 15.062466144561768, 15.10109806060791, 15.0663161277771, 15.053788900375366, 15.067240238189697, 15.089930772781372, 15.06678819656372, 15.056610107421875, 15.061007976531982, 15.058275938034058, 15.060942888259888, 15.145156860351562, 15.081655025482178, 15.056843996047974, 15.600913047790527, 15.100116968154907, 15.068909883499146, 15.092278003692627, 15.063968181610107, 15.05535101890564, 15.063775062561035, 15.095999956130981, 15.062819957733154, 15.053565979003906, 15.065923929214478, 15.055176734924316, 15.065973997116089, 15.055968046188354, 15.066058158874512, 15.057461977005005, 15.087204933166504, 15.068483114242554, 15.071402072906494, 15.052278995513916, 15.072962999343872, 15.056126117706299, 15.11548900604248, 15.0623779296875, 15.1151123046875, 15.049124956130981, 15.071439981460571, 15.051223993301392, 15.13113808631897, 15.05025577545166, 15.080147981643677, 15.04634690284729, 15.109287023544312, 15.048011064529419, 15.073447942733765, 15.050461053848267, 15.13440990447998, 15.06411099433899, 15.063421964645386, 15.050236940383911, 15.690939903259277, 15.049843788146973, 15.119189977645874, 15.048944234848022, 7.29133415222168]}