{"train_loss": [2.9357705690663103], "val_loss": 2.488924163920468, "val_accuracy": 0.3119035660472125, "batch_times": [14.85883903503418, 15.293013095855713, 18.889365911483765, 19.72834300994873, 20.2264461517334, 20.325868844985962, 20.374958992004395, 19.502276182174683, 19.59975790977478, 19.79376983642578, 20.534778833389282, 19.757429122924805, 21.296345949172974, 19.937469005584717, 19.86110210418701, 19.97977876663208, 18.64332675933838, 15.401324987411499, 15.282469034194946, 15.07576298713684, 15.072396993637085, 15.069818019866943, 15.06640100479126, 15.253234148025513, 15.082048892974854, 15.074007034301758, 15.104866981506348, 15.100581169128418, 15.065696001052856, 15.076379776000977, 15.071102857589722, 15.07719111442566, 15.064219236373901, 15.079169750213623, 15.17873501777649, 15.075736045837402, 15.068926334381104, 15.073082208633423, 15.161849021911621, 15.076706886291504, 15.065001964569092, 15.07297396659851, 15.066098928451538, 15.079132795333862, 15.058683156967163, 15.062585830688477, 15.083384990692139, 15.071041107177734, 15.602699995040894, 15.071138858795166, 15.071882963180542, 15.071110010147095, 15.259812831878662, 15.073269844055176, 15.254777193069458, 15.075263977050781, 15.171935081481934, 15.098953008651733, 15.060467004776001, 15.070505857467651, 15.061352968215942, 15.073770523071289, 15.06372618675232, 15.087803840637207, 15.055215120315552, 15.094829797744751, 15.058825969696045, 15.074970245361328, 15.061405897140503, 15.071654796600342, 15.051119804382324, 15.067946910858154, 15.052611112594604, 15.073568105697632, 15.121777057647705, 15.306622982025146, 15.053538084030151, 1016.6968410015106, 2965.6863539218903, 1450.2108161449432, 1207.0953288078308, 2956.926143884659, 199.81526398658752, 15.086596012115479, 14.878670692443848, 14.86664891242981, 14.889030933380127, 15.47501015663147, 14.92797589302063, 14.896504878997803, 14.94773817062378, 15.05224084854126, 14.9387047290802, 14.915760278701782, 14.935103178024292, 14.90625, 14.972805261611938, 14.9356849193573, 15.02512788772583, 14.931297063827515, 14.97896695137024, 14.871271848678589, 14.933686971664429, 14.96149492263794, 15.074726819992065, 14.997807741165161, 14.959149837493896, 14.915305852890015, 15.01149320602417, 14.92871379852295, 14.984854936599731, 14.973408937454224, 15.007363080978394, 14.987422227859497, 15.023991823196411, 15.029881000518799, 15.01103687286377, 15.000128030776978, 14.979888677597046, 15.048306941986084, 15.06837797164917, 14.999853134155273, 14.99779486656189, 14.992830038070679, 15.069437265396118, 15.017184972763062, 15.037228107452393, 15.572656869888306, 15.066588163375854, 15.023761987686157, 15.032283782958984, 15.03731918334961, 15.023278713226318, 15.038267850875854, 15.03658413887024, 15.015084743499756, 15.039737939834595, 15.036754131317139, 15.02846884727478, 15.140522003173828, 15.050181150436401, 15.036041975021362, 15.041370868682861, 15.047107934951782, 15.145568132400513, 15.123151063919067, 1354.9349188804626, 2602.9705290794373, 1953.6746847629547, 737.1734778881073, 1168.6989550590515, 1169.6761920452118, 14.985851764678955, 218.90690088272095, 15.34060001373291, 15.132622241973877, 14.855179071426392, 14.872767925262451, 14.853408098220825, 14.86902117729187, 14.936424970626831, 14.914951801300049, 14.886977910995483, 14.864817142486572, 14.918492794036865, 14.933523893356323, 14.91840672492981, 15.519996881484985, 14.914808750152588, 14.873428106307983, 14.910444021224976, 14.950074195861816, 14.944169282913208, 14.878764152526855, 14.95940089225769, 14.943022012710571, 14.96068000793457, 14.930394887924194, 14.96076488494873, 14.920069217681885, 14.918914794921875, 14.973496198654175, 14.992557048797607, 14.955292224884033, 14.958584785461426, 14.9356529712677, 14.97842526435852, 14.917356014251709, 14.973184823989868, 14.98458194732666, 15.005059719085693, 15.014060020446777, 15.009159088134766, 14.980746984481812, 15.03682017326355, 14.998709201812744, 15.009037017822266, 14.97399616241455, 14.953824996948242, 14.964418888092041, 15.006817102432251, 15.026696920394897, 14.965177059173584, 14.940608024597168, 15.020478248596191, 15.00625205039978, 15.038153886795044, 15.4982271194458, 14.995563745498657, 15.006377935409546, 14.983892917633057, 14.981162071228027, 14.994125127792358, 14.993757009506226, 14.9915030002594, 15.11802864074707, 3045.9243602752686, 2928.8069081306458, 2442.6776666641235, 2986.016294002533, 2980.0121581554413, 3216.3459095954895, 3049.374995946884, 2939.8160870075226, 2883.4981348514557, 699.772782087326, 2500.056230068207, 16.186939001083374, 15.394140005111694, 14.849550008773804, 14.982381105422974, 14.930861711502075, 14.917153120040894, 14.888337850570679, 14.89571213722229, 15.073647022247314, 14.898661136627197, 14.940557718276978, 14.944452285766602, 14.895864009857178, 14.914278030395508, 14.997371196746826, 14.903973817825317, 14.920683860778809, 14.958012819290161, 14.894312143325806, 15.46046495437622, 15.074492931365967, 15.056113243103027, 18.40134310722351, 1072.0513038635254, 1089.960247039795, 956.8559260368347, 2872.9375207424164, 2190.50129365921, 2120.836403131485, 2615.5900399684906, 2447.899817943573, 794.2020840644836, 1411.9583191871643, 1616.657407283783, 1706.6503808498383, 1553.7284379005432, 1974.9215857982635, 2156.092387199402, 1128.6553008556366, 2533.67675113678, 2624.50040602684, 1075.297956943512, 1406.8987121582031, 14.99219012260437, 14.964339017868042, 14.817353010177612, 14.84119200706482, 14.974062204360962, 14.94117784500122, 14.9303138256073, 14.92743706703186, 15.047805786132812, 14.943601846694946, 14.918147087097168, 14.956096887588501, 14.953068971633911, 14.934406757354736, 15.513382911682129, 14.982771873474121, 14.928437948226929, 14.946916818618774, 14.964171886444092, 14.989621877670288, 15.078983783721924, 14.98483395576477, 14.975429058074951, 14.984713077545166, 15.019588947296143, 15.23883605003357, 16.928352117538452, 15.51333498954773, 15.113732814788818, 15.138009071350098, 15.260258913040161, 15.285303115844727, 15.262144088745117, 15.467594146728516, 15.089446306228638, 15.087008953094482, 15.596743822097778, 15.063857078552246, 15.082787036895752, 15.061570644378662, 15.144969940185547, 15.057246923446655, 15.098727941513062, 15.079992055892944, 15.248093843460083, 15.116833925247192, 15.071683168411255, 15.058842897415161, 15.069563150405884, 15.047759056091309, 15.063753843307495, 15.120937824249268, 15.065941095352173, 15.629117965698242, 15.062334060668945, 15.093587875366211, 7.286721229553223]}