{"train_loss": [1.3234823025126643], "val_loss": 1.3747996261643622, "val_accuracy": 0.6062280261175289, "batch_times": [15.03253722190857, 15.532524824142456, 14.945826053619385, 14.917347192764282, 14.936347961425781, 14.931122779846191, 14.995198965072632, 15.014014959335327, 15.01239275932312, 15.016288042068481, 15.029577016830444, 15.026148796081543, 15.08769702911377, 15.047313213348389, 15.07595705986023, 15.05979609489441, 15.074667692184448, 15.054354190826416, 15.118782043457031, 15.130194902420044, 15.13940691947937, 15.066170930862427, 15.081449031829834, 15.063345193862915, 15.076774835586548, 15.06167197227478, 15.079298734664917, 15.060017347335815, 15.074406147003174, 15.068429946899414, 15.076194047927856, 15.120569944381714, 15.107299089431763, 15.067376852035522, 15.093778133392334, 15.070363283157349, 15.073880195617676, 15.104112148284912, 15.074863910675049, 15.111139059066772, 15.07767105102539, 15.610782146453857, 15.076242923736572, 15.070068120956421, 15.077965021133423, 15.068859100341797, 15.072708129882812, 15.071346044540405, 15.07742190361023, 15.070717096328735, 15.07442307472229, 15.067889928817749, 15.119611263275146, 15.073626279830933, 15.082613945007324, 15.06995415687561, 15.074875116348267, 15.069566011428833, 15.079568862915039, 15.115937948226929, 15.080322027206421, 15.071239948272705, 15.076240062713623, 15.07115387916565, 15.078356981277466, 15.073878049850464, 15.082743644714355, 15.063287019729614, 15.085111141204834, 15.067759990692139, 15.0795738697052, 15.077590703964233, 15.398691177368164, 15.06496810913086, 15.09426999092102, 15.067438125610352, 15.081001996994019, 15.071359157562256, 15.08394980430603, 15.06612515449524, 15.122529983520508, 15.59367299079895, 15.082634925842285, 15.065117359161377, 15.08182406425476, 15.064197778701782, 15.08195686340332, 15.069431066513062, 15.081559896469116, 15.066389799118042, 15.083338022232056, 15.06730031967163, 15.12064790725708, 15.077382802963257, 15.092666864395142, 15.080624103546143, 15.082303047180176, 15.062649965286255, 15.078936100006104, 15.066195964813232, 15.11680269241333, 15.063613176345825, 15.078580856323242, 15.064698696136475, 15.077656984329224, 15.071109056472778, 15.069475650787354, 15.065319061279297, 15.072791814804077, 15.069200992584229, 15.075475931167603, 15.086539030075073, 15.093614101409912, 15.062671899795532, 15.079511165618896, 15.072198867797852, 15.07388424873352, 15.064178228378296, 15.077005863189697, 15.068952083587646, 15.068087100982666, 15.656504154205322, 15.075071096420288, 15.077872037887573, 15.063195943832397, 15.077385902404785, 15.061675071716309, 15.078145980834961, 15.059947967529297, 15.078616857528687, 15.060969114303589, 15.107733964920044, 15.062023878097534, 15.086858987808228, 15.06372880935669, 15.082381248474121, 15.060994148254395, 15.085554122924805, 15.082261085510254, 15.094751119613647, 15.068737030029297, 15.130579948425293, 15.073777914047241, 15.072327136993408, 15.0648512840271, 15.07391095161438, 15.064478158950806, 15.070849895477295, 15.069944143295288, 15.074326992034912, 15.067154884338379, 15.110663890838623, 15.068125247955322, 15.074194192886353, 15.066789865493774, 15.07538104057312, 15.074572086334229, 15.077109098434448, 15.067489862442017, 15.073438167572021, 15.582086086273193, 15.07440185546875, 15.11213493347168, 15.076016187667847, 15.107095003128052, 15.081706285476685, 15.076704025268555, 15.079096794128418, 15.069776058197021, 15.073983907699585, 15.066235065460205, 15.10123896598816, 15.071672677993774, 15.07547378540039, 15.066833972930908, 15.075058937072754, 15.064685821533203, 15.072942018508911, 15.069101095199585, 15.07413387298584, 15.065407991409302, 15.081338167190552, 15.060434103012085, 15.1302969455719, 15.058393001556396, 15.07654595375061, 15.059639692306519, 15.077422142028809, 15.067214012145996, 15.077999114990234, 15.060569047927856, 15.11240291595459, 15.060700178146362, 15.085742950439453, 15.06205701828003, 15.073637247085571, 15.065274953842163, 15.074981927871704, 15.063207864761353, 15.077578067779541, 15.604475259780884, 15.078814029693604, 15.060784101486206, 15.129539728164673, 15.061979055404663, 15.08344578742981, 15.061606884002686, 15.083272218704224, 15.061350107192993, 15.075668096542358, 15.062552690505981, 15.119304895401001, 15.05761194229126, 15.09250283241272, 15.062022924423218, 15.078155040740967, 15.076546907424927, 15.072659969329834, 15.071201086044312, 15.07350206375122, 15.06689715385437, 15.073487997055054, 15.065816879272461, 15.073750019073486, 15.09856390953064, 15.072271823883057, 15.064290761947632, 15.06856393814087, 15.074321031570435, 15.070798873901367, 15.069365978240967, 15.101430892944336, 15.068802833557129, 15.0712730884552, 15.069175004959106, 15.073070049285889, 15.06801176071167, 15.072750091552734, 15.077350854873657, 15.081713914871216, 15.645201206207275, 15.13139796257019, 15.069049835205078, 15.070789098739624, 15.110692977905273, 15.072687149047852, 15.074776649475098, 947.5925579071045, 14.967319011688232, 14.930790901184082, 14.905823945999146, 14.90349006652832, 14.964730739593506, 14.96948504447937, 14.961179971694946, 14.995741844177246, 14.989320039749146, 15.020912170410156, 15.018745183944702, 14.992282152175903, 15.02953028678894, 15.049737930297852, 15.02396297454834, 15.04291296005249, 15.089684963226318, 15.061517000198364, 15.050288677215576, 15.06746220588684, 15.084240913391113, 15.114602088928223, 15.052381992340088, 15.075982093811035, 15.053244829177856, 15.078500747680664, 15.063603401184082, 15.07019305229187, 15.054908037185669, 15.080047845840454, 15.064687252044678, 15.07908296585083, 15.601375102996826, 15.082719802856445, 15.063134908676147, 15.07302713394165, 15.05793309211731, 15.070884227752686, 15.067118883132935, 15.074639081954956, 15.075709819793701, 15.124598026275635, 15.075663805007935, 15.073034048080444, 15.065765857696533, 15.077057838439941, 15.068294763565063, 15.067656993865967, 15.065901041030884, 15.07518219947815, 15.068448066711426, 15.071908235549927, 15.061853885650635, 15.069608926773071, 15.063102960586548, 15.069315910339355, 15.062718868255615, 15.069578886032104, 15.066963911056519, 15.072182178497314, 15.098443984985352, 15.073145866394043, 15.129941940307617, 15.076922178268433, 15.067880153656006, 15.064567804336548, 15.066056966781616, 15.06938123703003, 15.062870025634766, 15.070907831192017, 15.069177865982056, 15.145900249481201, 15.635448217391968, 15.070363998413086, 15.071170806884766, 15.071146965026855, 15.069836139678955, 15.08697509765625, 7.295729160308838]}