{"train_loss": [1.4224401952792927], "val_loss": 1.450834404839321, "val_accuracy": 0.593169261677549, "batch_times": [15.056457996368408, 15.046408891677856, 15.088791131973267, 15.057796239852905, 15.053488969802856, 15.116921186447144, 15.106184959411621, 15.072561264038086, 15.114374876022339, 15.073092699050903, 15.102422952651978, 15.07106900215149, 15.059101819992065, 15.06810975074768, 15.10890007019043, 15.07186508178711, 15.06174898147583, 15.072104930877686, 15.066246271133423, 15.083328008651733, 15.063448905944824, 15.073445081710815, 15.10861873626709, 15.067959070205688, 15.063770055770874, 15.105301856994629, 15.108445882797241, 15.071560382843018, 15.690811157226562, 15.07218313217163, 15.06452488899231, 15.073409080505371, 15.063734769821167, 15.068166255950928, 15.067237854003906, 15.072282075881958, 15.062520027160645, 15.087313890457153, 15.059341192245483, 15.081024885177612, 15.05650281906128, 15.07699728012085, 15.057509899139404, 15.083080053329468, 15.054902076721191, 15.111623048782349, 15.059160947799683, 15.119642734527588, 15.059705018997192, 15.124243974685669, 15.058785676956177, 15.117812871932983, 15.0610191822052, 15.078326940536499, 15.054814338684082, 15.125043153762817, 15.056013107299805, 15.075803995132446, 15.058225154876709, 15.121004819869995, 15.05521821975708, 15.075524091720581, 15.05725908279419, 15.100571870803833, 15.087760925292969, 15.087202072143555, 15.074944019317627, 15.104538917541504, 15.639050960540771, 15.1128408908844, 15.102608919143677, 15.126309871673584, 15.06726598739624, 15.057031869888306, 15.078516960144043, 15.05497694015503, 15.113420963287354, 15.056429147720337, 15.079713106155396, 15.056719779968262, 15.128032922744751, 15.055722951889038, 15.079272985458374, 15.055536985397339, 15.155250072479248, 15.055882215499878, 15.08069396018982, 15.05704927444458, 15.117908000946045, 15.057270765304565, 15.121119260787964, 15.05463719367981, 15.118474006652832, 15.056196928024292, 15.080501079559326, 15.055677890777588, 15.121912240982056, 15.056579828262329, 15.0799880027771, 15.054471969604492, 15.0851571559906, 15.056723833084106, 15.082218885421753, 15.05638599395752, 15.151283264160156, 15.059444904327393, 15.075951099395752, 15.058042764663696, 15.662771940231323, 15.054506063461304, 15.113612174987793, 15.065597772598267, 15.066890001296997, 15.106987953186035, 15.073111057281494, 15.063089847564697, 15.070490837097168, 15.062042236328125, 15.07197904586792, 15.105278968811035, 15.067150115966797, 15.060049772262573, 15.067133903503418, 15.103419065475464, 15.102005004882812, 15.064980268478394, 15.08978819847107, 15.103979110717773, 15.249039888381958, 15.06198501586914, 15.069464921951294, 15.160297870635986, 15.07141399383545, 15.062628269195557, 15.0712149143219, 15.103477954864502, 15.072675228118896, 15.067121028900146, 15.073944091796875, 15.098847389221191, 15.071230173110962, 15.071658849716187, 15.064634799957275, 15.096476078033447, 15.102343082427979, 15.063262939453125, 15.076578140258789, 15.653851985931396, 15.064878940582275, 15.0509512424469, 15.06931209564209, 15.049762964248657, 15.151918172836304, 15.052288055419922, 15.070320844650269, 15.052386045455933, 15.116930723190308, 15.096570014953613, 15.070812940597534, 15.050875902175903, 15.106245040893555, 15.051141738891602, 15.074795961380005, 15.04911184310913, 15.163123846054077, 15.051697015762329, 15.073548078536987, 15.051945924758911, 15.072293043136597, 15.049840211868286, 15.077369928359985, 15.050679922103882, 15.101083040237427, 15.048336267471313, 15.0697181224823, 15.048376083374023, 15.071794986724854, 15.048257112503052, 15.071237802505493, 15.052997827529907, 15.078021049499512, 15.049376726150513, 15.073060035705566, 15.050397872924805, 15.158712148666382, 15.052104949951172, 15.067885160446167, 15.624266386032104, 15.061259031295776, 15.092184066772461, 15.060719966888428, 15.055125951766968, 15.064512968063354, 15.149992942810059, 15.070129871368408, 15.056828260421753, 15.061025142669678, 15.056014060974121, 15.060951232910156, 15.091137886047363, 15.066244125366211, 15.063423871994019, 15.072594165802002, 15.057875871658325, 15.096407651901245, 15.058312892913818, 15.066164255142212, 15.057467222213745, 15.065112829208374, 15.060744762420654, 15.060238122940063, 15.087952136993408, 15.06069803237915, 15.097224950790405, 15.066332817077637, 15.157582998275757, 15.067692041397095, 15.06371259689331, 15.059777021408081, 15.096436023712158, 15.069159984588623, 15.054759740829468, 15.064471006393433, 15.06938910484314, 15.090094804763794, 15.052702903747559, 15.077627897262573, 15.617918968200684, 15.073971033096313, 15.05176305770874, 15.105891704559326, 15.04406189918518, 15.065256118774414, 15.050999164581299, 15.151760816574097, 15.050456047058105, 15.072208166122437, 15.055337905883789, 15.073189735412598, 15.052281856536865, 15.067031145095825, 15.055095911026001, 15.065238952636719, 15.088287830352783, 15.073593854904175, 15.05484914779663, 15.12095308303833, 15.060845613479614, 15.07228422164917, 15.05473804473877, 15.105052709579468, 15.054327726364136, 15.06661605834961, 15.052000045776367, 15.102810859680176, 15.048209190368652, 15.066437244415283, 15.04893183708191, 15.111651182174683, 15.050525903701782, 15.062756776809692, 15.098819017410278, 15.072027921676636, 15.141799926757812, 15.062480211257935, 15.065824031829834, 15.068408250808716, 15.668530941009521, 15.061903238296509, 15.059190034866333, 15.058225154876709, 15.084035158157349, 15.062114000320435, 15.05889892578125, 15.076671838760376, 15.137589931488037, 15.061606884002686, 15.060750007629395, 15.06184697151184, 15.093793630599976, 15.063662052154541, 15.053343057632446, 15.056839942932129, 15.129471063613892, 15.060243129730225, 15.06316089630127, 15.063536167144775, 15.094444036483765, 15.061096906661987, 15.066019058227539, 15.065844058990479, 15.08971905708313, 15.067603349685669, 15.058653831481934, 15.058093786239624, 15.135977029800415, 15.056565046310425, 15.054102897644043, 15.101269006729126, 15.050496101379395, 15.076089859008789, 15.047720909118652, 15.073947191238403, 15.079494953155518, 15.071892023086548, 15.055881023406982, 15.648221969604492, 15.047866106033325, 15.070329904556274, 15.05656909942627, 15.10553503036499, 15.04912805557251, 15.070381164550781, 15.05122709274292, 15.111746072769165, 15.048831224441528, 15.11525821685791, 15.053349018096924, 15.069849014282227, 15.047630786895752, 15.070962905883789, 15.046351194381714, 15.110143899917603, 15.10057806968689, 15.071722030639648, 15.057507991790771, 7.306643962860107]}