{"train_loss": [2.325870760503097], "val_loss": 2.1834337226110416, "val_accuracy": 0.3784530386740331, "batch_times": [15.298139095306396, 15.537791013717651, 15.437548160552979, 15.39604926109314, 15.837063074111938, 15.278146028518677, 15.144182920455933, 15.124924898147583, 15.112429141998291, 15.18407416343689, 15.20325779914856, 15.270256280899048, 15.537901878356934, 15.34459400177002, 15.211793184280396, 15.50270390510559, 15.26408076286316, 15.218495845794678, 15.123331069946289, 15.90555191040039, 15.24799394607544, 16.58884906768799, 15.39950704574585, 15.60346508026123, 15.284151792526245, 15.182406187057495, 15.198296785354614, 15.100099086761475, 15.313880920410156, 16.20525312423706, 15.136377811431885, 15.78700590133667, 15.14776086807251, 15.067241907119751, 15.361436128616333, 15.107057094573975, 15.11416482925415, 15.092811822891235, 15.06599497795105, 15.06668210029602, 16.644936323165894, 15.03136396408081, 15.093438863754272, 368.4339783191681, 15.052376985549927, 14.91264796257019, 94.6858160495758, 15.091712951660156, 14.981841325759888, 913.053915977478, 15.193764925003052, 15.190378904342651, 15.236515760421753, 912.2101287841797, 15.038473844528198, 16.453892707824707, 15.678621768951416, 15.394693851470947, 16.144437074661255, 15.296207904815674, 15.06606411933899, 15.024564027786255, 15.019736051559448, 15.002568244934082, 912.6723289489746, 15.000816822052002, 14.930102109909058, 14.953843355178833, 14.903313159942627, 949.5499200820923, 14.960530996322632, 15.047755002975464, 14.849561929702759, 14.843073844909668, 14.956267595291138, 14.878952026367188, 14.884401321411133, 14.901648759841919, 14.959853172302246, 14.909607887268066, 15.037319898605347, 15.018408060073853, 14.93593692779541, 15.058608770370483, 14.995940923690796, 14.990446090698242, 15.001589059829712, 15.023186922073364, 14.993062973022461, 14.989188194274902, 15.006473064422607, 15.063584804534912, 15.040719032287598, 15.090435028076172, 15.022981882095337, 992.6978740692139, 14.848894119262695, 14.878301858901978, 945.4598479270935, 14.986235857009888, 15.027338981628418, 14.875331163406372, 14.842000246047974, 14.987659931182861, 14.948863983154297, 14.944117784500122, 14.926603078842163, 14.939533948898315, 14.922025918960571, 14.9286630153656, 14.934396028518677, 14.945229768753052, 14.908706903457642, 14.94387674331665, 14.955497980117798, 14.935495138168335, 14.994465112686157, 15.00761604309082, 146.894864320755, 14.991665124893188, 14.8942289352417, 14.915642976760864, 161.90031504631042, 14.811628103256226, 14.940690040588379, 14.849867105484009, 14.907771825790405, 15.236625909805298, 14.913724899291992, 14.899902105331421, 14.976093053817749, 14.988377094268799, 14.965323209762573, 14.915047883987427, 15.025666236877441, 14.955491781234741, 14.997429132461548, 14.987747192382812, 15.548803091049194, 14.999441146850586, 15.034556150436401, 15.00827169418335, 15.025292873382568, 15.025976657867432, 15.025639772415161, 15.03078007698059, 15.046084880828857, 15.088814973831177, 15.036610841751099, 15.034977912902832, 15.043834924697876, 15.07692265510559, 15.043828964233398, 15.075731992721558, 15.045596837997437, 15.033500909805298, 15.065176963806152, 15.061882019042969, 15.037645101547241, 15.037980794906616, 15.046056985855103, 15.073417901992798, 15.040338277816772, 15.032577991485596, 15.04081392288208, 15.07937479019165, 15.047725915908813, 15.083630084991455, 15.05140995979309, 15.043869972229004, 15.04544997215271, 15.13773512840271, 15.045683145523071, 15.035750150680542, 15.040307998657227, 15.030083179473877, 15.043901920318604, 15.031574010848999, 15.595283031463623, 15.032044887542725, 15.05220913887024, 15.035817861557007, 15.050909996032715, 15.035314321517944, 15.084709882736206, 15.035581111907959, 15.064517974853516, 15.051969051361084, 15.049793243408203, 15.03824782371521, 15.085115909576416, 15.034131288528442, 15.120665073394775, 15.06080675125122, 15.0828378200531, 15.036701917648315, 15.052574872970581, 15.035628080368042, 15.054557800292969, 15.029453992843628, 15.089453220367432, 15.036864042282104, 15.052823066711426, 15.037851095199585, 15.046979904174805, 15.03713607788086, 15.095527172088623, 15.053643941879272, 15.05102014541626, 15.042793989181519, 15.076874017715454, 15.056756973266602, 15.068217754364014, 15.10977816581726, 15.054197072982788, 15.045180082321167, 15.058208703994751, 15.120282173156738, 15.591366052627563, 15.087545156478882, 15.050734043121338, 15.044562101364136, 15.046787023544312, 15.040341138839722, 15.046255111694336, 15.073814868927002, 15.082865953445435, 15.042773008346558, 15.04928207397461, 15.045429944992065, 15.05029010772705, 15.077657222747803, 15.045078992843628, 15.084436893463135, 15.048488140106201, 15.040305137634277, 15.047693729400635, 15.072794914245605, 15.040274858474731, 15.394443035125732, 15.057767152786255, 15.051748991012573, 15.05351710319519, 15.080381393432617, 15.049844980239868, 15.043684959411621, 15.090113162994385, 15.044029951095581, 15.048094034194946, 15.038879156112671, 15.093361854553223, 15.034611940383911, 15.05188512802124, 15.046796083450317, 15.127422094345093, 15.03771710395813, 15.057321071624756, 15.03983998298645, 15.546410083770752, 15.039311170578003, 15.0569007396698, 15.040975093841553, 15.051127672195435, 15.034239053726196, 15.055307149887085, 15.044507265090942, 15.118770837783813, 15.042877912521362, 15.055814266204834, 15.040117025375366, 15.051591873168945, 15.047770977020264, 15.05130910873413, 15.035110712051392, 15.092452049255371, 15.081788301467896, 15.085703134536743, 15.045651912689209, 15.060364961624146, 15.038600206375122, 15.053738832473755, 15.04308295249939, 15.078160047531128, 15.0953209400177, 15.047224044799805, 15.045538902282715, 15.08687424659729, 15.05532693862915, 15.046795129776001, 15.043298721313477, 15.044903039932251, 15.043420791625977, 15.049247980117798, 15.079783916473389, 15.045693159103394, 15.08572793006897, 15.059853076934814, 15.07787299156189, 15.591552019119263, 15.055861949920654, 15.031898021697998, 15.079837322235107, 15.030948162078857, 15.052308082580566, 15.039453983306885, 15.092864990234375, 15.069222927093506, 15.050209999084473, 15.042281150817871, 15.293906211853027, 15.967213153839111, 15.855315923690796, 16.617334604263306, 15.269540071487427, 15.066478729248047, 15.107186079025269, 15.042311906814575, 15.085390090942383, 15.04046106338501, 15.059473991394043, 15.040710926055908, 15.057884216308594, 15.034382104873657, 15.05840516090393, 15.036089897155762, 15.040527820587158, 7.328155279159546]}