{"train_loss": [1.508985736728503], "val_loss": 1.52049788572542, "val_accuracy": 0.5788548468106479, "batch_times": [15.117553949356079, 15.191627025604248, 15.067527294158936, 15.0656156539917, 15.094527959823608, 15.060688018798828, 15.054748058319092, 15.06164288520813, 15.05359697341919, 15.062757730484009, 15.052201986312866, 15.05502986907959, 15.148367881774902, 15.060909032821655, 15.055483102798462, 15.06469202041626, 15.089063882827759, 15.063594102859497, 15.053631067276001, 15.058078050613403, 15.12210988998413, 15.081180810928345, 15.627601146697998, 15.063843011856079, 15.057578086853027, 15.058259963989258, 15.053976058959961, 15.059857845306396, 15.059332847595215, 15.06110692024231, 15.044551849365234, 15.06315803527832, 15.051023006439209, 15.142839193344116, 15.046801090240479, 15.06983494758606, 15.046567916870117, 15.104549169540405, 15.048321962356567, 15.065306901931763, 15.088571786880493, 15.097787857055664, 15.049130916595459, 15.064433097839355, 15.050680160522461, 15.061897039413452, 15.047385931015015, 15.071815252304077, 15.04922604560852, 15.104897737503052, 15.048367261886597, 15.081231832504272, 15.05178189277649, 15.142421007156372, 15.044249057769775, 15.065017938613892, 15.047231912612915, 15.099504947662354, 15.033634662628174, 15.050230026245117, 15.092135906219482, 15.544275999069214, 15.609679222106934, 15.078841924667358, 15.050840139389038, 15.06519603729248, 15.048377990722656, 15.064663171768188, 15.054639101028442, 15.05582070350647, 15.051628112792969, 15.058654069900513, 15.094672918319702, 15.06969404220581, 15.091687202453613, 15.060617923736572, 15.05582308769226, 15.057111024856567, 15.064876079559326, 15.063965082168579, 15.1250638961792, 15.054333925247192, 15.050835132598877, 15.075364112854004, 15.060338020324707, 15.060179948806763, 15.056898832321167, 15.068705081939697, 15.05731201171875, 15.059482097625732, 15.054276704788208, 15.061375141143799, 15.093235969543457, 15.063788175582886, 15.08402419090271, 15.056914806365967, 15.094205856323242, 15.054987907409668, 15.053944826126099, 15.056555986404419, 15.133424997329712, 15.61129117012024, 15.052451848983765, 15.062947034835815, 15.048059701919556, 15.105226039886475, 15.04260516166687, 15.05457615852356, 15.048352003097534, 15.079461812973022, 15.045723915100098, 15.06521487236023, 15.051203966140747, 15.112837791442871, 15.053348064422607, 15.162598133087158, 15.049722671508789, 15.070226907730103, 15.046813249588013, 15.066894054412842, 15.087021112442017, 15.068367719650269, 15.05125093460083, 15.066256999969482, 15.056153059005737, 15.117531061172485, 15.051771879196167, 15.077477216720581, 15.055773973464966, 15.108301877975464, 15.047651052474976, 15.069749116897583, 15.04827880859375, 15.119348049163818, 15.05978798866272, 15.108736991882324, 15.051039218902588, 15.105240821838379, 15.047002077102661, 15.067330837249756, 15.082517862319946, 15.609148263931274, 15.095829010009766, 15.05820918083191, 15.055139064788818, 15.060094118118286, 15.09450888633728, 15.061172246932983, 15.05292534828186, 15.058727264404297, 15.053339958190918, 15.057920932769775, 15.052905082702637, 15.059003829956055, 15.095141887664795, 15.056691884994507, 15.09548807144165, 15.0574369430542, 15.05120301246643, 15.081470966339111, 15.123557806015015, 15.064780235290527, 15.064488887786865, 15.060779094696045, 15.090684175491333, 15.064599990844727, 15.055261850357056, 15.060066938400269, 15.052795886993408, 15.063400983810425, 15.050791025161743, 15.069567918777466, 15.088698863983154, 15.06031584739685, 15.053059101104736, 15.060516119003296, 15.12641191482544, 15.068838834762573, 15.046380996704102, 15.109789848327637, 15.062777042388916, 15.658186912536621, 15.044472217559814, 15.06818413734436, 15.09461784362793, 15.106977224349976, 15.049208879470825, 15.0639009475708, 15.048418045043945, 15.10204267501831, 15.047548770904541, 15.063409805297852, 15.050337076187134, 15.10230803489685, 15.059934139251709, 15.070206880569458, 15.04738712310791, 15.13985013961792, 15.04970407485962, 15.112729787826538, 15.065737962722778, 15.07560110092163, 15.051244974136353, 15.069079160690308, 15.049726963043213, 15.069057941436768, 15.045792818069458, 15.066570043563843, 15.048869848251343, 15.06435513496399, 15.04951286315918, 15.099759817123413, 15.055049896240234, 15.110599756240845, 15.046394109725952, 15.058295965194702, 15.053944110870361, 15.054834842681885, 15.13551378250122, 15.116693019866943, 15.070952892303467, 15.630929231643677, 15.092790126800537, 15.064036130905151, 15.050437211990356, 15.060296297073364, 15.092872142791748, 15.060704946517944, 15.051986932754517, 15.059790849685669, 15.052475929260254, 15.057474136352539, 15.051851034164429, 15.06051516532898, 15.05485200881958, 15.055059909820557, 15.052068710327148, 15.057934284210205, 15.098851919174194, 15.095603942871094, 15.054368019104004, 15.060818910598755, 15.055622816085815, 15.063907146453857, 15.049732208251953, 15.062196969985962, 15.057163953781128, 15.063494205474854, 15.050625085830688, 15.064095973968506, 15.08374810218811, 15.060396194458008, 15.051116943359375, 15.069904088973999, 15.047559022903442, 15.07730484008789, 15.047011137008667, 15.068968057632446, 15.052454948425293, 15.181915283203125, 15.626542806625366, 15.058579921722412, 15.058526039123535, 15.05468225479126, 15.058872938156128, 15.055531978607178, 15.060187816619873, 15.059657335281372, 15.054364204406738, 15.051483869552612, 15.116472959518433, 15.054111003875732, 15.054774045944214, 15.052361011505127, 15.054811239242554, 15.085772037506104, 15.060076236724854, 15.049389123916626, 15.060193061828613, 15.128366947174072, 15.05448603630066, 15.052036762237549, 15.054283142089844, 15.054384231567383, 15.053437232971191, 15.085516929626465, 15.056550025939941, 15.048544883728027, 15.058984279632568, 15.042096853256226, 15.101126909255981, 15.043401956558228, 15.06033992767334, 15.04305911064148, 15.061154127120972, 15.04072904586792, 15.065278053283691, 15.045973062515259, 15.106125116348267, 15.07488203048706, 15.659147024154663, 15.045561075210571, 15.065515041351318, 15.048367023468018, 15.061611890792847, 15.043096780776978, 15.101630926132202, 15.045953035354614, 15.059613227844238, 15.043197870254517, 15.095088005065918, 15.040496110916138, 15.060779809951782, 15.040831089019775, 15.104065179824829, 15.04239010810852, 15.08114504814148, 15.042213678359985, 15.119595050811768, 15.084290981292725, 15.11002802848816, 15.043805360794067, 15.096711874008179, 15.042862892150879, 15.060197114944458, 15.042098999023438, 7.289623022079468]}