{"train_loss": [1.4471216629895016], "val_loss": 1.4708041906502685, "val_accuracy": 0.5889000502260171, "batch_times": [15.113983869552612, 15.081955909729004, 15.131295919418335, 15.079814910888672, 15.097501039505005, 15.080420970916748, 15.144407033920288, 15.081945896148682, 15.103494882583618, 15.08047103881836, 15.137817144393921, 15.249994039535522, 15.222809076309204, 15.635480880737305, 15.140156030654907, 15.121845006942749, 15.100881099700928, 15.083491802215576, 15.141090869903564, 15.084533929824829, 15.100097894668579, 15.080596208572388, 15.139791011810303, 15.081705093383789, 15.110669136047363, 15.077221155166626, 15.144518852233887, 15.080013036727905, 15.098625898361206, 15.093721151351929, 15.104082822799683, 15.081388235092163, 15.096382856369019, 15.086008787155151, 15.099143266677856, 15.128896951675415, 15.100626945495605, 15.101521968841553, 15.153067827224731, 15.08540391921997, 15.099273920059204, 15.086931943893433, 15.096771240234375, 15.088759899139404, 15.090522050857544, 15.088125944137573, 15.087777853012085, 15.162850141525269, 15.086976051330566, 15.093425035476685, 15.095779180526733, 15.096760034561157, 15.655940771102905, 15.086411952972412, 15.094335079193115, 15.164751052856445, 15.093267917633057, 15.09310007095337, 15.088202953338623, 15.0868558883667, 15.089504957199097, 15.086014032363892, 15.092597007751465, 15.088356733322144, 15.088838815689087, 15.090651750564575, 15.093639373779297, 15.157651901245117, 15.089817762374878, 15.084936141967773, 15.095757007598877, 15.09484601020813, 15.094557046890259, 15.087883949279785, 15.09548807144165, 15.313398122787476, 15.093930006027222, 15.13171100616455, 15.10065221786499, 15.12936782836914, 15.09627103805542, 15.078943014144897, 15.10105299949646, 15.081463813781738, 15.09801721572876, 15.07993197441101, 15.098161220550537, 15.07990574836731, 15.134597063064575, 15.080083131790161, 15.105760097503662, 15.081941843032837, 15.672685146331787, 15.081475973129272, 15.100672960281372, 15.115755081176758, 15.134001970291138, 15.087336301803589, 15.116580247879028, 15.084452152252197, 15.141279935836792, 15.079293251037598, 15.09774398803711, 15.078030109405518, 15.134454011917114, 15.081902027130127, 916.5417191982269, 14.897520065307617, 14.948593139648438, 14.9253408908844, 14.926069021224976, 14.942911148071289, 15.172590970993042, 14.960819005966187, 15.0471830368042, 15.009915828704834, 15.093213319778442, 15.057700872421265, 938.7169601917267, 14.864031076431274, 14.850579977035522, 1047.9056270122528, 15.019636869430542, 14.90989375114441, 14.84754204750061, 14.906442880630493, 14.921937942504883, 15.008119106292725, 14.945389747619629, 14.950488090515137, 14.893902778625488, 14.969267129898071, 15.532340288162231, 14.950302362442017, 14.920199871063232, 14.959839105606079, 14.991513013839722, 14.994958639144897, 15.015192031860352, 15.051491022109985, 15.028934240341187, 15.040686845779419, 15.05879521369934, 15.132488012313843, 15.036908864974976, 15.04426908493042, 15.034613847732544, 15.082720041275024, 15.070566177368164, 15.06697130203247, 15.06009292602539, 15.051922798156738, 15.117318153381348, 15.061871767044067, 15.07425308227539, 15.047775983810425, 15.11700701713562, 15.068529844284058, 15.082113027572632, 15.05929183959961, 15.119232177734375, 15.067210912704468, 15.105509757995605, 15.095669031143188, 15.162279844284058, 15.071745157241821, 15.0814208984375, 15.060503959655762, 15.086702108383179, 15.068860054016113, 15.082394123077393, 15.06540298461914, 15.64065408706665, 15.065638303756714, 15.090209007263184, 15.062643051147461, 15.122629165649414, 15.064477920532227, 15.078315019607544, 15.056155920028687, 15.07922625541687, 15.064810037612915, 15.199202060699463, 15.066489934921265, 15.12353777885437, 15.079386711120605, 15.074506998062134, 15.070763111114502, 15.075995922088623, 15.112674951553345, 15.08136510848999, 15.06841492652893, 15.071316957473755, 15.10670804977417, 15.080946922302246, 15.066991090774536, 15.077522993087769, 15.07598614692688, 15.075487852096558, 15.104825019836426, 15.081974029541016, 15.069629192352295, 15.113572835922241, 15.070043325424194, 15.078350067138672, 15.106933116912842, 15.128471851348877, 15.070740222930908, 15.078246116638184, 15.078699827194214, 15.079134941101074, 15.069995880126953, 15.619033098220825, 15.133839845657349, 15.078709840774536, 15.112350940704346, 15.084090232849121, 15.084397077560425, 15.06210994720459, 15.144373178482056, 15.073435068130493, 15.091639995574951, 15.119630098342896, 15.081505060195923, 15.070832014083862, 15.082036018371582, 15.117047786712646, 15.079666376113892, 15.075942039489746, 15.084074974060059, 15.06829285621643, 15.074051141738892, 15.112848281860352, 15.084239959716797, 15.075586080551147, 15.079756259918213, 15.0780348777771, 15.086809873580933, 15.072090864181519, 15.07890009880066, 15.110175132751465, 15.087265014648438, 15.106695890426636, 15.072161197662354, 15.117769002914429, 15.07348895072937, 15.114335775375366, 15.079906940460205, 15.11117696762085, 15.085264921188354, 15.071537256240845, 15.633137226104736, 15.115563154220581, 15.074700832366943, 15.076017141342163, 15.07839584350586, 15.112364053726196, 15.085724115371704, 15.074542045593262, 15.080103874206543, 15.112462043762207, 15.080920219421387, 15.117311954498291, 15.483893632888794, 15.119660139083862, 15.09057903289795, 15.067225217819214, 15.13374376296997, 15.068392038345337, 15.135203123092651, 15.069135189056396, 15.087357997894287, 15.069806098937988, 15.133317947387695, 15.068617820739746, 15.09511399269104, 15.073709964752197, 15.083152055740356, 15.068638801574707, 15.087982892990112, 15.083936929702759, 15.083420753479004, 15.105751752853394, 15.084718227386475, 15.071444988250732, 15.127208948135376, 15.06667709350586, 15.127770900726318, 15.075695991516113, 15.090914964675903, 15.077181816101074, 15.62535309791565, 15.067981004714966, 15.088075637817383, 15.067876100540161, 15.083619117736816, 15.07046914100647, 15.127705812454224, 15.064903974533081, 15.087915897369385, 15.069641828536987, 15.100398778915405, 15.134769201278687, 15.078799962997437, 15.07441520690918, 15.076909065246582, 15.069709062576294, 15.081693887710571, 15.125601053237915, 15.090090274810791, 15.107331037521362, 15.091989994049072, 15.076503038406372, 15.080912113189697, 15.072057962417603, 15.083606004714966, 15.077197074890137, 15.07790470123291, 15.103384971618652, 15.079763889312744, 15.080195903778076, 15.121021270751953, 15.11481499671936, 15.082951784133911, 15.076215982437134, 15.091316223144531, 7.300296068191528]}