{"train_loss": [1.5963611207050084], "val_loss": 1.5915946725311028, "val_accuracy": 0.5670517327975891, "batch_times": [15.081977128982544, 15.096246004104614, 15.079758167266846, 15.098715782165527, 15.087565183639526, 15.139092922210693, 15.087113857269287, 15.103734016418457, 15.084555864334106, 15.097153902053833, 15.112154722213745, 15.139626026153564, 15.08525013923645, 15.102084875106812, 15.079378843307495, 15.09971809387207, 15.087971210479736, 15.173028945922852, 15.083103895187378, 15.099200963973999, 15.084962129592896, 15.103321075439453, 15.088006973266602, 15.098980188369751, 15.081953048706055, 15.137786149978638, 15.082337856292725, 15.095967054367065, 15.084407091140747, 15.096464157104492, 15.406808137893677, 15.11573600769043, 15.695787906646729, 15.10352897644043, 15.092226028442383, 15.095128059387207, 15.091749906539917, 15.090679168701172, 15.163125991821289, 15.089598178863525, 15.086923599243164, 15.09481692314148, 15.08898377418518, 15.096479892730713, 15.124505043029785, 15.096151113510132, 15.086054801940918, 15.094726800918579, 15.094768762588501, 15.10538911819458, 15.148246049880981, 15.08479380607605, 15.09483289718628, 15.102422952651978, 15.087665796279907, 15.10139799118042, 15.12178087234497, 15.100589036941528, 15.13863205909729, 15.144632816314697, 15.091996192932129, 15.096901178359985, 15.085753917694092, 15.089319944381714, 15.119400024414062, 15.09485411643982, 15.087932825088501, 15.09375786781311, 15.126824855804443, 15.11503291130066, 15.142045974731445, 15.6339111328125, 15.08328890800476, 15.103024005889893, 15.087257862091064, 15.132961988449097, 15.084003925323486, 15.105026245117188, 15.083639144897461, 15.145463943481445, 15.084643125534058, 15.483228921890259, 15.090099096298218, 15.10701298713684, 15.086997032165527, 15.116614818572998, 15.08030390739441, 15.10190200805664, 15.087071180343628, 15.135035037994385, 15.119466066360474, 15.098873853683472, 15.109716176986694, 15.144739151000977, 15.08454704284668, 15.117395877838135, 15.088164806365967, 15.130031108856201, 15.084003686904907, 15.146351099014282, 15.104601860046387, 15.103702068328857, 15.078119993209839, 15.09981107711792, 15.08658480644226, 15.14437198638916, 15.080482006072998, 15.097583055496216, 15.086223125457764, 15.129929780960083, 15.101202964782715, 15.682578086853027, 15.089094877243042, 15.099081993103027, 15.086184024810791, 15.09543514251709, 15.099437952041626, 15.10163927078247, 15.135735034942627, 15.10094404220581, 15.141492128372192, 15.09779691696167, 15.089607000350952, 15.10212516784668, 15.126447916030884, 15.094759225845337, 15.098281860351562, 15.09040093421936, 15.089757919311523, 15.129159927368164, 15.090449810028076, 15.094717025756836, 15.089816093444824, 15.095721006393433, 15.123591899871826, 15.09224796295166, 15.099379301071167, 15.123930215835571, 15.099251985549927, 15.093263149261475, 15.127557277679443, 15.09174394607544, 15.125828266143799, 15.091757774353027, 15.089513301849365, 15.09049105644226, 15.120085954666138, 15.098097324371338, 15.095447063446045, 15.124842166900635, 15.137346982955933, 15.613156080245972, 15.097228050231934, 15.084005117416382, 15.10158371925354, 15.091639995574951, 15.102622985839844, 15.127026319503784, 15.101637840270996, 15.36195993423462, 15.11090898513794, 15.164143800735474, 15.097998142242432, 15.084376096725464, 15.095136880874634, 15.118916273117065, 15.09933614730835, 15.094056844711304, 15.104545593261719, 15.166332244873047, 15.110970735549927, 15.096395015716553, 15.103781700134277, 15.132099151611328, 15.099362134933472, 15.089617252349854, 15.108403205871582, 15.12260103225708, 15.09388279914856, 15.089110136032104, 15.098339796066284, 15.174563884735107, 15.094098091125488, 15.08937120437622, 15.09583306312561, 15.117416143417358, 15.364784955978394, 15.171974897384644, 15.101004123687744, 15.129878044128418, 15.621102094650269, 15.088752269744873, 15.094624042510986, 15.127490758895874, 15.092479944229126, 15.084214925765991, 15.107885122299194, 15.083628177642822, 15.100613117218018, 15.08197283744812, 15.105166912078857, 15.08014702796936, 15.160696029663086, 15.07974886894226, 15.097958087921143, 15.081968069076538, 15.136750936508179, 15.087615013122559, 15.097925186157227, 15.134553670883179, 15.098779916763306, 15.101027965545654, 15.101683855056763, 15.082437992095947, 15.140526056289673, 15.089931964874268, 15.101655960083008, 15.083545207977295, 15.131752014160156, 15.082299947738647, 15.107605934143066, 15.081470251083374, 15.139373064041138, 15.085561037063599, 15.104115009307861, 15.08025598526001, 15.133487939834595, 15.087737798690796, 15.09689211845398, 15.119690895080566, 15.65489935874939, 15.129488229751587, 15.100202083587646, 15.078636646270752, 15.093493938446045, 15.128998279571533, 15.089810132980347, 15.090708017349243, 15.087755918502808, 15.115663051605225, 15.085777997970581, 15.08066201210022, 15.089106321334839, 15.208471775054932, 15.087302207946777, 15.089586019515991, 15.090810775756836, 15.119593858718872, 15.12737512588501, 15.089379787445068, 15.088149070739746, 15.128830909729004, 15.08816909790039, 15.07889199256897, 15.091903924942017, 15.082113027572632, 15.095298051834106, 15.12349271774292, 15.121623992919922, 15.097946882247925, 15.085025072097778, 15.084008932113647, 15.088636875152588, 15.167623043060303, 15.084387063980103, 15.080780982971191, 15.085335969924927, 15.089610815048218, 15.1194748878479, 15.129329919815063, 15.606112003326416, 15.087615013122559, 15.090689897537231, 15.07996416091919, 15.131394624710083, 15.081247806549072, 15.091639041900635, 15.076842069625854, 15.095428943634033, 15.088726997375488, 15.093605756759644, 15.08011531829834, 15.131322860717773, 15.08281397819519, 15.158117055892944, 15.076620101928711, 15.097251176834106, 15.08619499206543, 15.12976598739624, 15.07537317276001, 15.130944967269897, 15.096372842788696, 15.100706815719604, 15.081676006317139, 15.101284980773926, 15.08283519744873, 15.093157291412354, 15.077032804489136, 15.125113010406494, 15.084145069122314, 15.096546173095703, 15.075530052185059, 15.12554121017456, 15.425523281097412, 15.315637826919556, 15.358004808425903, 15.135557889938354, 15.082929372787476, 15.153888940811157, 15.643067836761475, 15.129109859466553, 15.087260007858276, 15.097478151321411, 15.08016300201416, 15.095389127731323, 15.084825038909912, 15.084824085235596, 15.087361097335815, 15.088682174682617, 15.119758129119873, 15.089365005493164, 15.084696769714355, 15.094056129455566, 15.085320234298706, 15.091609239578247, 15.16833209991455, 7.31754207611084]}