{"train_loss": [1.3494841962054414], "val_loss": 1.394023670271232, "val_accuracy": 0.6017076845806127, "batch_times": [15.12899899482727, 15.35324501991272, 15.073867082595825, 15.142094850540161, 15.078942060470581, 15.070265054702759, 15.074681758880615, 15.11452579498291, 15.089354991912842, 15.588806867599487, 15.07511281967163, 15.103736162185669, 15.081357955932617, 15.061794996261597, 15.067261934280396, 15.106493949890137, 15.076107025146484, 15.061630010604858, 15.074815034866333, 15.102998971939087, 15.13088083267212, 15.065887928009033, 15.072426080703735, 15.055592775344849, 15.173502922058105, 15.068786859512329, 15.076830387115479, 15.063068866729736, 15.11364197731018, 16.137845039367676, 15.132259845733643, 15.067304134368896, 15.083429098129272, 15.06184983253479, 15.106535911560059, 15.05966329574585, 15.088483095169067, 15.056885004043579, 15.080581903457642, 15.06044316291809, 15.146586894989014, 15.062991857528687, 15.087007999420166, 15.058686971664429, 15.131882905960083, 15.057132005691528, 15.080708265304565, 15.069571018218994, 15.089784860610962, 15.603352069854736, 15.081691980361938, 15.05503797531128, 15.084999084472656, 15.061919927597046, 15.077494144439697, 15.057604789733887, 15.081798791885376, 15.058068990707397, 15.080685138702393, 15.061710834503174, 15.141252279281616, 15.060094118118286, 15.115138053894043, 15.1114501953125, 15.078409194946289, 15.12044095993042, 15.077438831329346, 15.070799112319946, 15.07890009880066, 15.081785917282104, 15.070044755935669, 15.065452098846436, 15.07367992401123, 15.062433004379272, 15.069123983383179, 15.061938047409058, 15.07081413269043, 15.064020156860352, 15.07585620880127, 15.065161943435669, 15.118424892425537, 15.064527034759521, 15.089325904846191, 15.091142177581787, 15.103917121887207, 15.103617668151855, 15.067031145095825, 15.056528806686401, 15.061035871505737, 15.599284172058105, 15.070299863815308, 15.05997109413147, 15.074629783630371, 15.056031942367554, 15.065666675567627, 15.055341958999634, 15.072999000549316, 15.057245969772339, 15.061311960220337, 15.08131194114685, 15.108447074890137, 15.048208951950073, 15.07136583328247, 15.05164122581482, 15.089056968688965, 15.05399489402771, 15.118919372558594, 15.053478956222534, 15.080473899841309, 15.050603151321411, 15.071670055389404, 15.049708843231201, 15.074918031692505, 15.048501968383789, 15.06256914138794, 15.05174994468689, 15.083824872970581, 15.047744989395142, 15.074110984802246, 15.098801851272583, 15.07266616821289, 15.05743408203125, 15.07583999633789, 15.048550844192505, 15.098230838775635, 15.058328866958618, 15.103186845779419, 15.069506645202637, 15.064272165298462, 15.614567995071411, 15.059390783309937, 15.068002700805664, 15.062877893447876, 15.064762115478516, 15.083101034164429, 15.072849750518799, 15.062692880630493, 15.065676212310791, 15.054730892181396, 15.098860025405884, 15.049777030944824, 15.07682991027832, 15.048133850097656, 15.070276021957397, 15.056079864501953, 15.080068111419678, 15.054863214492798, 15.118854761123657, 15.055717945098877, 15.075180053710938, 15.057240009307861, 15.071314096450806, 15.052666902542114, 15.070158243179321, 15.050594806671143, 15.07211709022522, 15.052215099334717, 15.074381828308105, 15.057475090026855, 15.136332988739014, 15.051230907440186, 15.071854829788208, 15.050297975540161, 15.071944952011108, 15.103790760040283, 15.07216501235962, 15.05191683769226, 15.117160320281982, 15.573261976242065, 15.070446014404297, 15.052865743637085, 15.07016897201538, 15.053477048873901, 15.070074081420898, 15.049588918685913, 15.076640129089355, 15.046000003814697, 15.066092729568481, 15.052580118179321, 15.103396892547607, 15.058300018310547, 15.070619821548462, 15.055775880813599, 15.07195496559143, 15.056025981903076, 15.062944173812866, 15.055628061294556, 15.0745267868042, 15.095732927322388, 15.068130016326904, 15.070183753967285, 15.068872928619385, 15.052721977233887, 15.068711996078491, 15.055281162261963, 15.07172703742981, 15.056518316268921, 15.070290088653564, 15.059401988983154, 15.116346836090088, 15.053400039672852, 15.066612005233765, 15.050370693206787, 15.067333221435547, 15.054422855377197, 15.067017078399658, 15.054286003112793, 15.067687034606934, 15.60274600982666, 15.06870985031128, 15.055172204971313, 15.067965030670166, 15.063085079193115, 15.082294940948486, 15.046452045440674, 15.082685947418213, 15.048040390014648, 15.06760287284851, 15.049421072006226, 15.266932010650635, 15.049065113067627, 15.083092212677002, 15.052834033966064, 15.100826978683472, 15.05073070526123, 15.066274166107178, 15.04875898361206, 15.069923877716064, 15.04904818534851, 15.105302095413208, 15.053897857666016, 15.066601991653442, 15.050450325012207, 15.06563115119934, 15.05362319946289, 15.077646970748901, 15.050426006317139, 15.070677042007446, 15.050774812698364, 15.097811937332153, 15.047045230865479, 15.065157890319824, 15.053550004959106, 15.07000994682312, 15.04912781715393, 15.064131021499634, 15.055767059326172, 15.069027185440063, 15.592046022415161, 15.13617205619812, 15.071705102920532, 15.08063006401062, 15.053521871566772, 15.067080974578857, 15.059335231781006, 15.064075708389282, 15.057167053222656, 15.073120832443237, 15.062526226043701, 15.108803987503052, 15.060648918151855, 15.075803995132446, 929.2114808559418, 14.896006107330322, 15.028396129608154, 14.95565414428711, 14.908864974975586, 14.913297176361084, 14.928273916244507, 14.927995920181274, 14.957380056381226, 14.990968704223633, 14.975589036941528, 15.026318788528442, 15.02463698387146, 15.043352127075195, 15.030177116394043, 15.050320148468018, 15.040817022323608, 15.101963996887207, 15.044476747512817, 15.061086893081665, 15.048325777053833, 15.055352210998535, 15.078203916549683, 15.100880146026611, 15.045775890350342, 15.066949129104614, 15.61562705039978, 15.064180135726929, 15.044557094573975, 15.062506914138794, 15.045527935028076, 15.060609102249146, 15.046586036682129, 15.062366962432861, 15.04486083984375, 15.063571214675903, 15.062260866165161, 15.088742017745972, 15.046605110168457, 15.07059621810913, 15.048604965209961, 15.062016010284424, 15.043292045593262, 15.107509136199951, 15.0503089427948, 15.061697721481323, 15.049859046936035, 15.066236734390259, 15.05224895477295, 15.059356927871704, 15.061360120773315, 15.059666156768799, 15.045045852661133, 15.063657999038696, 15.046185970306396, 15.0663161277771, 15.104525089263916, 15.088252305984497, 15.048030853271484, 15.063876152038574, 15.053761720657349, 15.064117908477783, 15.055118083953857, 15.058634042739868, 7.338598966598511]}