{"train_loss": [1.935311894681394], "val_loss": 1.8703902675213502, "val_accuracy": 0.475891511803114, "batch_times": [15.109198808670044, 15.115197896957397, 15.097050666809082, 15.079204082489014, 15.109547138214111, 15.078296899795532, 15.153369188308716, 15.08262324333191, 15.151853084564209, 15.134867906570435, 15.658123016357422, 15.081814765930176, 15.103497982025146, 15.082040071487427, 15.145797967910767, 15.081987142562866, 15.100217819213867, 15.078160285949707, 15.099392890930176, 15.079159021377563, 15.138698101043701, 15.079886674880981, 15.10578989982605, 15.083140134811401, 15.10125184059143, 15.08478331565857, 15.190104961395264, 15.090381622314453, 15.107233047485352, 15.114220142364502, 15.095845937728882, 15.093157291412354, 15.136183738708496, 15.083890914916992, 15.105087995529175, 15.08521580696106, 15.103730916976929, 15.081416130065918, 15.134485960006714, 15.08408808708191, 15.100116968154907, 15.081455945968628, 15.096405029296875, 15.092138051986694, 15.101072072982788, 15.121521949768066, 15.093317747116089, 15.147011756896973, 15.107439041137695, 15.106903791427612, 15.643770217895508, 15.130286693572998, 15.09249210357666, 15.094922065734863, 15.08118200302124, 15.102757930755615, 15.079943895339966, 15.133300065994263, 15.083822011947632, 15.10852599143982, 15.094445943832397, 15.13974118232727, 15.081105947494507, 15.104638814926147, 15.086721897125244, 15.129045963287354, 15.082501888275146, 15.147910356521606, 15.109578847885132, 15.129657745361328, 15.083609104156494, 15.104815244674683, 15.083502054214478, 15.139354944229126, 15.083847045898438, 15.113282203674316, 15.080955982208252, 15.137499809265137, 15.09147310256958, 15.10689115524292, 15.08923602104187, 15.138761043548584, 15.081325054168701, 15.098518133163452, 15.084720849990845, 15.090337038040161, 15.117655754089355, 15.093154907226562, 15.468780040740967, 15.121644020080566, 15.62828016281128, 15.103698968887329, 15.0870361328125, 15.106568098068237, 15.112698793411255, 15.099482297897339, 15.083950996398926, 15.104244947433472, 15.088021039962769, 15.09851598739624, 15.115993738174438, 15.094496011734009, 15.089874982833862, 15.094670057296753, 15.08417820930481, 15.103263854980469, 15.086478233337402, 15.09371018409729, 15.238741874694824, 15.093075275421143, 15.091102123260498, 15.102259874343872, 15.088770151138306, 15.100327014923096, 15.127357244491577, 15.098713159561157, 15.082959175109863, 15.088212966918945, 15.0840163230896, 15.099187850952148, 15.120425939559937, 15.095218896865845, 15.096483707427979, 15.098425149917603, 15.092302083969116, 15.098083019256592, 15.098994016647339, 15.11502194404602, 15.110814809799194, 15.752504110336304, 15.084472894668579, 15.100565910339355, 15.08575701713562, 15.141823053359985, 15.086310863494873, 15.1041259765625, 15.077280044555664, 15.097543716430664, 15.079395771026611, 15.099125862121582, 15.080568075180054, 15.139880895614624, 15.072475910186768, 15.087617874145508, 15.076199769973755, 15.09645390510559, 15.078915119171143, 15.140558004379272, 15.117822170257568, 15.15270709991455, 15.081157922744751, 15.09755802154541, 15.080585956573486, 15.136952877044678, 15.087063074111938, 15.104085922241211, 15.07850980758667, 15.098599195480347, 15.08022403717041, 15.140136241912842, 15.079210996627808, 15.097992181777954, 15.084347009658813, 15.135175943374634, 15.083763122558594, 15.115263938903809, 15.095829963684082, 15.105374813079834, 15.107704639434814, 15.684862852096558, 15.134843111038208, 15.090632200241089, 15.119054794311523, 15.09403681755066, 15.085924863815308, 15.089830160140991, 15.12544584274292, 15.088210821151733, 15.129045963287354, 15.105416059494019, 15.092881917953491, 15.101001977920532, 15.083892107009888, 15.088881254196167, 15.123766899108887, 15.088507175445557, 15.086880207061768, 15.138078927993774, 15.117137908935547, 15.092787027359009, 15.12430477142334, 15.096657037734985, 15.085664987564087, 15.088685989379883, 15.08258318901062, 15.090242147445679, 15.121357917785645, 15.09147596359253, 15.083768844604492, 15.091302156448364, 15.084536790847778, 15.11780309677124, 15.132206201553345, 15.101994037628174, 15.078962087631226, 15.09440302848816, 15.079942226409912, 15.159141063690186, 15.07658314704895, 15.639301061630249, 15.078577995300293, 15.147842168807983, 15.078885793685913, 15.134736061096191, 15.080379009246826, 15.095083951950073, 15.077744960784912, 15.09618592262268, 15.08082914352417, 15.166597127914429, 15.078857898712158, 15.094249963760376, 15.08821415901184, 15.095223188400269, 15.07645320892334, 15.129836797714233, 15.079450130462646, 15.128216981887817, 15.077177047729492, 15.097005605697632, 15.077934980392456, 15.177409172058105, 15.079532146453857, 15.104954242706299, 15.076551914215088, 15.095566034317017, 15.078796148300171, 15.133723974227905, 15.076947927474976, 15.092735052108765, 15.080102920532227, 15.101969003677368, 15.088557720184326, 15.087217330932617, 15.130653142929077, 15.090373992919922, 15.085100173950195, 15.139219999313354, 15.66700291633606, 15.08317494392395, 15.092212915420532, 15.1335768699646, 15.241710186004639, 15.10024905204773, 15.094033002853394, 15.07522201538086, 15.092802047729492, 15.072461128234863, 15.08802318572998, 15.074986934661865, 15.122284173965454, 15.074748039245605, 15.08718729019165, 15.074808120727539, 15.128037929534912, 15.075108289718628, 15.093487977981567, 15.102688074111938, 15.125933170318604, 15.076972723007202, 15.092657089233398, 15.072970151901245, 15.164806842803955, 15.073086977005005, 15.089849948883057, 15.072456121444702, 15.129236936569214, 15.073410034179688, 15.092112064361572, 15.072473049163818, 15.08938717842102, 15.075950860977173, 15.1110520362854, 15.064173221588135, 15.082293033599854, 15.11622929573059, 15.085869789123535, 15.114934206008911, 15.63601303100586, 15.113998889923096, 15.082249879837036, 15.077322006225586, 15.081039190292358, 15.128128051757812, 15.082365989685059, 15.077578067779541, 15.086945056915283, 15.113736152648926, 15.07962703704834, 15.076801776885986, 15.082751035690308, 15.256319999694824, 15.093019962310791, 15.076184034347534, 15.081877946853638, 15.077936887741089, 15.109047174453735, 15.078054904937744, 15.081518650054932, 15.126634120941162, 15.082108974456787, 15.078120946884155, 15.078474044799805, 15.113933086395264, 15.085853099822998, 15.077236890792847, 15.078260898590088, 15.096888780593872, 15.097114086151123, 15.12008786201477, 15.089018106460571, 15.076916933059692, 15.079055070877075, 15.07036805152893, 15.089192867279053, 15.068170070648193, 7.310728073120117]}