{"train_loss": [1.3816909850296326], "val_loss": 1.4187493995405716, "val_accuracy": 0.5976896032144651, "batch_times": [15.08424687385559, 15.054325819015503, 15.117724895477295, 15.0504310131073, 15.106995820999146, 15.050354719161987, 15.074960708618164, 15.053477048873901, 15.112356901168823, 15.058436155319214, 15.077062845230103, 15.053760051727295, 15.098822832107544, 15.057053804397583, 15.071686029434204, 15.05363392829895, 15.154289960861206, 15.063853979110718, 15.072475910186768, 15.616832971572876, 15.117270231246948, 15.071474313735962, 15.08205795288086, 15.054003238677979, 15.15028977394104, 15.061657905578613, 15.076109886169434, 15.058045864105225, 15.122651815414429, 15.058589935302734, 15.074182987213135, 15.050199031829834, 15.075849056243896, 15.05726170539856, 15.066828966140747, 15.09630799293518, 15.109182119369507, 15.065186023712158, 15.06376600265503, 15.060273885726929, 15.06935715675354, 15.062526941299438, 15.063213109970093, 15.05640697479248, 15.072838306427002, 15.114930868148804, 15.071753978729248, 15.087852239608765, 15.071406126022339, 15.060575008392334, 15.065561771392822, 15.101418018341064, 15.070584058761597, 15.058357954025269, 15.06213903427124, 15.124029874801636, 15.084048748016357, 15.070863008499146, 15.071811199188232, 15.650468826293945, 15.053566217422485, 15.075719833374023, 15.053544998168945, 15.104046106338501, 15.056749820709229, 15.11380910873413, 15.049439907073975, 15.07533884048462, 15.051554918289185, 15.090827941894531, 15.053415775299072, 15.071860074996948, 15.052369117736816, 15.071691751480103, 15.07544493675232, 15.119082927703857, 15.107095956802368, 15.07930302619934, 15.148851871490479, 15.06841492652893, 15.09285306930542, 15.080180883407593, 15.058295965194702, 15.072626113891602, 15.095148086547852, 15.076426982879639, 15.101086854934692, 15.066653966903687, 15.098546981811523, 15.076365232467651, 15.06278681755066, 15.07377576828003, 15.096784114837646, 15.06624984741211, 15.054637908935547, 15.098786115646362, 15.104575157165527, 15.090788125991821, 15.063577890396118, 15.621585845947266, 15.093327045440674, 15.070742130279541, 15.059418201446533, 15.063966035842896, 15.097254037857056, 15.081238985061646, 15.092840909957886, 15.07094407081604, 15.095457077026367, 15.075783967971802, 15.060626983642578, 15.07320785522461, 15.057706117630005, 15.119172096252441, 15.051728963851929, 15.125805139541626, 15.055443048477173, 15.122588872909546, 15.118554830551147, 15.07921814918518, 15.054113626480103, 15.109811782836914, 15.054422855377197, 15.07938289642334, 15.05186915397644, 15.082613945007324, 15.053221225738525, 15.126097917556763, 15.059623003005981, 15.114114046096802, 15.050115823745728, 15.069920063018799, 15.050110340118408, 15.119266748428345, 15.060832023620605, 15.111698865890503, 15.055139064788818, 15.131534814834595, 15.564358234405518, 15.083321809768677, 16.38547706604004, 15.166318655014038, 15.143900156021118, 15.0679612159729, 15.058726072311401, 15.11243200302124, 15.05013394355774, 15.111004829406738, 15.050763130187988, 15.070417881011963, 15.054155826568604, 15.078566074371338, 15.056663036346436, 15.069265127182007, 15.098359823226929, 15.107998132705688, 15.059784889221191, 15.069913148880005, 15.053182363510132, 15.075401067733765, 15.121737957000732, 15.290395736694336, 15.143570899963379, 15.059717178344727, 15.066051959991455, 15.069299936294556, 15.112421989440918, 15.067518949508667, 15.119597911834717, 15.066303014755249, 15.09116268157959, 15.066569805145264, 15.058902025222778, 15.063812017440796, 15.095544815063477, 15.11242389678955, 15.060853004455566, 15.069432973861694, 15.650461196899414, 15.065747261047363, 15.064227104187012, 15.060486078262329, 15.099452018737793, 15.066184043884277, 15.063024997711182, 15.067944288253784, 15.099568128585815, 15.064296007156372, 15.09229063987732, 15.071415901184082, 15.053114891052246, 15.11378002166748, 15.057142972946167, 15.064834117889404, 15.050843954086304, 15.153978109359741, 15.068522930145264, 15.070401906967163, 15.053310871124268, 15.111662864685059, 15.057535886764526, 15.072427034378052, 15.054435968399048, 15.109040975570679, 15.059487104415894, 15.07066798210144, 15.046020984649658, 15.072916030883789, 15.059461116790771, 15.120260953903198, 15.052361011505127, 15.075840950012207, 15.063056945800781, 15.078582048416138, 15.071940898895264, 15.091018199920654, 15.061828136444092, 15.069329977035522, 15.586691856384277, 15.067414999008179, 15.060166835784912, 15.077883243560791, 16.308287858963013, 15.080150604248047, 15.055944204330444, 1009.789078950882, 15.052342891693115, 15.063555002212524, 15.191221952438354, 14.905768156051636, 814.0318710803986, 14.83069896697998, 14.876696109771729, 1009.462375164032, 15.004124164581299, 14.841732740402222, 14.867959976196289, 14.948473930358887, 14.960087060928345, 14.903824806213379, 14.95799970626831, 14.929651975631714, 14.979612827301025, 14.97878384590149, 14.996210813522339, 15.002467155456543, 14.96440601348877, 15.136165857315063, 15.033499956130981, 15.307323932647705, 15.042374849319458, 15.033634901046753, 15.05180811882019, 15.034198999404907, 15.155249834060669, 15.05666732788086, 15.03525710105896, 15.087008953094482, 15.685949802398682, 15.040058851242065, 15.05777096748352, 15.072726964950562, 15.10038685798645, 15.058218955993652, 15.044212818145752, 15.06986689567566, 15.045882940292358, 15.109922885894775, 15.08928894996643, 15.061612129211426, 15.04670000076294, 15.112534046173096, 15.044731855392456, 15.076188325881958, 15.04744005203247, 15.152379751205444, 15.047872066497803, 15.06367015838623, 15.050482034683228, 15.112504959106445, 15.049722909927368, 15.06867003440857, 15.046369791030884, 15.108903169631958, 15.047209978103638, 15.065634965896606, 15.04769515991211, 15.121922016143799, 15.108110904693604, 15.063398838043213, 15.053516149520874, 15.114178895950317, 15.047945976257324, 15.06674838066101, 15.049094200134277, 15.118480920791626, 15.05108094215393, 15.654144048690796, 15.048057079315186, 15.065887928009033, 15.049763917922974, 15.064687967300415, 15.05201506614685, 15.060237646102905, 15.100220203399658, 15.067983865737915, 15.091375827789307, 15.0629301071167, 15.095530986785889, 15.061492919921875, 15.05697774887085, 15.067282915115356, 15.056721210479736, 15.066634893417358, 15.095858097076416, 15.065739154815674, 15.10849928855896, 15.06782603263855, 15.097572803497314, 15.071019887924194, 15.054319858551025, 15.071124076843262, 15.107525825500488, 15.06710696220398, 15.054759979248047, 15.069764137268066, 7.290777206420898]}