{"train_loss": [1.3356334686322089], "val_loss": 1.384308851704505, "val_accuracy": 0.6029633350075339, "batch_times": [15.052162170410156, 15.079026937484741, 15.047837018966675, 15.066972255706787, 15.04511284828186, 15.09011197090149, 15.047487020492554, 15.062397956848145, 15.083067893981934, 15.080793142318726, 15.051337003707886, 15.060971736907959, 15.049884796142578, 15.064640045166016, 15.055118083953857, 15.059761762619019, 15.075541973114014, 15.057486772537231, 15.059544086456299, 15.052432775497437, 15.053303956985474, 15.059298038482666, 15.05324101448059, 15.060931205749512, 15.052993774414062, 15.60696291923523, 15.090501308441162, 15.061974048614502, 15.050536155700684, 15.062499761581421, 15.055832147598267, 15.061766862869263, 15.054401159286499, 15.060412883758545, 15.060540914535522, 15.060663223266602, 15.36881160736084, 15.063371896743774, 15.056452989578247, 15.214168071746826, 15.051084995269775, 15.070752143859863, 15.1650230884552, 15.055670022964478, 15.051468133926392, 15.059151887893677, 15.091632843017578, 15.06232213973999, 15.051023006439209, 15.060723066329956, 15.051167964935303, 15.068054914474487, 15.050518035888672, 15.060607194900513, 15.045677900314331, 15.064980030059814, 15.075057029724121, 15.061759948730469, 15.04684591293335, 15.067018032073975, 15.044018983840942, 15.065384864807129, 15.045249938964844, 15.06352686882019, 15.046771049499512, 15.599034070968628, 15.047393798828125, 15.100541114807129, 15.04665207862854, 15.076968908309937, 15.051271915435791, 15.064396619796753, 15.055289030075073, 15.067594051361084, 15.049067974090576, 15.074940919876099, 15.069031953811646, 15.060292959213257, 15.051351070404053, 15.067573070526123, 15.044146060943604, 15.063716650009155, 15.043715953826904, 15.068281888961792, 15.04561710357666, 15.062098026275635, 15.04716181755066, 15.100378274917603, 15.05083703994751, 15.055500984191895, 15.05732798576355, 15.04793906211853, 15.067105054855347, 15.04398798942566, 15.067336320877075, 15.079947710037231, 15.093973159790039, 15.456918001174927, 15.078196048736572, 15.052597999572754, 15.061766862869263, 15.049118995666504, 15.064320087432861, 15.048644781112671, 15.058382987976074, 15.627096891403198, 15.066135168075562, 15.04950499534607, 15.097450017929077, 15.047765016555786, 15.063297033309937, 15.048979997634888, 15.112884998321533, 15.049147129058838, 15.065760135650635, 15.07482123374939, 15.058372974395752, 15.04596996307373, 15.071380853652954, 15.048703908920288, 15.065386056900024, 15.049510955810547, 15.060542106628418, 15.043454885482788, 1001.2781250476837, 15.06019401550293, 14.861600875854492, 703.5759038925171, 14.880685091018677, 14.989580154418945, 959.36661028862, 14.939007997512817, 14.992525815963745, 14.811021089553833, 14.870107889175415, 14.883686304092407, 14.930253028869629, 14.915509939193726, 14.905934810638428, 14.934335947036743, 14.910506963729858, 14.935583114624023, 14.989640951156616, 14.956992149353027, 14.909673929214478, 15.564380884170532, 14.997519969940186, 14.963528871536255, 14.99775218963623, 14.986642122268677, 14.982152938842773, 15.024185180664062, 15.005345106124878, 15.01475977897644, 14.997619867324829, 15.031484842300415, 15.00719404220581, 15.034682750701904, 15.014007091522217, 15.037421941757202, 15.029781103134155, 15.079417943954468, 15.034632921218872, 15.041790008544922, 15.034847021102905, 15.056875228881836, 15.044735193252563, 15.039138793945312, 15.043926000595093, 15.050069808959961, 15.048095941543579, 15.034932136535645, 15.096561908721924, 15.061495780944824, 15.066876888275146, 15.044783115386963, 15.058730125427246, 15.04080319404602, 15.064637184143066, 15.040684700012207, 15.064296960830688, 15.077085018157959, 15.109929084777832, 15.045799255371094, 15.596394062042236, 15.037307977676392, 15.05312705039978, 15.038784980773926, 15.057069063186646, 15.045270919799805, 15.06185507774353, 15.040650129318237, 15.04767894744873, 15.085691928863525, 15.057536840438843, 15.049224853515625, 15.055857181549072, 15.04133677482605, 15.055057764053345, 15.045055866241455, 15.055652141571045, 15.076375007629395, 15.055335998535156, 15.04836893081665, 15.051302194595337, 15.04978084564209, 15.061749935150146, 15.047018051147461, 15.054936170578003, 15.048310041427612, 15.051583051681519, 15.04988694190979, 15.04952096939087, 15.09223198890686, 15.063398838043213, 15.06912088394165, 15.055020093917847, 15.057822942733765, 15.05780577659607, 15.050970315933228, 15.055141925811768, 15.083765983581543, 15.058430910110474, 15.044965267181396, 15.593096017837524, 15.051340103149414, 15.05976390838623, 15.041141033172607, 15.059291362762451, 15.045301914215088, 15.057541847229004, 15.04459810256958, 15.069385051727295, 15.047444105148315, 15.120244026184082, 15.042467832565308, 15.060542821884155, 15.0419340133667, 15.074550867080688, 15.045217990875244, 15.058572053909302, 15.073990106582642, 15.067219972610474, 15.047616958618164, 15.058784008026123, 15.047976016998291, 15.063361167907715, 15.043876886367798, 15.055253028869629, 15.043516159057617, 15.06673812866211, 15.043787717819214, 15.06156301498413, 15.051836967468262, 15.097779750823975, 15.060486793518066, 15.058836936950684, 15.046073198318481, 15.058204889297485, 15.044450759887695, 15.186845302581787, 15.096144914627075, 15.061604976654053, 15.052115201950073, 15.626373291015625, 15.112735986709595, 15.061619997024536, 15.048452138900757, 15.055320024490356, 15.05064082145691, 15.118196964263916, 15.049558877944946, 15.058215141296387, 15.050877809524536, 15.061540842056274, 15.085164070129395, 15.056845903396606, 15.048726081848145, 15.0586519241333, 15.049534320831299, 15.061089038848877, 15.079650163650513, 15.066717147827148, 15.053411722183228, 15.054068088531494, 15.050448179244995, 15.061053991317749, 15.045936107635498, 15.053067922592163, 15.048447132110596, 15.065997123718262, 15.051488876342773, 15.052120923995972, 15.051933765411377, 15.06603193283081, 15.100882053375244, 15.063991069793701, 15.04667592048645, 15.064428091049194, 15.041120767593384, 15.059030055999756, 15.085355997085571, 15.065148830413818, 15.046351194381714, 15.597579956054688, 15.045679092407227, 15.067025899887085, 15.043884038925171, 15.069862842559814, 15.053797960281372, 15.059014797210693, 15.041038990020752, 15.057447910308838, 15.04255199432373, 15.069309949874878, 15.043663263320923, 15.10869288444519, 15.044523000717163, 15.068732976913452, 15.045968770980835, 15.074808120727539, 15.069820880889893, 15.06488585472107, 15.044915914535522, 15.0658597946167, 15.04317307472229, 7.287079811096191]}